"source","term_name","term_id","highlighted","adjusted_p_value","negative_log10_of_adjusted_p_value","term_size","query_size","intersection_size","effective_domain_size","intersections"
"GO:MF","structural constituent of chromatin","GO:0030527","true","5.099454802788062e-13","12.292476253078034","51","772","23","16535","H2BC8,H4C8,H2AC19,H4C5,H2BC21,H2AC6,H2BC11,H2AC20,H3C4,H3C10,H2AC15,H2BC12L,H2BC5,H2BC12,H1-2,H4C16,H3C6,H2BC17,H2AC8,H2BC15,H4C15,H4C14,H2BC18"
"GO:MF","signaling receptor regulator activity","GO:0030545","true","1.2841487582227461e-11","10.891384663858165","293","772","51","16535","CCL11,C3,CCL5,IL1B,WNT7B,TNFSF18,IL1A,AREG,DLL4,EBI3,CCL7,EREG,BTC,CSF2,CXCL6,IL34,TGFB2,CSF3,IL32,DPP4,PDGFD,IGF1,CXCL1,F2RL2,TMEM35A,IGFBP2,SEMA6A,CCL2,IGFBP5,IL12A,SEMA6D,JAG2,ICOSLG,TG,CXCL3,WNT9A,GDF15,CXCL2,DKK2,SEMA3D,CXCL8,BMP2,TNFSF9,EGF,CXCL5,STC1,LYPD6B,CLU,OSGIN1,HGF,BMP4"
"GO:MF","receptor ligand activity","GO:0048018","false","5.92705529880835e-11","10.227161020819816","262","772","47","16535","CCL11,C3,CCL5,IL1B,WNT7B,TNFSF18,IL1A,AREG,DLL4,EBI3,CCL7,EREG,BTC,CSF2,CXCL6,IL34,TGFB2,CSF3,IL32,DPP4,PDGFD,IGF1,CXCL1,F2RL2,SEMA6A,CCL2,IGFBP5,IL12A,SEMA6D,JAG2,ICOSLG,TG,CXCL3,WNT9A,GDF15,CXCL2,SEMA3D,CXCL8,BMP2,TNFSF9,EGF,CXCL5,STC1,CLU,OSGIN1,HGF,BMP4"
"GO:MF","signaling receptor activator activity","GO:0030546","false","1.6947518595731923e-10","9.770893880886918","269","772","47","16535","CCL11,C3,CCL5,IL1B,WNT7B,TNFSF18,IL1A,AREG,DLL4,EBI3,CCL7,EREG,BTC,CSF2,CXCL6,IL34,TGFB2,CSF3,IL32,DPP4,PDGFD,IGF1,CXCL1,F2RL2,SEMA6A,CCL2,IGFBP5,IL12A,SEMA6D,JAG2,ICOSLG,TG,CXCL3,WNT9A,GDF15,CXCL2,SEMA3D,CXCL8,BMP2,TNFSF9,EGF,CXCL5,STC1,CLU,OSGIN1,HGF,BMP4"
"GO:MF","cytokine activity","GO:0005125","false","1.3232080335895676e-8","7.878371871052542","106","772","27","16535","CCL11,CCL5,IL1B,WNT7B,TNFSF18,IL1A,AREG,EBI3,CCL7,CSF2,CXCL6,IL34,TGFB2,CSF3,IL32,CXCL1,CCL2,IL12A,CXCL3,WNT9A,GDF15,CXCL2,CXCL8,BMP2,TNFSF9,CXCL5,BMP4"
"GO:MF","signaling receptor binding","GO:0005102","false","2.9275375355267703e-8","7.533497527897736","883","772","91","16535","CCL11,C3,CCL5,PTPRZ1,LCP1,CD36,IL1B,WNT7B,TNFSF18,IL1A,AREG,CX3CR1,DLL4,EBI3,SAA1,CCL7,EREG,BTC,CSF2,SYT1,GNA14,CXCL6,IL34,TGFB2,PCSK1N,COL4A3,CSF3,DPP4,TLR2,GPRC5B,ITGB4,TCIM,PDGFD,RARRES2,IGF1,SOCS1,CXCL1,VAV3,SHC2,PIK3IP1,HAP1,IGFBP2,BEX2,SEMA6A,CCL2,F11R,IL12A,SEMA6D,JAG2,HLA-B,ICOSLG,ADORA1,BANK1,A2M,CXCL3,F2RL1,OPRD1,ARRB1,CADM4,ADAMTS5,CNIH3,DLK2,WNT9A,SRPX2,ICAM1,FBLN1,ABCA1,TRBV12-3,ADAM8,CXCL2,SEMA3D,CXCL8,BMP2,TNFSF9,JAM2,ADORA2A,EGF,DOCK4,CXCL5,HLA-F,EGFL7,ICAM2,ISG15,PRNP,MAP7,CLU,BDKRB2,LAMA3,SHC3,HGF,BMP4"
"GO:MF","chemokine activity","GO:0008009","false","0.000014417418116924082","4.841112506465983","16","772","10","16535","CCL11,CCL5,CCL7,CXCL6,CXCL1,CCL2,CXCL3,CXCL2,CXCL8,CXCL5"
"GO:MF","molecular transducer activity","GO:0060089","false","0.00011534797056332486","3.9379900420696567","566","772","60","16535","VIPR1,PTPRZ1,NPBWR1,CD36,CX3CR1,EBI3,STRA6,LPAR3,NFAM1,ACVR1C,TLR2,GPRC5B,TNFRSF10C,CTSH,L1CAM,F2RL2,ROBO2,LEPR,PDGFRL,CD7,MRGPRE,ADGRB2,CELSR1,ADORA1,GPRC5C,F2RL1,OPRD1,IFIH1,PRLR,ACKR4,RTN4RL1,ICAM1,SCARB1,PRTG,HTR2B,ABCA1,ABCA7,ZNF219,ADORA2A,PTPRO,LTK,GPR37,ADGRA3,PTPRK,PTPRR,FOLR3,GLRB,P2RX5,SLC20A2,PRNP,P2RX6,RIGI,CSF2RB,BDKRB2,SORL1,RARB,THRB,GPRC5A,ABCC9,PLA2R1"
"GO:MF","signaling receptor activity","GO:0038023","true","0.00011534797056332486","3.9379900420696567","566","772","60","16535","VIPR1,PTPRZ1,NPBWR1,CD36,CX3CR1,EBI3,STRA6,LPAR3,NFAM1,ACVR1C,TLR2,GPRC5B,TNFRSF10C,CTSH,L1CAM,F2RL2,ROBO2,LEPR,PDGFRL,CD7,MRGPRE,ADGRB2,CELSR1,ADORA1,GPRC5C,F2RL1,OPRD1,IFIH1,PRLR,ACKR4,RTN4RL1,ICAM1,SCARB1,PRTG,HTR2B,ABCA1,ABCA7,ZNF219,ADORA2A,PTPRO,LTK,GPR37,ADGRA3,PTPRK,PTPRR,FOLR3,GLRB,P2RX5,SLC20A2,PRNP,P2RX6,RIGI,CSF2RB,BDKRB2,SORL1,RARB,THRB,GPRC5A,ABCC9,PLA2R1"
"GO:MF","molecular function activator activity","GO:0140677","false","0.00017438266156482216","3.7584966980792207","837","772","78","16535","CCL11,C3,CCL5,IL1B,WNT7B,TNFSF18,IL1A,AREG,DLL4,EBI3,CCL7,EREG,BTC,CSF2,CXCL6,IL34,TGFB2,ELMOD1,CSF3,IL32,DPP4,GPRC5B,RGCC,CCND2,PDGFD,IGF1,LOC105378858,CXCL1,VAV3,CTSH,F2RL2,MAP3K9,SEMA6A,CCL2,GM2A,IGFBP5,IL12A,SEMA6D,JAG2,LLGL2,ICOSLG,TG,CXCL3,GPRC5C,RAP1GAP,ARRB1,FAM47E,TBC1D10C,ALS2CL,WNT9A,RGS16,PREX2,GDF15,FBLN1,HTR2B,MMP15,CXCL2,SEMA3D,CXCL8,BMP2,TNFSF9,EGF,CASP1,DOCK4,CXCL5,LTK,STC1,PRNP,CLU,MGST2,DNAJB4,RGS17,OSGIN1,ADAP1,HGF,BMP4,GPRC5A,ABCC9"
"GO:MF","chemokine receptor binding","GO:0042379","false","0.0004346864007816142","3.361823946553787","26","772","11","16535","CCL11,CCL5,CX3CR1,CCL7,CXCL6,CXCL1,CCL2,CXCL3,CXCL2,CXCL8,CXCL5"
"GO:MF","molecular function regulator activity","GO:0098772","false","0.0010812465989021955","2.9660752456129855","1628","772","124","16535","CCL11,PI3,C3,CCL5,IL1B,WNT7B,TNFSF18,IL1A,AREG,SNCA,DLL4,EBI3,CCL7,EREG,SCN3B,BTC,CSF2,SYT1,KCNB2,RASGRF2,CXCL6,IL34,TGFB2,ELMOD1,PCSK1N,COL4A3,CSF3,IL32,DPP4,BST2,KCNMB4,GPRC5B,CABP5,RAB27B,RGCC,CCND2,SPINT1,PIK3R3,PDGFD,KCNB1,IGF1,SOCS1,LOC105378858,CXCL1,VAV3,CTSH,F2RL2,TMEM35A,PIK3IP1,MAP3K9,ANOS1,IGFBP2,BEX2,RCAN2,RRAD,SEMA6A,CCL2,GM2A,IGFBP5,BRSK2,TSPAN13,IL12A,DOCK8,SEMA6D,JAG2,LLGL2,ICOSLG,A2M,TG,CXCL3,GPRC5C,KALRN,SLC5A3,RAP1GAP,ARRB1,FAM47E,PZP,ANXA3,TBC1D10C,ALS2CL,WNT9A,ITIH5,RGS16,PREX2,GDF15,FBLN1,HTR2B,MMP15,CXCL2,DKK2,SEMA3D,NOX4,AMIGO1,CXCL8,BMP2,TNFSF9,EGF,RARRES1,CASP1,DOCK4,CXCL5,LTK,DENND2A,SERPINB10,FRY,RAB3IP,STC1,PRNP,LYPD6B,CAMK2N2,CLU,MGST2,SORL1,DNAJB4,RGS17,OSGIN1,ADAP1,CDKN2B,HGF,PTPN3,SCN4B,BMP4,GPRC5A,ABCC9"
"GO:MF","transmembrane signaling receptor activity","GO:0004888","false","0.0014695566202866512","2.8328136764138656","422","772","47","16535","VIPR1,PTPRZ1,NPBWR1,CX3CR1,EBI3,LPAR3,NFAM1,ACVR1C,TLR2,GPRC5B,TNFRSF10C,CTSH,L1CAM,F2RL2,ROBO2,LEPR,PDGFRL,CD7,MRGPRE,ADGRB2,CELSR1,ADORA1,GPRC5C,F2RL1,OPRD1,PRLR,ACKR4,ICAM1,HTR2B,ABCA1,ABCA7,ZNF219,ADORA2A,PTPRO,LTK,GPR37,ADGRA3,PTPRK,PTPRR,GLRB,P2RX5,P2RX6,CSF2RB,BDKRB2,SORL1,GPRC5A,ABCC9"
"GO:MF","gated channel activity","GO:0022836","true","0.003120751854494819","2.505740762737446","156","772","25","16535","CLCA2,KCNJ6,KCNB2,KCNN2,TMC1,KCNMB4,KCNB1,KCNJ15,MCOLN3,SNAP25,SCN1A,MCOLN2,TPCN1,CACNA1H,CACNA2D3,ANO4,KCNA3,ITPR2,GLRB,KCNQ3,P2RX5,P2RX6,SHROOM2,NALF1,ABCC9"
"GO:MF","calcium ion binding","GO:0005509","true","0.006361754458641692","2.196423097145486","471","772","49","16535","CLSTN2,LCP1,SNCA,DLL4,SYT1,CDH8,PCDHA12,ASPN,RHBDL3,CDH13,PADI2,CABP5,PKD1L2,PCDHA4,ALPL,MMP12,PLA2G4C,PCDHB8,PADI1,MGP,TPD52,JAG2,GALNT3,MCTP1,CELSR1,PCDH8,PRRG4,UNC13A,PCDHB14,ANXA3,PCDHB13,DLK2,PCDHB5,FBLN1,ADAM8,FER1L5,GNPTAB,SULF2,AGRN,EGF,EGFL7,PCDH1,ITPR2,PAM,EFCAB5,CDH2,LOXL2,EPDR1,PCDHB6"
"GO:MF","cytokine receptor binding","GO:0005126","false","0.006706184515891305","2.1735245014394105","151","772","24","16535","CCL11,CCL5,IL1B,TNFSF18,IL1A,CX3CR1,EBI3,CCL7,CSF2,CXCL6,IL34,TGFB2,CSF3,SOCS1,CXCL1,CCL2,IL12A,CXCL3,CADM4,ADAM8,CXCL2,CXCL8,TNFSF9,CXCL5"
"GO:MF","monoatomic ion channel activity","GO:0005216","false","0.011106320671601323","1.9544297913445945","250","772","32","16535","SCN3B,CLCA2,KCNJ6,KCNB2,KCNN2,TMC1,KCNMB4,PKD1L2,KCNB1,KCNJ15,MCOLN3,SNAP25,SCN1A,MCOLN2,CLIC2,TPCN1,CACNA1H,CACNA2D3,ANO4,SLC4A11,ANO3,KCNA3,SLC9C1,ITPR2,GLRB,KCNQ3,P2RX5,P2RX6,SHROOM2,SCN4B,NALF1,ABCC9"
"GO:MF","transmembrane transporter activity","GO:0022857","false","0.011730080108226999","1.930699021947374","750","772","67","16535","CD36,ABCB1,SLC7A14,SCN3B,CLCA2,KCNJ6,ABCG1,KCNB2,SLC16A6,STRA6,POU2F2,FABP2,SLC8A3,KCNN2,SLC38A11,NIPAL1,TMC1,KCNMB4,SLC39A8,PKD1L2,GJA5,KCNB1,KCNJ15,MCOLN3,SNAP25,ABCC6,SLC7A4,SCN1A,MCOLN2,SLCO4A1,ATP1A3,SLC15A3,CLIC2,ABCA3,ABCA9,SLC5A3,TPCN1,CACNA1H,CACNA2D3,SLC22A4,GJA3,ABCA1,ANO4,TMEM144,SLC7A7,ABCA7,SLC47A1,SLC4A11,SLC43A2,ANO3,KCNA3,SLC2A5,SLC9C1,ITPR2,GLRB,SLC29A2,KCNQ3,ABCA10,P2RX5,SLC20A2,P2RX6,SLC28A3,SHROOM2,SCN4B,SLC52A1,NALF1,ABCC9"
"GO:MF","passive transmembrane transporter activity","GO:0022803","false","0.01285036725242191","1.8910844603932973","277","772","34","16535","SCN3B,CLCA2,KCNJ6,KCNB2,KCNN2,TMC1,KCNMB4,PKD1L2,GJA5,KCNB1,KCNJ15,MCOLN3,SNAP25,SCN1A,MCOLN2,CLIC2,TPCN1,CACNA1H,CACNA2D3,GJA3,ANO4,SLC4A11,ANO3,KCNA3,SLC9C1,ITPR2,GLRB,KCNQ3,P2RX5,P2RX6,SHROOM2,SCN4B,NALF1,ABCC9"
"GO:MF","channel activity","GO:0015267","false","0.01285036725242191","1.8910844603932973","277","772","34","16535","SCN3B,CLCA2,KCNJ6,KCNB2,KCNN2,TMC1,KCNMB4,PKD1L2,GJA5,KCNB1,KCNJ15,MCOLN3,SNAP25,SCN1A,MCOLN2,CLIC2,TPCN1,CACNA1H,CACNA2D3,GJA3,ANO4,SLC4A11,ANO3,KCNA3,SLC9C1,ITPR2,GLRB,KCNQ3,P2RX5,P2RX6,SHROOM2,SCN4B,NALF1,ABCC9"
"GO:MF","growth factor activity","GO:0008083","false","0.02374141354990007","1.6244934269717561","97","772","18","16535","AREG,EREG,BTC,CSF2,IL34,TGFB2,CSF3,PDGFD,IGF1,CXCL1,IL12A,JAG2,GDF15,BMP2,EGF,OSGIN1,HGF,BMP4"
"GO:MF","metal ion transmembrane transporter activity","GO:0046873","true","0.04158737094150558","1.3810385338713371","265","772","32","16535","SCN3B,KCNJ6,KCNB2,SLC8A3,KCNN2,NIPAL1,TMC1,KCNMB4,SLC39A8,PKD1L2,KCNB1,KCNJ15,MCOLN3,SNAP25,SCN1A,MCOLN2,ATP1A3,SLC5A3,TPCN1,CACNA1H,CACNA2D3,SLC4A11,KCNA3,SLC9C1,ITPR2,KCNQ3,SLC20A2,SLC28A3,SHROOM2,SCN4B,NALF1,ABCC9"
"GO:MF","transporter activity","GO:0005215","false","0.04877937314230828","1.3117637850511057","844","772","71","16535","CD36,ABCB1,SLC7A14,APOD,SCN3B,CLCA2,KCNJ6,ABCG1,KCNB2,SLC16A6,STRA6,POU2F2,FABP2,SLC8A3,KCNN2,SLC38A11,NIPAL1,TMC1,KCNMB4,SLC39A8,PKD1L2,GJA5,KCNB1,KCNJ15,MCOLN3,SNAP25,ABCC6,SLC7A4,GM2A,SCN1A,MCOLN2,SLCO4A1,ATP1A3,SLC15A3,CLIC2,ABCA3,ABCA9,SLC5A3,TPCN1,CACNA1H,CACNA2D3,SLC22A4,GJA3,ABCA1,ANO4,TMEM144,SLC7A7,ABCA7,SLC47A1,SLC4A11,SLC43A2,ANO3,KCNA3,RHBDF2,SLC2A5,SLC9C1,ITPR2,GLRB,SLC29A2,KCNQ3,ABCA10,P2RX5,SLC20A2,P2RX6,SORL1,SLC28A3,SHROOM2,SCN4B,SLC52A1,NALF1,ABCC9"
"GO:BP","multicellular organismal process","GO:0032501","true","4.3232177374943697e-17","16.364192890811253","4908","772","352","16535","CLSTN2,CCL11,PI3,C3,CCL5,CLDN1,PTPRZ1,OAS1,ELF3,LCP1,SFRP4,CD36,IL1B,CDX1,WNT7B,TNFSF18,IL1A,SH3GL2,INPP5D,AREG,CX3CR1,SNCA,ABCB1,DLL4,EBI3,SAA1,APOD,CYP7B1,HSD17B2,EREG,SCN3B,BTC,CNTN1,CSF2,ACP3,TACSTD2,OAS2,CYP26B1,ABCG1,SYT1,KCNB2,BRINP2,PRXL2A,RETREG1,ASTN1,LRRN3,CXCL6,IL34,STRA6,SLITRK6,POU2F2,SOD2,TGFB2,LPAR3,PCDHA12,NFAM1,FOSB,PPARGC1B,PCSK1N,FOXE1,FABP2,SLC8A3,HOXC13,ASPN,ACVR1C,KCNN2,LCE2A,COL4A3,CSF3,TXK,IVL,TMEM229B,IL32,CDH13,H4C8,DPP4,TMC1,TTC9,BST2,LHX9,PADI2,COL8A1,TNFRSF21,OCLN,KCNMB4,TLR2,RSAD2,SYPL2,GPRC5B,ITGB4,COL4A4,BFSP1,RGCC,SDK2,TCIM,CCND2,SLC39A8,SPINT1,KRTAP4-8,PLPPR4,AKR1B1,FMO2,KRT12,PIK3R3,PDGFD,GCNT2,PAPPA,GJA5,KCNB1,RARRES2,AKAP6,IGF1,LIPG,H4C5,SOCS1,CXCL1,VAV3,CTSH,PCDHA4,RUNX3,L1CAM,GAD1,F2RL2,MCOLN3,ALPL,SNAP25,ANOS1,HAP1,IGFBP2,ROBO2,RFLNA,LRRN1,LEPR,DUSP4,MMP12,SCAMP5,ABCC6,DNAI3,CD7,MARK1,CYFIP2,BTG2,SEMA6A,PLA2G4C,CCL2,F11R,PCDHB8,ODAD2,GM2A,TMEM178A,SCN1A,IGFBP5,ADGRB2,BRSK2,MCOLN2,PTPRQ,KRT17,IL12A,CRYBB3,MGP,DOCK8,FMO4,PCSK5,MAPT,TPD52,SEMA6D,JAG2,DIO2,HLA-B,PGAM2,CYGB,TGM1,TENT5C,DTX4,GALNT3,CELSR1,ATP1A3,H2BC12L,ICOSLG,CES3,ADORA1,SGIP1,BANK1,PLAAT4,PCDH8,CLIC2,PLEKHA7,ABCA3,DNAH5,PRRG4,C1QTNF1,B4GALT6,SOX8,DUSP6,TG,H4C16,PARD6B,MACROD2,ENPP4,ADAMTS12,ALDH5A1,F2RL1,KALRN,SLC5A3,OPRD1,UNC13A,IFIH1,ARRB1,PRLR,INA,PCDHB14,SGCD,RAB6B,ADAMTS5,DRGX,CACNA1H,FOS,RTN4RL1,VSIG1,PZP,DLX1,ANXA3,CHD7,CTSK,PCDHB13,DTNA,RELB,TBC1D10C,WNT9A,PLCG2,RGS16,PREX2,AFP,SPTBN2,FOXF1,SRPX2,ICAM1,SCARB1,TEC,SEZ6L2,TANC1,PRTG,PCDHB5,ISL1,GDF15,ZBTB46,PRAG1,FBLN1,GJA3,HTR2B,ABCA1,MAPK8IP2,NDRG2,IGSF3,ADAM21,MMP15,ADAM8,MYOZ2,DKK2,CAMK1D,PRDM1,SEMA3D,NOX4,NTN1,AMIGO1,ABCA7,CXCL8,GPR155,BMP2,MAP7D2,SULF2,ZNF219,EMB,SULT4A1,AGRN,TNFSF9,JAM2,PLAAT3,SPON2,ADORA2A,EGF,PTPRO,PLAC8,BATF2,POPDC2,CASP1,DOCK4,DGAT2,LTK,HLA-F,GPR37,MAFB,IRF5,EGFL7,PTPRK,NTN4,SLC2A5,PCDH1,PTPRR,H4C15,H4C14,TFAP2C,MSI2,SMPD3,GLRB,SLC29A2,NMNAT2,KCNQ3,USP53,SOX6,PPARGC1A,FRY,ROBO3,RAB26,RDH10,P2RX5,LZTS3,SLC20A2,ISG15,SPI1,STC1,PRNP,ANKFN1,P2RX6,RIGI,CDH2,CLU,CSF2RB,BDKRB2,SORL1,LOXL2,PIK3CD,PRCD,ENTPD7,RRM2B,SHROOM2,LAMA3,CDKN2B,CFAP70,SHC3,HGF,USP44,PCDHB6,SCN4B,BMP4,RARB,THRB,APBA2,HOXA13,ARRDC4,ABCC9,PLA2R1"
"GO:BP","response to external stimulus","GO:0009605","false","3.7615023007835705e-15","14.424638668201485","1595","772","156","16535","CCL11,PI3,C3,CCL5,CLDN1,OAS1,CD36,IL1B,WNT7B,TNFSF18,IL1A,INPP5D,CX3CR1,SNCA,SAA1,CCL7,CYP7B1,EREG,CSF2,OAS2,CXCL6,IL34,STRA6,SLITRK6,POU2F2,SOD2,TGFB2,FOSB,H2BC8,MX1,CSF3,HERC5,TXK,TMEM229B,CDH13,DPP4,TMC1,CTSS,BST2,PADI2,TLR2,RSAD2,GPRC5B,IFI6,SLC39A8,CFI,PKD1L2,PDGFD,RARRES2,IGF1,CXCL1,H2BC21,VAV3,MTUS1,L1CAM,IFI27,ALPL,ANOS1,IGFBP2,ROBO2,MMP12,H2BC11,BTG2,SEMA6A,CCL2,F11R,CMPK2,IFI44L,SCN1A,MCOLN2,PTPRQ,IL12A,SEMA6D,DIO2,HLA-B,DTX4,C15ORF48,H2BC12L,ADORA1,BANK1,SLC15A3,H2BC12,A2M,C1QTNF1,PLD1,GGT1,CXCL3,MACROD2,ENPP4,ADAMTS12,HERC6,F2RL1,TRIM29,IFIH1,PRLR,ACKR4,ADAMTS5,DRGX,FOS,RTN4RL1,OASL,ANXA3,CHD7,RELB,PLCG2,C8G,FOXF1,CFH,SCARB1,ISL1,ABCA1,ADAM8,CXCL2,CAMK1D,PRDM1,SEMA3D,NTN1,CXCL8,BMP2,MIR224,ANO3,RHBDF2,PLAAT3,SPON2,ADORA2A,PTPRO,PLAC8,BATF2,CASP1,DOCK4,IFI44,CXCL5,HLA-F,IRF5,KMO,GLRB,KCNQ3,USP53,ROBO3,P2RX5,MX2,ISG15,SPI1,RIGI,CDH2,CLU,CSF2RB,MGST2,PIK3CD,CDA,SHROOM2,HGF,USP44,BMP4,GRK4,ABCC9"
"GO:BP","regulation of multicellular organismal process","GO:0051239","false","1.0245821869980809e-14","13.989453198875145","2116","772","188","16535","CLSTN2,CCL11,C3,CCL5,PTPRZ1,OAS1,SFRP4,CD36,IL1B,CDX1,TNFSF18,IL1A,INPP5D,CX3CR1,SNCA,DLL4,EBI3,SAA1,APOD,EREG,SCN3B,CSF2,ACP3,TACSTD2,OAS2,CYP26B1,KCNB2,PRXL2A,LRRN3,CXCL6,IL34,STRA6,SLITRK6,POU2F2,TGFB2,LPAR3,NFAM1,PPARGC1B,SLC8A3,ASPN,ACVR1C,KCNN2,COL4A3,CSF3,TXK,IL32,H4C8,DPP4,BST2,TNFRSF21,KCNMB4,TLR2,RSAD2,GPRC5B,RGCC,TCIM,SPINT1,GCNT2,GJA5,AKAP6,IGF1,LIPG,H4C5,SOCS1,VAV3,CTSH,RUNX3,L1CAM,ALPL,HAP1,IGFBP2,ROBO2,RFLNA,LRRN1,LEPR,MMP12,SCAMP5,CD7,MARK1,BTG2,SEMA6A,CCL2,F11R,TMEM178A,IGFBP5,ADGRB2,MCOLN2,KRT17,IL12A,MGP,DOCK8,MAPT,SEMA6D,DIO2,HLA-B,CYGB,DTX4,ATP1A3,ICOSLG,ADORA1,SGIP1,BANK1,PLAAT4,CLIC2,C1QTNF1,SOX8,DUSP6,TG,H4C16,ENPP4,ADAMTS12,F2RL1,KALRN,IFIH1,ARRB1,PRLR,ADAMTS5,CACNA1H,FOS,DLX1,ANXA3,CHD7,CTSK,RELB,TBC1D10C,WNT9A,PLCG2,SRPX2,TEC,PRTG,ISL1,GDF15,ZBTB46,FBLN1,HTR2B,ABCA1,NDRG2,ADAM8,PRDM1,NTN1,AMIGO1,ABCA7,CXCL8,BMP2,SULF2,ZNF219,AGRN,TNFSF9,JAM2,SPON2,ADORA2A,EGF,PTPRO,PLAC8,POPDC2,CASP1,DOCK4,HLA-F,MAFB,IRF5,NTN4,PTPRR,H4C15,H4C14,SMPD3,SOX6,PPARGC1A,P2RX5,SLC20A2,ISG15,SPI1,STC1,PRNP,RIGI,CLU,BDKRB2,SORL1,LOXL2,PIK3CD,LAMA3,HGF,SCN4B,BMP4,RARB,THRB,ARRDC4,ABCC9,PLA2R1"
"GO:BP","humoral immune response","GO:0006959","false","3.005611645593998e-11","10.522067135216627","99","772","29","16535","CCL11,PI3,C3,CCL5,IL1B,EBI3,CCL7,CXCL6,POU2F2,H2BC8,TNFRSF21,RGCC,CFI,RARRES2,H2BC21,H2BC11,CCL2,H2BC12L,H2BC12,A2M,CFHR3,C8G,CFHR1,CFH,CXCL8,SPON2,CXCL5,ST6GAL1,CLU"
"GO:BP","immune system process","GO:0002376","false","4.948975587114119e-10","9.3054846885222","1796","772","155","16535","CCL11,PI3,C3,CCL5,CLDN1,OAS1,LCP1,CD36,IL1B,TNFSF18,IL1A,INPP5D,CX3CR1,SNCA,DLL4,EBI3,SAA1,CCL7,APOD,CYP7B1,EREG,CSF2,OAS2,CYP26B1,PRXL2A,CXCL6,IL34,POU2F2,TGFB2,NFAM1,PPARGC1B,FOXE1,H2BC8,MX1,CSF3,HERC5,TXK,TMEM229B,IL32,H4C8,DPP4,CTSS,BST2,PADI2,TNFRSF21,TLR2,RSAD2,GPRC5B,RGCC,TCIM,IFI6,CFI,PIK3R3,PDGFD,PODXL2,RARRES2,IGF1,H4C5,SOCS1,CXCL1,H2BC21,VAV3,CTSH,RUNX3,MTUS1,IFI27,IGFBP2,LEPR,MMP12,CD7,H2BC11,CCL2,F11R,IFI44L,TMEM178A,MCOLN2,IL12A,DOCK8,MAPT,TPD52,SEMA6D,JAG2,HLA-B,DTX4,H2BC12L,ICOSLG,ADORA1,BANK1,SLC15A3,H2BC12,A2M,GGT1,CXCL3,H4C16,CFHR3,F2RL1,TRIM29,OPRD1,CTSF,IFIH1,RAP1GAP,PRLR,ACKR4,FOS,OASL,ANXA3,CHD7,RELB,TBC1D10C,PLCG2,C8G,CFHR1,AFP,FOXF1,CFH,ICAM1,TEC,GDF15,ZBTB46,TRBV12-3,ADAM8,TRBV12-4,CXCL2,CAMK1D,PRDM1,CXCL8,TNFSF9,JAM2,RHBDF2,SPON2,ADORA2A,PTPRO,BATF2,CASP1,IFI44,CXCL5,HLA-F,MAFB,IRF5,H4C15,H4C14,SMPD3,ST6GAL1,MX2,ISG15,SPI1,PRNP,RIGI,CLU,CSF2RB,PIK3CD,ENTPD7,CDKN2B,USP44,BMP4"
"GO:BP","response to bacterium","GO:0009617","false","2.793310443218567e-9","8.553880794952606","391","772","56","16535","PI3,C3,CLDN1,OAS1,CD36,IL1B,IL1A,CX3CR1,SNCA,CSF2,OAS2,CXCL6,SOD2,H2BC8,CSF3,TMEM229B,TLR2,RARRES2,H2BC21,ALPL,H2BC11,CCL2,CMPK2,IL12A,DIO2,HLA-B,C15ORF48,H2BC12L,BANK1,H2BC12,MACROD2,HERC6,F2RL1,PRLR,ADAMTS5,FOS,ANXA3,CHD7,PLCG2,SCARB1,ABCA1,CXCL2,CXCL8,BMP2,MIR224,PLAAT3,SPON2,PLAC8,CASP1,IFI44,CXCL5,IRF5,KMO,ISG15,CSF2RB,MGST2"
"GO:BP","response to stimulus","GO:0050896","false","4.0007372635429395e-8","7.3978599686760305","6115","772","380","16535","VIPR1,CCL11,PI3,C3,CCL5,CLDN1,PTPRZ1,SAA2,OAS1,ELF3,LCP1,SFRP4,SAA2-SAA4,NPBWR1,CD36,IL1B,WNT7B,TNFSF18,IL1A,SH3GL2,INPP5D,GUCY1A2,AREG,CX3CR1,SNCA,ABCB1,PDE11A,DLL4,EBI3,SAA1,CCL7,APOD,CYP7B1,HSD17B2,EREG,BTC,CNTN1,CSF2,ACP3,OAS2,CYP26B1,ABCG1,SYT1,BRINP2,PRXL2A,HRK,RASGRF2,GNA14,ERP27,CXCL6,CDH8,IL34,STRA6,SLITRK6,POU2F2,SOD2,TGFB2,LPAR3,NFAM1,FOSB,PPARGC1B,PCSK1N,SLC8A3,ASPN,ACVR1C,H2BC8,MX1,COL4A3,CSF3,HERC5,TXK,IVL,SOD3,TMEM229B,IL32,CDH13,DPP4,TMC1,RGS7BP,CTSS,BST2,PADI2,TNFRSF21,OCLN,KCNMB4,TLR2,RSAD2,GPRC5B,NRK,CABP5,ITGB4,RGCC,TCIM,IFI6,CCND2,SLC39A8,SPINT1,CFI,PLPPR4,AKR1B1,FMO2,PKD1L2,PIK3R3,PDGFD,GCNT2,PAPPA,KCNB1,RARRES2,TNFRSF10C,AKAP6,IGF1,LIPG,SOCS1,LOC105378858,CXCL1,H2BC21,VAV3,CTSH,RUNX3,MTUS1,L1CAM,PPM1H,SHC2,F2RL2,IFI27,MCOLN3,ALPL,PIK3IP1,MAP3K9,ANOS1,HAP1,IGFBP2,ROBO2,MYZAP,FBP1,BEX2,RCAN2,RRAD,LEPR,DUSP4,MMP12,SCAMP5,ABCC6,PDGFRL,CD7,FMOD,MARK1,CYFIP2,H2BC11,BTG2,SEMA6A,PLA2G4C,CCL2,F11R,CMPK2,IFI44L,MRGPRE,SCN1A,IGFBP5,ADGRB2,BRSK2,MCOLN2,PTPRQ,MAP3K21,IL12A,ANK1,DOCK8,FMO4,MAPT,SEMA6D,JAG2,DIO2,HLA-B,PGAM2,CYGB,DTX4,GALNT3,MCTP1,C15ORF48,LLGL2,CELSR1,ATP1A3,H2BC12L,ICOSLG,CES3,ADORA1,SGIP1,BANK1,TMEM132A,SLC15A3,H2BC12,A2M,CLIC2,ABCA3,PRRG4,C1QTNF1,PLD1,CA8,SOX8,GGT1,DUSP6,TG,CXCL3,MACROD2,ENPP4,GPRC5C,CFHR3,ADAMTS12,HERC6,F2RL1,TRIM29,KALRN,TPCN1,OPRD1,TSPAN15,IFIH1,RAP1GAP,ARRB1,PRLR,ACKR4,KLF14,INA,CADM4,SGCD,SAMD5,ADAMTS5,DRGX,CACNA1H,FOS,RTN4RL1,OASL,DLX1,ANXA3,CHD7,CNIH3,DTNA,RELB,TBC1D10C,DLK2,WNT9A,PLCG2,RGS16,C8G,ST3GAL6,DRAM1,PREX2,CFHR1,AFP,FOXF1,CFH,ICAM1,SCARB1,TEC,TANC1,ISL1,GDF15,PRAG1,FBLN1,HTR2B,ABCA1,MAPK8IP2,NDRG2,MMP15,TRBV12-3,ADAM8,TRBV12-4,MYOZ2,CXCL2,DKK2,ACER2,CAMK1D,PRDM1,SEMA3D,NOX4,NTN1,AMIGO1,ABCA7,CXCL8,GPR155,SLC47A1,BMP2,SAMD12,SLC4A11,INMT,SULF2,MIR224,ZNF219,CHMP4C,ANO3,AGRN,TNFSF9,RHBDF2,PLAAT3,SPON2,ADORA2A,EGF,PTPRO,PLAC8,BATF2,CPNE8,PRDX6,CASP1,DOCK4,IFI44,DGAT2,CXCL5,LTK,HLA-F,GPR37,MAFB,FRRS1L,ADGRA3,IRF5,EGFL7,KMO,PTPRK,SLC2A5,PTPRR,FBXO2,RRAGD,SMPD3,ITPR2,GLRB,CAMK1G,PAM,KCNQ3,ACSL5,ST6GAL1,USP53,SOX6,ASB9,PPARGC1A,ROBO3,TP53INP1,FRAT2,CPZ,PPM1K,P2RX5,MX2,ISG15,SPI1,STC1,PRNP,GAS1,ANKFN1,P2RX6,ARMC9,MAP7,RIGI,CDH2,CLU,CSF2RB,BDKRB2,MGST2,SORL1,DNAJB4,LOXL2,RGS17,OSGIN1,RND3,PIK3CD,CDA,SLC28A3,ENTPD7,RRM2B,SHROOM2,ADAP1,CDKN2B,SHC3,HGF,USP44,PTPN3,BMP4,GRK4,RARB,THRB,GPRC5A,HOXA13,ABCC9,PLA2R1"
"GO:BP","positive regulation of multicellular organismal process","GO:0051240","false","4.388250611654289e-8","7.357708577963641","1188","772","111","16535","CLSTN2,CCL11,C3,CCL5,PTPRZ1,OAS1,CD36,IL1B,IL1A,INPP5D,CX3CR1,EBI3,SAA1,EREG,SCN3B,CSF2,OAS2,LRRN3,IL34,STRA6,SLITRK6,POU2F2,TGFB2,LPAR3,NFAM1,PPARGC1B,TXK,IL32,DPP4,TLR2,RSAD2,GPRC5B,RGCC,SPINT1,GCNT2,GJA5,AKAP6,IGF1,LIPG,SOCS1,VAV3,CTSH,RUNX3,L1CAM,ALPL,HAP1,IGFBP2,ROBO2,LRRN1,LEPR,MMP12,SCAMP5,CD7,CCL2,MCOLN2,KRT17,IL12A,DOCK8,MAPT,DIO2,ICOSLG,SGIP1,PLAAT4,C1QTNF1,SOX8,ENPP4,F2RL1,KALRN,IFIH1,ARRB1,PRLR,FOS,ANXA3,CHD7,PLCG2,SRPX2,ISL1,ZBTB46,HTR2B,ABCA1,ADAM8,NTN1,AMIGO1,ABCA7,CXCL8,BMP2,SULF2,ZNF219,AGRN,TNFSF9,SPON2,ADORA2A,EGF,PLAC8,CASP1,HLA-F,IRF5,SOX6,PPARGC1A,SLC20A2,ISG15,SPI1,RIGI,CLU,SORL1,LOXL2,PIK3CD,HGF,BMP4,ARRDC4,PLA2R1"
"GO:BP","cell communication","GO:0007154","false","8.498445052090587e-8","7.070660529235441","4472","772","296","16535","VIPR1,CLSTN2,CCL11,C3,CCL5,PTPRZ1,OAS1,SFRP4,NPBWR1,CD36,IL1B,WNT7B,TNFSF18,IL1A,SH3GL2,INPP5D,GUCY1A2,AREG,CX3CR1,SNCA,PDE11A,DLL4,EBI3,CCL7,APOD,CYP7B1,EREG,SCN3B,BTC,CNTN1,CSF2,ACP3,OAS2,CYP26B1,SYT1,HRK,RASGRF2,GNA14,CXCL6,CDH8,IL34,SOD2,TGFB2,LPAR3,NFAM1,PPARGC1B,PCSK1N,SLC8A3,ASPN,ACVR1C,MX1,KCNN2,COL4A3,CSF3,HERC5,TXK,IL32,CDH13,RGS7BP,CTSS,BST2,PADI2,TNFRSF21,KCNMB4,TLR2,RSAD2,GPRC5B,NRK,CABP5,ITGB4,TCIM,IFI6,SLC39A8,PLPPR4,PIK3R3,PDGFD,GCNT2,PAPPA,GJA5,KCNB1,RARRES2,TNFRSF10C,AKAP6,IGF1,SOCS1,LOC105378858,CXCL1,VAV3,CTSH,PPM1H,SHC2,GAD1,F2RL2,IFI27,MCOLN3,PIK3IP1,SNAP25,MAP3K9,HAP1,IGFBP2,ROBO2,MYZAP,FBP1,BEX2,RCAN2,RRAD,ENPP5,LEPR,DUSP4,MMP12,PDGFRL,CD7,FMOD,MARK1,CYFIP2,H2BC11,SEMA6A,PLA2G4C,CCL2,F11R,MRGPRE,SCN1A,IGFBP5,ADGRB2,BRSK2,MCOLN2,MAP3K21,IL12A,ANK1,DOCK8,PCSK5,MAPT,SEMA6D,JAG2,PGAM2,DTX4,GALNT3,MCTP1,LLGL2,CELSR1,ATP1A3,ICOSLG,ADORA1,BANK1,TMEM132A,SLC15A3,PCDH8,CLIC2,C1QTNF1,PLD1,CA8,SOX8,DUSP6,TG,CXCL3,GPRC5C,ADAMTS12,ALDH5A1,F2RL1,KALRN,TPCN1,OPRD1,UNC13A,TSPAN15,IFIH1,RAP1GAP,ARRB1,PRLR,ACKR4,KLF14,INA,PCDHB14,CADM4,SGCD,SAMD5,FOS,OASL,DLX1,CHD7,CNIH3,PCDHB13,DTNA,RELB,TBC1D10C,DLK2,WNT9A,PLCG2,RGS16,PREX2,FOXF1,ICAM1,SCARB1,TEC,PCDHB5,ISL1,GDF15,PRAG1,FBLN1,GJA3,HTR2B,ABCA1,MAPK8IP2,NDRG2,TRBV12-3,ADAM8,TRBV12-4,FER1L5,MYOZ2,CXCL2,DKK2,ACER2,CAMK1D,SEMA3D,NOX4,NTN1,ABCA7,CXCL8,GPR155,BMP2,SAMD12,SULF2,MIR224,ZNF219,CHMP4C,AGRN,TNFSF9,RHBDF2,ADORA2A,EGF,PTPRO,BATF2,CASP1,DOCK4,CXCL5,LTK,GPR37,MAFB,FRRS1L,ADGRA3,IRF5,EGFL7,KMO,PTPRK,NTN4,PCDH1,PTPRR,FBXO2,RRAGD,TFAP2C,SMPD3,ITPR2,GLRB,CAMK1G,KCNQ3,ACSL5,ASB9,FRAT2,CPZ,PPM1K,P2RX5,ISG15,SPI1,STC1,PRNP,GAS1,P2RX6,ARMC9,RIGI,CDH2,CLU,CSF2RB,BDKRB2,SORL1,RGS17,OSGIN1,RND3,PIK3CD,CDA,RRM2B,ADAP1,CDKN2B,SHC3,HGF,USP44,PCDHB6,PTPN3,SCN4B,BMP4,GRK4,RARB,THRB,APBA2,GPRC5A,HOXA13,ABCC9,PLA2R1"
"GO:BP","response to chemical","GO:0042221","false","1.0445964918024604e-7","6.981051437041425","2482","772","188","16535","CCL11,CCL5,CLDN1,OAS1,SFRP4,CD36,IL1B,WNT7B,TNFSF18,IL1A,AREG,CX3CR1,SNCA,ABCB1,EBI3,SAA1,CCL7,APOD,CYP7B1,HSD17B2,EREG,CSF2,OAS2,CYP26B1,ABCG1,SYT1,BRINP2,PRXL2A,GNA14,CXCL6,IL34,SOD2,TGFB2,FOSB,PPARGC1B,SLC8A3,ASPN,ACVR1C,MX1,CSF3,TXK,SOD3,CDH13,DPP4,CTSS,BST2,PADI2,TNFRSF21,KCNMB4,TLR2,RGCC,SLC39A8,AKR1B1,FMO2,PIK3R3,PDGFD,KCNB1,RARRES2,AKAP6,IGF1,LIPG,SOCS1,CXCL1,VAV3,CTSH,MTUS1,L1CAM,IFI27,ALPL,ANOS1,IGFBP2,ROBO2,FBP1,LEPR,MMP12,ABCC6,H2BC11,BTG2,SEMA6A,CCL2,CMPK2,IGFBP5,BRSK2,IL12A,DOCK8,FMO4,MAPT,SEMA6D,DIO2,PGAM2,CYGB,ATP1A3,CES3,ADORA1,CLIC2,ABCA3,PLD1,DUSP6,CXCL3,ADAMTS12,F2RL1,OPRD1,IFIH1,PRLR,ACKR4,INA,DRGX,CACNA1H,FOS,OASL,CHD7,RELB,WNT9A,PLCG2,ST3GAL6,DRAM1,FOXF1,ICAM1,SCARB1,ISL1,GDF15,HTR2B,ABCA1,MMP15,ADAM8,CXCL2,ACER2,CAMK1D,SEMA3D,NOX4,NTN1,AMIGO1,CXCL8,GPR155,SLC47A1,SLC4A11,INMT,MIR224,AGRN,SPON2,ADORA2A,PTPRO,CPNE8,PRDX6,CASP1,DOCK4,DGAT2,CXCL5,LTK,GPR37,IRF5,KMO,PTPRK,SLC2A5,FBXO2,RRAGD,SMPD3,ITPR2,PAM,KCNQ3,PPARGC1A,ROBO3,TP53INP1,P2RX5,MX2,ISG15,SPI1,STC1,PRNP,P2RX6,RIGI,CSF2RB,BDKRB2,MGST2,SORL1,LOXL2,PIK3CD,CDA,SLC28A3,RRM2B,CDKN2B,HGF,BMP4,RARB,THRB,HOXA13,ABCC9,PLA2R1"
"GO:BP","taxis","GO:0042330","false","2.0941450568182315e-7","6.678993238992503","290","772","44","16535","CCL11,CCL5,IL1B,WNT7B,TNFSF18,CX3CR1,SAA1,CCL7,CYP7B1,CXCL6,IL34,TGFB2,CDH13,DPP4,PADI2,PDGFD,RARRES2,CXCL1,VAV3,MTUS1,L1CAM,ANOS1,ROBO2,SEMA6A,CCL2,IL12A,SEMA6D,PLD1,CXCL3,F2RL1,ACKR4,ADAM8,CXCL2,CAMK1D,SEMA3D,NTN1,CXCL8,PTPRO,DOCK4,CXCL5,ROBO3,PIK3CD,HGF,BMP4"
"GO:BP","chemotaxis","GO:0006935","false","2.0941450568182315e-7","6.678993238992503","290","772","44","16535","CCL11,CCL5,IL1B,WNT7B,TNFSF18,CX3CR1,SAA1,CCL7,CYP7B1,CXCL6,IL34,TGFB2,CDH13,DPP4,PADI2,PDGFD,RARRES2,CXCL1,VAV3,MTUS1,L1CAM,ANOS1,ROBO2,SEMA6A,CCL2,IL12A,SEMA6D,PLD1,CXCL3,F2RL1,ACKR4,ADAM8,CXCL2,CAMK1D,SEMA3D,NTN1,CXCL8,PTPRO,DOCK4,CXCL5,ROBO3,PIK3CD,HGF,BMP4"
"GO:BP","immune response","GO:0006955","false","3.894986576829474e-7","6.409494034684339","1167","772","107","16535","CCL11,PI3,C3,CCL5,CLDN1,OAS1,LCP1,CD36,IL1B,TNFSF18,IL1A,INPP5D,CX3CR1,SNCA,EBI3,CCL7,EREG,CSF2,OAS2,CXCL6,IL34,POU2F2,TGFB2,NFAM1,H2BC8,MX1,CSF3,HERC5,TXK,IL32,CTSS,BST2,TNFRSF21,TLR2,RSAD2,GPRC5B,RGCC,TCIM,IFI6,CFI,PIK3R3,RARRES2,CXCL1,H2BC21,VAV3,CTSH,IFI27,MMP12,CD7,H2BC11,CCL2,IFI44L,MCOLN2,IL12A,SEMA6D,HLA-B,DTX4,H2BC12L,ICOSLG,BANK1,SLC15A3,H2BC12,A2M,CXCL3,CFHR3,F2RL1,TRIM29,OPRD1,IFIH1,RAP1GAP,ACKR4,OASL,ANXA3,RELB,PLCG2,C8G,CFHR1,AFP,FOXF1,CFH,ICAM1,TEC,TRBV12-3,ADAM8,TRBV12-4,CXCL2,PRDM1,CXCL8,TNFSF9,RHBDF2,SPON2,CASP1,IFI44,CXCL5,HLA-F,IRF5,ST6GAL1,MX2,ISG15,SPI1,PRNP,RIGI,CLU,CSF2RB,PIK3CD,ENTPD7,USP44"
"GO:BP","multicellular organism development","GO:0007275","false","6.789849252254258e-7","6.168139867787377","3517","772","242","16535","CLSTN2,CCL11,C3,CLDN1,PTPRZ1,ELF3,SFRP4,CD36,IL1B,CDX1,WNT7B,TNFSF18,IL1A,SH3GL2,INPP5D,AREG,CX3CR1,SNCA,DLL4,APOD,CYP7B1,HSD17B2,EREG,SCN3B,CNTN1,CSF2,TACSTD2,OAS2,CYP26B1,SYT1,BRINP2,PRXL2A,ASTN1,LRRN3,IL34,STRA6,SLITRK6,SOD2,TGFB2,LPAR3,PCDHA12,NFAM1,PPARGC1B,FOXE1,SLC8A3,HOXC13,ASPN,ACVR1C,COL4A3,CSF3,CDH13,H4C8,TMC1,TTC9,LHX9,PADI2,COL8A1,TNFRSF21,TLR2,SYPL2,GPRC5B,ITGB4,COL4A4,BFSP1,RGCC,SDK2,TCIM,SPINT1,PLPPR4,AKR1B1,KRT12,PIK3R3,PDGFD,GCNT2,GJA5,KCNB1,RARRES2,AKAP6,IGF1,H4C5,SOCS1,CXCL1,VAV3,CTSH,PCDHA4,RUNX3,L1CAM,MCOLN3,ALPL,SNAP25,ANOS1,HAP1,ROBO2,RFLNA,LRRN1,LEPR,DUSP4,MMP12,MARK1,CYFIP2,BTG2,SEMA6A,CCL2,F11R,PCDHB8,ODAD2,TMEM178A,SCN1A,IGFBP5,ADGRB2,BRSK2,PTPRQ,KRT17,IL12A,CRYBB3,MGP,PCSK5,MAPT,SEMA6D,JAG2,HLA-B,TENT5C,GALNT3,CELSR1,H2BC12L,ADORA1,PLAAT4,PCDH8,ABCA3,DNAH5,B4GALT6,SOX8,DUSP6,TG,H4C16,PARD6B,MACROD2,ADAMTS12,ALDH5A1,KALRN,UNC13A,PRLR,INA,PCDHB14,SGCD,RAB6B,ADAMTS5,DRGX,FOS,RTN4RL1,DLX1,ANXA3,CHD7,CTSK,PCDHB13,WNT9A,PREX2,AFP,SPTBN2,FOXF1,SRPX2,SEZ6L2,PRTG,PCDHB5,ISL1,ZBTB46,PRAG1,HTR2B,MAPK8IP2,NDRG2,IGSF3,ADAM21,MMP15,ADAM8,DKK2,CAMK1D,PRDM1,SEMA3D,NOX4,NTN1,AMIGO1,CXCL8,BMP2,MAP7D2,SULF2,ZNF219,EMB,SULT4A1,AGRN,TNFSF9,JAM2,PLAAT3,ADORA2A,EGF,PTPRO,POPDC2,DOCK4,LTK,GPR37,MAFB,EGFL7,PTPRK,NTN4,PCDH1,PTPRR,H4C15,H4C14,TFAP2C,MSI2,SMPD3,GLRB,NMNAT2,KCNQ3,SOX6,FRY,ROBO3,RAB26,RDH10,P2RX5,LZTS3,SLC20A2,ISG15,SPI1,STC1,CDH2,CLU,SORL1,LOXL2,PIK3CD,RRM2B,SHROOM2,LAMA3,CDKN2B,SHC3,HGF,PCDHB6,BMP4,RARB,THRB,APBA2,HOXA13,ABCC9"
"GO:BP","signaling","GO:0023052","false","0.0000013828122484915208","5.859236782276348","4456","772","290","16535","VIPR1,CLSTN2,CCL11,C3,CCL5,PTPRZ1,OAS1,SFRP4,NPBWR1,CD36,IL1B,WNT7B,TNFSF18,IL1A,SH3GL2,INPP5D,GUCY1A2,AREG,CX3CR1,SNCA,PDE11A,DLL4,EBI3,CCL7,APOD,CYP7B1,EREG,BTC,CNTN1,CSF2,ACP3,OAS2,CYP26B1,SYT1,HRK,RASGRF2,GNA14,CXCL6,CDH8,IL34,SOD2,TGFB2,LPAR3,NFAM1,PPARGC1B,PCSK1N,SLC8A3,ASPN,ACVR1C,MX1,COL4A3,CSF3,HERC5,TXK,IL32,CDH13,RGS7BP,CTSS,BST2,PADI2,TNFRSF21,KCNMB4,TLR2,RSAD2,GPRC5B,NRK,CABP5,ITGB4,TCIM,IFI6,SLC39A8,PLPPR4,PIK3R3,PDGFD,GCNT2,PAPPA,GJA5,KCNB1,RARRES2,TNFRSF10C,AKAP6,IGF1,SOCS1,LOC105378858,CXCL1,VAV3,CTSH,PPM1H,SHC2,GAD1,F2RL2,IFI27,MCOLN3,PIK3IP1,SNAP25,MAP3K9,HAP1,IGFBP2,ROBO2,MYZAP,FBP1,BEX2,RCAN2,RRAD,LEPR,DUSP4,MMP12,PDGFRL,CD7,FMOD,MARK1,CYFIP2,H2BC11,SEMA6A,PLA2G4C,CCL2,F11R,MRGPRE,IGFBP5,ADGRB2,BRSK2,MCOLN2,MAP3K21,IL12A,ANK1,DOCK8,PCSK5,MAPT,SEMA6D,JAG2,PGAM2,DTX4,GALNT3,MCTP1,LLGL2,CELSR1,ICOSLG,ADORA1,BANK1,TMEM132A,SLC15A3,PCDH8,CLIC2,C1QTNF1,PLD1,CA8,SOX8,DUSP6,TG,CXCL3,GPRC5C,ADAMTS12,ALDH5A1,F2RL1,KALRN,TPCN1,OPRD1,UNC13A,TSPAN15,IFIH1,RAP1GAP,ARRB1,PRLR,ACKR4,KLF14,INA,PCDHB14,CADM4,SGCD,SAMD5,FOS,OASL,DLX1,CHD7,CNIH3,PCDHB13,DTNA,RELB,TBC1D10C,DLK2,WNT9A,PLCG2,RGS16,PREX2,FOXF1,ICAM1,SCARB1,TEC,PCDHB5,ISL1,GDF15,PRAG1,FBLN1,GJA3,HTR2B,ABCA1,MAPK8IP2,NDRG2,TRBV12-3,ADAM8,TRBV12-4,FER1L5,MYOZ2,CXCL2,DKK2,ACER2,CAMK1D,SEMA3D,NOX4,NTN1,ABCA7,CXCL8,GPR155,BMP2,SAMD12,SULF2,MIR224,ZNF219,CHMP4C,AGRN,TNFSF9,RHBDF2,ADORA2A,EGF,PTPRO,BATF2,CASP1,DOCK4,CXCL5,LTK,GPR37,MAFB,FRRS1L,ADGRA3,IRF5,EGFL7,KMO,PTPRK,NTN4,PCDH1,PTPRR,FBXO2,RRAGD,TFAP2C,SMPD3,ITPR2,GLRB,CAMK1G,KCNQ3,ACSL5,ASB9,FRAT2,CPZ,PPM1K,P2RX5,ISG15,SPI1,STC1,PRNP,GAS1,P2RX6,ARMC9,RIGI,CDH2,CLU,CSF2RB,BDKRB2,SORL1,RGS17,OSGIN1,RND3,PIK3CD,CDA,RRM2B,ADAP1,CDKN2B,SHC3,HGF,USP44,PCDHB6,PTPN3,BMP4,GRK4,RARB,THRB,APBA2,GPRC5A,HOXA13,ABCC9,PLA2R1"
"GO:BP","locomotion","GO:0040011","false","0.0000020497528368931046","5.688298503844207","923","772","89","16535","CCL11,CCL5,CLDN1,IL1B,WNT7B,TNFSF18,CX3CR1,SNCA,DLL4,SAA1,CCL7,APOD,CYP7B1,CSF2,TACSTD2,BRINP2,CXCL6,IL34,SOD2,TGFB2,ACVR1C,CDH13,DPP4,BST2,PADI2,RGCC,PIK3R3,PDGFD,GCNT2,IP6K3,RARRES2,IGF1,CXCL1,VAV3,CTSH,MTUS1,L1CAM,ANOS1,ROBO2,DNAI3,SEMA6A,CCL2,IGFBP5,IL12A,DOCK8,SEMA6D,CYGB,MCTP1,ADORA1,PLD1,CXCL3,PARD6B,F2RL1,ACKR4,CADM4,ANXA3,PLCG2,FOXF1,SRPX2,ICAM1,SCARB1,GDF15,PRAG1,FBLN1,ADAM8,CXCL2,CAMK1D,SEMA3D,NTN1,CXCL8,BMP2,JAM2,EGF,PTPRO,DOCK4,CXCL5,GPR37,PTPRK,PTPRR,SMPD3,ROBO3,TP53INP1,STC1,RIGI,SORL1,PIK3CD,LAMA3,HGF,BMP4"
"GO:BP","cell surface receptor signaling pathway","GO:0007166","false","0.0000023207056082360144","5.634379948224658","2027","772","157","16535","VIPR1,CCL11,C3,CCL5,OAS1,SFRP4,CD36,IL1B,WNT7B,TNFSF18,IL1A,SH3GL2,INPP5D,AREG,CX3CR1,SNCA,PDE11A,DLL4,EBI3,CCL7,APOD,EREG,BTC,CNTN1,CSF2,ACP3,OAS2,IL34,TGFB2,NFAM1,SLC8A3,ASPN,ACVR1C,MX1,COL4A3,CSF3,TXK,CDH13,PADI2,TNFRSF21,TLR2,GPRC5B,ITGB4,TCIM,IFI6,PIK3R3,PDGFD,GCNT2,PAPPA,KCNB1,RARRES2,TNFRSF10C,IGF1,SOCS1,VAV3,SHC2,IFI27,HAP1,IGFBP2,ROBO2,LEPR,MMP12,PDGFRL,CD7,FMOD,MARK1,CYFIP2,H2BC11,SEMA6A,CCL2,IGFBP5,ADGRB2,IL12A,SEMA6D,JAG2,PGAM2,DTX4,GALNT3,LLGL2,CELSR1,ICOSLG,ADORA1,BANK1,TMEM132A,ADAMTS12,F2RL1,KALRN,TSPAN15,IFIH1,ARRB1,PRLR,ACKR4,CADM4,FOS,OASL,DLX1,DLK2,WNT9A,PLCG2,FOXF1,ICAM1,SCARB1,TEC,ISL1,GDF15,PRAG1,ABCA1,MAPK8IP2,NDRG2,TRBV12-3,TRBV12-4,DKK2,SEMA3D,ABCA7,GPR155,BMP2,SAMD12,SULF2,MIR224,RHBDF2,ADORA2A,EGF,PTPRO,CASP1,LTK,FRRS1L,ADGRA3,IRF5,EGFL7,PTPRK,PTPRR,SMPD3,GLRB,ACSL5,FRAT2,CPZ,P2RX5,ISG15,SPI1,PRNP,GAS1,P2RX6,ARMC9,CDH2,CSF2RB,BDKRB2,SORL1,PIK3CD,CDA,ADAP1,CDKN2B,SHC3,HGF,PTPN3,BMP4,GPRC5A,HOXA13"
"GO:BP","response to external biotic stimulus","GO:0043207","false","0.000002423159604536495","5.6156179795535115","1032","772","96","16535","CCL11,PI3,C3,CCL5,CLDN1,OAS1,CD36,IL1B,IL1A,INPP5D,CX3CR1,SNCA,CCL7,EREG,CSF2,OAS2,CXCL6,IL34,POU2F2,SOD2,H2BC8,MX1,CSF3,HERC5,TXK,TMEM229B,CTSS,BST2,TLR2,RSAD2,IFI6,CFI,RARRES2,H2BC21,IFI27,ALPL,MMP12,H2BC11,CCL2,CMPK2,IFI44L,MCOLN2,IL12A,DIO2,HLA-B,DTX4,C15ORF48,H2BC12L,BANK1,SLC15A3,H2BC12,A2M,MACROD2,HERC6,F2RL1,TRIM29,IFIH1,PRLR,ADAMTS5,FOS,OASL,ANXA3,CHD7,RELB,PLCG2,C8G,CFH,SCARB1,ABCA1,ADAM8,CXCL2,PRDM1,CXCL8,BMP2,MIR224,PLAAT3,SPON2,PLAC8,BATF2,CASP1,IFI44,CXCL5,HLA-F,IRF5,KMO,MX2,ISG15,SPI1,RIGI,CLU,CSF2RB,MGST2,PIK3CD,CDA,USP44,ABCC9"
"GO:BP","cellular response to chemical stimulus","GO:0070887","false","0.0000029396300655044813","5.531707319458155","1578","772","130","16535","CCL11,CCL5,CLDN1,OAS1,CD36,IL1B,WNT7B,TNFSF18,IL1A,CX3CR1,SNCA,ABCB1,SAA1,CCL7,CYP7B1,CSF2,CYP26B1,SYT1,BRINP2,PRXL2A,GNA14,CXCL6,IL34,SOD2,TGFB2,FOSB,PPARGC1B,SLC8A3,CSF3,SOD3,DPP4,CTSS,PADI2,TLR2,RGCC,SLC39A8,AKR1B1,FMO2,PIK3R3,PDGFD,KCNB1,RARRES2,AKAP6,IGF1,SOCS1,CXCL1,VAV3,CTSH,MTUS1,IGFBP2,ROBO2,FBP1,LEPR,BTG2,CCL2,CMPK2,IGFBP5,BRSK2,IL12A,FMO4,MAPT,CYGB,ATP1A3,CES3,CLIC2,PLD1,CXCL3,F2RL1,OPRD1,IFIH1,PRLR,ACKR4,CACNA1H,FOS,RELB,WNT9A,PLCG2,DRAM1,ICAM1,SCARB1,ISL1,GDF15,HTR2B,ABCA1,ADAM8,CXCL2,ACER2,CAMK1D,NOX4,NTN1,AMIGO1,CXCL8,GPR155,SLC4A11,MIR224,AGRN,SPON2,PTPRO,CPNE8,PRDX6,CASP1,DOCK4,DGAT2,CXCL5,LTK,GPR37,IRF5,KMO,PTPRK,SLC2A5,RRAGD,SMPD3,ITPR2,KCNQ3,PPARGC1A,TP53INP1,STC1,PRNP,RIGI,BDKRB2,MGST2,SORL1,PIK3CD,SLC28A3,CDKN2B,HGF,RARB,THRB,ABCC9,PLA2R1"
"GO:BP","response to other organism","GO:0051707","false","0.00000494052139995689","5.30622721521098","1030","772","95","16535","CCL11,PI3,C3,CCL5,CLDN1,OAS1,CD36,IL1B,IL1A,INPP5D,CX3CR1,SNCA,CCL7,EREG,CSF2,OAS2,CXCL6,IL34,POU2F2,SOD2,H2BC8,MX1,CSF3,HERC5,TXK,TMEM229B,CTSS,BST2,TLR2,RSAD2,IFI6,CFI,RARRES2,H2BC21,IFI27,ALPL,MMP12,H2BC11,CCL2,CMPK2,IFI44L,MCOLN2,IL12A,DIO2,HLA-B,DTX4,C15ORF48,H2BC12L,BANK1,SLC15A3,H2BC12,A2M,MACROD2,HERC6,F2RL1,TRIM29,IFIH1,PRLR,ADAMTS5,FOS,OASL,ANXA3,CHD7,RELB,PLCG2,C8G,CFH,SCARB1,ABCA1,ADAM8,CXCL2,PRDM1,CXCL8,BMP2,MIR224,PLAAT3,SPON2,PLAC8,BATF2,CASP1,IFI44,CXCL5,HLA-F,IRF5,KMO,MX2,ISG15,SPI1,RIGI,CLU,CSF2RB,MGST2,PIK3CD,USP44,ABCC9"
"GO:BP","biological process involved in interspecies interaction between organisms","GO:0044419","false","0.0000049504086751354045","5.305358946918967","1170","772","104","16535","CCL11,PI3,C3,CCL5,CLDN1,OAS1,CD36,IL1B,IL1A,INPP5D,CX3CR1,SNCA,CCL7,EREG,CSF2,OAS2,CXCL6,IL34,POU2F2,SOD2,H2BC8,MX1,CSF3,HERC5,TXK,TMEM229B,DPP4,CTSS,BST2,TLR2,RSAD2,IFI6,CFI,RARRES2,H2BC21,IFI27,ALPL,MMP12,H2BC11,CCL2,F11R,CMPK2,IFI44L,MCOLN2,IL12A,DIO2,HLA-B,DTX4,C15ORF48,H2BC12L,BANK1,SLC15A3,H2BC12,A2M,MACROD2,HERC6,F2RL1,TRIM29,TPCN1,IFIH1,PRLR,ADAMTS5,FOS,OASL,ANXA3,CHD7,RELB,PLCG2,C8G,CFH,ICAM1,SCARB1,FBLN1,ABCA1,ADAM8,CXCL2,PRDM1,CXCL8,BMP2,MIR224,CHMP4C,PLAAT3,SPON2,PLAC8,BATF2,CASP1,IFI44,CXCL5,CYSRT1,HLA-F,IRF5,KMO,MX2,SLC20A2,ISG15,SPI1,RIGI,CLU,CSF2RB,MGST2,PIK3CD,USP44,SLC52A1,ABCC9"
"GO:BP","defense response","GO:0006952","false","0.000006776058678936629","5.16902284178183","1208","772","106","16535","CCL11,PI3,C3,CCL5,CLDN1,SAA2,OAS1,ELF3,SAA2-SAA4,CD36,IL1B,TNFSF18,IL1A,INPP5D,CX3CR1,SNCA,SAA1,CCL7,APOD,EREG,OAS2,CYP26B1,CXCL6,IL34,NFAM1,H2BC8,MX1,HERC5,TXK,IL32,DPP4,CTSS,BST2,TLR2,RSAD2,GPRC5B,IFI6,SLC39A8,CFI,RARRES2,IGF1,CXCL1,H2BC21,IFI27,MMP12,H2BC11,PLA2G4C,CCL2,F11R,IFI44L,MCOLN2,IL12A,MAPT,HLA-B,DTX4,H2BC12L,ICOSLG,ADORA1,SLC15A3,H2BC12,A2M,GGT1,CXCL3,ADAMTS12,F2RL1,TRIM29,IFIH1,ADAMTS5,FOS,OASL,ANXA3,RELB,PLCG2,C8G,FOXF1,CFH,ISL1,MAPK8IP2,ADAM8,CXCL2,CAMK1D,PRDM1,NOX4,CXCL8,BMP2,RHBDF2,SPON2,ADORA2A,PLAC8,BATF2,CASP1,CXCL5,HLA-F,IRF5,MX2,ISG15,SPI1,ANKFN1,RIGI,CLU,BDKRB2,MGST2,PIK3CD,HGF,USP44,ABCC9"
"GO:BP","regulation of multicellular organismal development","GO:2000026","false","0.000007346969004575888","5.1338917923551675","1053","772","96","16535","CLSTN2,CCL11,C3,PTPRZ1,SFRP4,CD36,IL1B,TNFSF18,IL1A,INPP5D,CX3CR1,DLL4,OAS2,CYP26B1,PRXL2A,LRRN3,IL34,SLITRK6,TGFB2,LPAR3,NFAM1,PPARGC1B,ASPN,COL4A3,CSF3,H4C8,TNFRSF21,TLR2,RGCC,TCIM,SPINT1,AKAP6,IGF1,H4C5,SOCS1,CTSH,RUNX3,L1CAM,HAP1,ROBO2,RFLNA,LRRN1,BTG2,SEMA6A,F11R,TMEM178A,ADGRB2,KRT17,MGP,MAPT,SEMA6D,HLA-B,PLAAT4,SOX8,DUSP6,TG,H4C16,ADAMTS12,KALRN,PRLR,FOS,DLX1,ANXA3,CHD7,CTSK,WNT9A,SRPX2,PRTG,ISL1,ZBTB46,ADAM8,PRDM1,NTN1,AMIGO1,CXCL8,BMP2,ZNF219,AGRN,TNFSF9,JAM2,EGF,MAFB,H4C15,H4C14,SMPD3,SOX6,P2RX5,SLC20A2,ISG15,SPI1,SORL1,LOXL2,PIK3CD,LAMA3,BMP4,RARB"
"GO:BP","cell adhesion","GO:0007155","true","0.000008792220133571485","5.055901446881364","1072","772","97","16535","CLSTN2,CCL11,CCL5,CLDN1,CD36,IL1B,WNT7B,TNFSF18,IL1A,CX3CR1,EBI3,SAA1,APOD,CNTN1,CLCA2,TACSTD2,ASTN1,CDH8,TGFB2,PCDHA12,COL4A3,IL32,CDH13,DPP4,COL8A1,TNFRSF21,ITGB4,RGCC,SDK2,SLC39A8,GCNT2,PODXL2,IGF1,SOCS1,VAV3,PCDHA4,RUNX3,L1CAM,ANOS1,IGFBP2,ROBO2,MMP12,CYFIP2,SEMA6A,CCL2,F11R,PCDHB8,IL12A,DOCK8,JAG2,CELSR1,ICOSLG,PCDH8,PLEKHA7,C1QTNF1,ADAMTS12,TRIM29,PRLR,PCDHB14,CADM4,PCDHB13,FOXF1,SRPX2,ICAM1,PRTG,PCDHB5,FBLN1,ADAM8,IGDCC4,ACER2,NTN1,AMIGO1,CXCL8,BMP2,EMB,TNFSF9,JAM2,SPON2,ADORA2A,PTPRO,EGFL7,PTPRK,NTN4,PCDH1,FOLR3,PDZD2,SPON1,ROBO3,ICAM2,SPI1,PRNP,CDH2,EPDR1,RND3,LAMA3,PCDHB6,BMP4"
"GO:BP","cytokine production","GO:0001816","false","0.000009273108307923225","5.032774667720677","558","772","62","16535","C3,OAS1,CD36,IL1B,IL1A,INPP5D,CX3CR1,EBI3,SAA1,APOD,EREG,CSF2,OAS2,CXCL6,POU2F2,TGFB2,NFAM1,TXK,IL32,BST2,TNFRSF21,TLR2,RSAD2,GPRC5B,RGCC,IGF1,SOCS1,MMP12,SCAMP5,CD7,F11R,MCOLN2,IL12A,PCSK5,HLA-B,DTX4,ICOSLG,BANK1,F2RL1,IFIH1,ARRB1,RELB,PLCG2,ISL1,FBLN1,HTR2B,NDRG2,ADAM8,SULF2,SPON2,CASP1,HLA-F,IRF5,ISG15,PRNP,RIGI,CLU,SORL1,PIK3CD,HGF,ARRDC4,PLA2R1"
"GO:BP","antimicrobial humoral response","GO:0019730","false","0.000009722663878793011","5.01221472793821","41","772","15","16535","CCL11,PI3,CCL5,CCL7,CXCL6,H2BC8,RARRES2,H2BC21,H2BC11,CCL2,H2BC12L,H2BC12,CXCL8,SPON2,CXCL5"
"GO:BP","regulation of immune system process","GO:0002682","false","0.000011957957080369166","4.9223430096875935","1125","772","100","16535","C3,CCL5,OAS1,CD36,IL1B,TNFSF18,IL1A,INPP5D,CX3CR1,SNCA,EBI3,CCL7,APOD,EREG,CYP26B1,PRXL2A,CXCL6,IL34,TGFB2,NFAM1,PPARGC1B,CSF3,TXK,H4C8,DPP4,CTSS,BST2,PADI2,TNFRSF21,TLR2,RSAD2,GPRC5B,RGCC,TCIM,CFI,PDGFD,RARRES2,IGF1,H4C5,SOCS1,VAV3,CTSH,RUNX3,MTUS1,IGFBP2,MMP12,CD7,CCL2,TMEM178A,IL12A,DOCK8,HLA-B,DTX4,ICOSLG,ADORA1,BANK1,SLC15A3,A2M,GGT1,H4C16,CFHR3,F2RL1,IFIH1,PRLR,FOS,OASL,TBC1D10C,PLCG2,C8G,CFHR1,FOXF1,CFH,ICAM1,TEC,GDF15,ZBTB46,ADAM8,CAMK1D,PRDM1,CXCL8,TNFSF9,JAM2,RHBDF2,SPON2,ADORA2A,CASP1,HLA-F,MAFB,IRF5,H4C15,H4C14,SMPD3,ISG15,SPI1,PRNP,RIGI,CLU,PIK3CD,ENTPD7,BMP4"
"GO:BP","cell chemotaxis","GO:0060326","false","0.000014096327578144074","4.850894016442858","191","772","32","16535","CCL11,CCL5,IL1B,TNFSF18,CX3CR1,SAA1,CCL7,CYP7B1,CXCL6,IL34,TGFB2,DPP4,PADI2,PDGFD,RARRES2,CXCL1,VAV3,MTUS1,CCL2,IL12A,CXCL3,F2RL1,ACKR4,ADAM8,CXCL2,CAMK1D,CXCL8,PTPRO,DOCK4,CXCL5,PIK3CD,HGF"
"GO:BP","cell differentiation","GO:0030154","false","0.000016032041563390863","4.795011169894192","3140","772","216","16535","CCL11,EHF,C3,CLDN1,PTPRZ1,ELF3,SFRP4,CD36,IL1B,CDX1,WNT7B,TNFSF18,IL1A,SH3GL2,INPP5D,AREG,CX3CR1,DLL4,APOD,EREG,BTC,CNTN1,CSF2,TACSTD2,CYP26B1,ABCG1,SYT1,BRINP2,PRXL2A,RETREG1,ASTN1,IL34,SLITRK6,POU2F2,SOD2,TGFB2,LPAR3,NFAM1,PPARGC1B,FOXE1,SLC8A3,ACVR1C,LCE2A,CSF3,IVL,H4C8,TMC1,LHX9,COL8A1,TNFRSF21,TLR2,RSAD2,SYPL2,GPRC5B,ITGB4,BFSP1,RGCC,SDK2,TCIM,SPINT1,PLPPR4,AKR1B1,KRT12,PIK3R3,GCNT2,KCNB1,RARRES2,AKAP6,IGF1,H4C5,SOCS1,RUNX3,L1CAM,MCOLN3,ALPL,SNAP25,ANOS1,HAP1,IGFBP2,ROBO2,RFLNA,LEPR,DNAI3,MARK1,CYFIP2,BTG2,SEMA6A,CCL2,F11R,TMEM178A,IGFBP5,BRSK2,PTPRQ,KRT17,MGP,MAPT,TPD52,SEMA6D,JAG2,HLA-B,TGM1,TENT5C,GALNT3,CELSR1,ICOSLG,MIAT,PLAAT4,A2M,B4GALT6,SOX8,DUSP6,H4C16,PARD6B,ADAMTS12,HERC6,F2RL1,KALRN,UNC13A,PRLR,ETV7,INA,SGCD,RAB6B,ADAMTS5,DRGX,CACNA1H,FOS,RTN4RL1,VSIG1,DLX1,CHD7,RELB,DLK2,WNT9A,PLCG2,PREX2,FOXF1,ICAM1,TANC1,PRTG,ISL1,GDF15,ZBTB46,PRAG1,HTR2B,ABCA1,MAPK8IP2,NDRG2,MMP15,ADAM8,MYOZ2,CAMK1D,PRDM1,SEMA3D,NOX4,NTN1,AMIGO1,BMP2,SLC4A11,MAP7D2,SULF2,ZNF219,EMB,SULT4A1,AGRN,TNFSF9,JAM2,MKX,PLAAT3,ADORA2A,MOV10L1,PTPRO,PLAC8,BATF2,POPDC2,LTK,GPR37,MAFB,EGFL7,PTPRK,NTN4,H4C15,H4C14,MSI2,SMPD3,SLC9C1,NMNAT2,KCNQ3,SOX6,PPARGC1A,FRY,ROBO3,TP53INP1,RDH10,P2RX5,LZTS3,ISG15,SPI1,STC1,GAS1,CDH2,CLU,SORL1,LOXL2,OSGIN1,PIK3CD,ENTPD7,LAMA3,CDKN2B,CFAP70,HGF,USP44,BMP4,RARB,THRB,HOXA13"
"GO:BP","cellular developmental process","GO:0048869","false","0.00001651066119819187","4.7822355343098115","3141","772","216","16535","CCL11,EHF,C3,CLDN1,PTPRZ1,ELF3,SFRP4,CD36,IL1B,CDX1,WNT7B,TNFSF18,IL1A,SH3GL2,INPP5D,AREG,CX3CR1,DLL4,APOD,EREG,BTC,CNTN1,CSF2,TACSTD2,CYP26B1,ABCG1,SYT1,BRINP2,PRXL2A,RETREG1,ASTN1,IL34,SLITRK6,POU2F2,SOD2,TGFB2,LPAR3,NFAM1,PPARGC1B,FOXE1,SLC8A3,ACVR1C,LCE2A,CSF3,IVL,H4C8,TMC1,LHX9,COL8A1,TNFRSF21,TLR2,RSAD2,SYPL2,GPRC5B,ITGB4,BFSP1,RGCC,SDK2,TCIM,SPINT1,PLPPR4,AKR1B1,KRT12,PIK3R3,GCNT2,KCNB1,RARRES2,AKAP6,IGF1,H4C5,SOCS1,RUNX3,L1CAM,MCOLN3,ALPL,SNAP25,ANOS1,HAP1,IGFBP2,ROBO2,RFLNA,LEPR,DNAI3,MARK1,CYFIP2,BTG2,SEMA6A,CCL2,F11R,TMEM178A,IGFBP5,BRSK2,PTPRQ,KRT17,MGP,MAPT,TPD52,SEMA6D,JAG2,HLA-B,TGM1,TENT5C,GALNT3,CELSR1,ICOSLG,MIAT,PLAAT4,A2M,B4GALT6,SOX8,DUSP6,H4C16,PARD6B,ADAMTS12,HERC6,F2RL1,KALRN,UNC13A,PRLR,ETV7,INA,SGCD,RAB6B,ADAMTS5,DRGX,CACNA1H,FOS,RTN4RL1,VSIG1,DLX1,CHD7,RELB,DLK2,WNT9A,PLCG2,PREX2,FOXF1,ICAM1,TANC1,PRTG,ISL1,GDF15,ZBTB46,PRAG1,HTR2B,ABCA1,MAPK8IP2,NDRG2,MMP15,ADAM8,MYOZ2,CAMK1D,PRDM1,SEMA3D,NOX4,NTN1,AMIGO1,BMP2,SLC4A11,MAP7D2,SULF2,ZNF219,EMB,SULT4A1,AGRN,TNFSF9,JAM2,MKX,PLAAT3,ADORA2A,MOV10L1,PTPRO,PLAC8,BATF2,POPDC2,LTK,GPR37,MAFB,EGFL7,PTPRK,NTN4,H4C15,H4C14,MSI2,SMPD3,SLC9C1,NMNAT2,KCNQ3,SOX6,PPARGC1A,FRY,ROBO3,TP53INP1,RDH10,P2RX5,LZTS3,ISG15,SPI1,STC1,GAS1,CDH2,CLU,SORL1,LOXL2,OSGIN1,PIK3CD,ENTPD7,LAMA3,CDKN2B,CFAP70,HGF,USP44,BMP4,RARB,THRB,HOXA13"
"GO:BP","response to biotic stimulus","GO:0009607","false","0.000016618403038888304","4.779410712484597","1069","772","96","16535","CCL11,PI3,C3,CCL5,CLDN1,OAS1,CD36,IL1B,IL1A,INPP5D,CX3CR1,SNCA,CCL7,EREG,CSF2,OAS2,CXCL6,IL34,POU2F2,SOD2,H2BC8,MX1,CSF3,HERC5,TXK,TMEM229B,CTSS,BST2,TLR2,RSAD2,IFI6,CFI,RARRES2,H2BC21,IFI27,ALPL,MMP12,H2BC11,CCL2,CMPK2,IFI44L,MCOLN2,IL12A,DIO2,HLA-B,DTX4,C15ORF48,H2BC12L,BANK1,SLC15A3,H2BC12,A2M,MACROD2,HERC6,F2RL1,TRIM29,IFIH1,PRLR,ADAMTS5,FOS,OASL,ANXA3,CHD7,RELB,PLCG2,C8G,CFH,SCARB1,ABCA1,ADAM8,CXCL2,PRDM1,CXCL8,BMP2,MIR224,PLAAT3,SPON2,PLAC8,BATF2,CASP1,IFI44,CXCL5,HLA-F,IRF5,KMO,MX2,ISG15,SPI1,RIGI,CLU,CSF2RB,MGST2,PIK3CD,CDA,USP44,ABCC9"
"GO:BP","regulation of cytokine production","GO:0001817","false","0.000018846012499685564","4.724780525170379","554","772","61","16535","C3,OAS1,CD36,IL1B,IL1A,INPP5D,CX3CR1,EBI3,SAA1,APOD,EREG,CSF2,OAS2,CXCL6,POU2F2,TGFB2,NFAM1,TXK,IL32,BST2,TNFRSF21,TLR2,RSAD2,GPRC5B,RGCC,IGF1,SOCS1,MMP12,SCAMP5,CD7,F11R,MCOLN2,IL12A,HLA-B,DTX4,ICOSLG,BANK1,F2RL1,IFIH1,ARRB1,RELB,PLCG2,ISL1,FBLN1,HTR2B,NDRG2,ADAM8,SULF2,SPON2,CASP1,HLA-F,IRF5,ISG15,PRNP,RIGI,CLU,SORL1,PIK3CD,HGF,ARRDC4,PLA2R1"
"GO:BP","leukocyte migration","GO:0050900","false","0.000022497879818733467","4.64785840750687","250","772","37","16535","CCL11,CCL5,IL1B,TNFSF18,CX3CR1,SAA1,CCL7,APOD,CYP7B1,CXCL6,IL34,TGFB2,DPP4,PADI2,PDGFD,PODXL2,RARRES2,VAV3,MTUS1,CCL2,F11R,MCOLN2,IL12A,DOCK8,ADORA1,CXCL3,F2RL1,ICAM1,GDF15,ADAM8,CAMK1D,CXCL8,JAM2,PTPRO,CXCL5,SMPD3,PIK3CD"
"GO:BP","cell-cell adhesion","GO:0098609","false","0.00004931413593729895","4.307028572009102","667","772","68","16535","CLSTN2,CCL5,CLDN1,IL1B,WNT7B,TNFSF18,IL1A,CX3CR1,EBI3,CNTN1,ASTN1,CDH8,TGFB2,PCDHA12,CDH13,DPP4,TNFRSF21,ITGB4,RGCC,SDK2,SLC39A8,GCNT2,PODXL2,IGF1,SOCS1,PCDHA4,RUNX3,L1CAM,IGFBP2,ROBO2,CYFIP2,CCL2,F11R,PCDHB8,IL12A,DOCK8,CELSR1,ICOSLG,PCDH8,PLEKHA7,C1QTNF1,TRIM29,PCDHB14,CADM4,PCDHB13,FOXF1,SRPX2,ICAM1,PRTG,PCDHB5,ADAM8,IGDCC4,NTN1,AMIGO1,BMP2,EMB,TNFSF9,JAM2,ADORA2A,PCDH1,ROBO3,ICAM2,SPI1,PRNP,CDH2,LAMA3,PCDHB6,BMP4"
"GO:BP","system development","GO:0048731","false","0.000050632884567460105","4.29556733004857","3013","772","207","16535","CLSTN2,CCL11,C3,CLDN1,PTPRZ1,SFRP4,CD36,IL1B,CDX1,WNT7B,IL1A,SH3GL2,AREG,CX3CR1,SNCA,DLL4,APOD,CYP7B1,EREG,SCN3B,CNTN1,TACSTD2,CYP26B1,SYT1,BRINP2,ASTN1,LRRN3,IL34,STRA6,SLITRK6,SOD2,TGFB2,LPAR3,PCDHA12,PPARGC1B,FOXE1,SLC8A3,ACVR1C,COL4A3,CDH13,TMC1,TTC9,LHX9,PADI2,COL8A1,TNFRSF21,TLR2,SYPL2,GPRC5B,ITGB4,COL4A4,BFSP1,RGCC,SDK2,SPINT1,PLPPR4,AKR1B1,KRT12,PIK3R3,PDGFD,GJA5,KCNB1,RARRES2,AKAP6,IGF1,CXCL1,VAV3,CTSH,PCDHA4,RUNX3,L1CAM,MCOLN3,ALPL,SNAP25,ANOS1,HAP1,ROBO2,RFLNA,LRRN1,LEPR,MMP12,MARK1,CYFIP2,BTG2,SEMA6A,CCL2,PCDHB8,ODAD2,SCN1A,IGFBP5,ADGRB2,BRSK2,PTPRQ,IL12A,CRYBB3,MGP,PCSK5,MAPT,SEMA6D,JAG2,HLA-B,GALNT3,CELSR1,H2BC12L,ADORA1,ABCA3,DNAH5,B4GALT6,SOX8,DUSP6,TG,PARD6B,MACROD2,ADAMTS12,ALDH5A1,KALRN,UNC13A,PRLR,INA,PCDHB14,SGCD,RAB6B,ADAMTS5,DRGX,FOS,RTN4RL1,DLX1,ANXA3,CHD7,CTSK,PCDHB13,WNT9A,PREX2,AFP,SPTBN2,FOXF1,SRPX2,SEZ6L2,PRTG,PCDHB5,ISL1,PRAG1,HTR2B,MAPK8IP2,NDRG2,IGSF3,ADAM21,ADAM8,CAMK1D,PRDM1,SEMA3D,NOX4,NTN1,AMIGO1,CXCL8,BMP2,MAP7D2,SULF2,ZNF219,EMB,SULT4A1,AGRN,JAM2,PLAAT3,ADORA2A,EGF,PTPRO,POPDC2,DOCK4,LTK,GPR37,MAFB,EGFL7,PTPRK,NTN4,PCDH1,TFAP2C,MSI2,SMPD3,GLRB,NMNAT2,KCNQ3,SOX6,FRY,ROBO3,RAB26,RDH10,P2RX5,LZTS3,STC1,CDH2,CLU,SORL1,LOXL2,PIK3CD,RRM2B,SHROOM2,CDKN2B,SHC3,HGF,PCDHB6,BMP4,RARB,THRB,APBA2,HOXA13,ABCC9"
"GO:BP","cell migration","GO:0016477","false","0.00006674682346992082","4.175569397863183","1161","772","100","16535","CCL11,CCL5,CLDN1,LCP1,IL1B,TNFSF18,CX3CR1,DLL4,SAA1,CCL7,APOD,CYP7B1,CSF2,TACSTD2,ASTN1,CXCL6,CDH8,IL34,SOD2,TGFB2,FOXE1,ACVR1C,CDH13,DPP4,BST2,PADI2,ITGB4,RGCC,PIK3R3,PDGFD,GCNT2,PODXL2,RARRES2,IGF1,CXCL1,VAV3,CTSH,MTUS1,L1CAM,MMP12,DNAI3,MARK1,SEMA6A,CCL2,F11R,IGFBP5,MCOLN2,IL12A,DOCK8,SEMA6D,CYGB,MCTP1,CELSR1,ADORA1,SOX8,CXCL3,PARD6B,ADAMTS12,F2RL1,ACKR4,DRGX,ANXA3,PLCG2,FOXF1,SRPX2,ICAM1,SCARB1,ISL1,GDF15,PRAG1,FBLN1,HTR2B,ADAM8,CXCL2,CAMK1D,SEMA3D,NTN1,CXCL8,BMP2,JAM2,EGF,PTPRO,DOCK4,CXCL5,PTPRK,NTN4,PTPRR,SMPD3,ROBO3,TP53INP1,STC1,RIGI,CDH2,SORL1,LOXL2,PIK3CD,SHROOM2,LAMA3,HGF,BMP4"
"GO:BP","signal transduction","GO:0007165","false","0.00006680390489302847","4.175198150938687","4120","772","265","16535","VIPR1,CCL11,C3,CCL5,PTPRZ1,OAS1,SFRP4,NPBWR1,CD36,IL1B,WNT7B,TNFSF18,IL1A,SH3GL2,INPP5D,GUCY1A2,AREG,CX3CR1,SNCA,PDE11A,DLL4,EBI3,CCL7,APOD,CYP7B1,EREG,BTC,CNTN1,CSF2,ACP3,OAS2,CYP26B1,HRK,RASGRF2,GNA14,CXCL6,IL34,SOD2,TGFB2,LPAR3,NFAM1,PPARGC1B,PCSK1N,SLC8A3,ASPN,ACVR1C,MX1,COL4A3,CSF3,HERC5,TXK,IL32,CDH13,RGS7BP,CTSS,BST2,PADI2,TNFRSF21,TLR2,RSAD2,GPRC5B,NRK,CABP5,ITGB4,TCIM,IFI6,SLC39A8,PLPPR4,PIK3R3,PDGFD,GCNT2,PAPPA,KCNB1,RARRES2,TNFRSF10C,AKAP6,IGF1,SOCS1,LOC105378858,CXCL1,VAV3,CTSH,PPM1H,SHC2,F2RL2,IFI27,MCOLN3,PIK3IP1,MAP3K9,HAP1,IGFBP2,ROBO2,MYZAP,FBP1,BEX2,RCAN2,RRAD,LEPR,DUSP4,MMP12,PDGFRL,CD7,FMOD,MARK1,CYFIP2,H2BC11,SEMA6A,PLA2G4C,CCL2,F11R,MRGPRE,IGFBP5,ADGRB2,BRSK2,MCOLN2,MAP3K21,IL12A,ANK1,DOCK8,MAPT,SEMA6D,JAG2,PGAM2,DTX4,GALNT3,MCTP1,LLGL2,CELSR1,ICOSLG,ADORA1,BANK1,TMEM132A,SLC15A3,CLIC2,C1QTNF1,PLD1,CA8,SOX8,DUSP6,TG,CXCL3,GPRC5C,ADAMTS12,F2RL1,KALRN,TPCN1,OPRD1,TSPAN15,IFIH1,RAP1GAP,ARRB1,PRLR,ACKR4,KLF14,CADM4,SGCD,SAMD5,FOS,OASL,DLX1,CNIH3,DTNA,RELB,TBC1D10C,DLK2,WNT9A,PLCG2,RGS16,PREX2,FOXF1,ICAM1,SCARB1,TEC,ISL1,GDF15,PRAG1,FBLN1,HTR2B,ABCA1,MAPK8IP2,NDRG2,TRBV12-3,ADAM8,TRBV12-4,MYOZ2,CXCL2,DKK2,ACER2,CAMK1D,SEMA3D,NOX4,NTN1,ABCA7,CXCL8,GPR155,BMP2,SAMD12,SULF2,MIR224,ZNF219,CHMP4C,AGRN,TNFSF9,RHBDF2,ADORA2A,EGF,PTPRO,BATF2,CASP1,DOCK4,CXCL5,LTK,GPR37,MAFB,FRRS1L,ADGRA3,IRF5,EGFL7,PTPRK,PTPRR,RRAGD,SMPD3,ITPR2,GLRB,CAMK1G,KCNQ3,ACSL5,ASB9,FRAT2,CPZ,PPM1K,P2RX5,ISG15,SPI1,STC1,PRNP,GAS1,P2RX6,ARMC9,RIGI,CDH2,CLU,CSF2RB,BDKRB2,SORL1,RGS17,OSGIN1,RND3,PIK3CD,CDA,RRM2B,ADAP1,CDKN2B,SHC3,HGF,USP44,PTPN3,BMP4,GRK4,RARB,THRB,GPRC5A,HOXA13,ABCC9,PLA2R1"
"GO:BP","antimicrobial humoral immune response mediated by antimicrobial peptide","GO:0061844","false","0.00007518843840605473","4.123848934973229","28","772","12","16535","CCL11,CCL5,CCL7,CXCL6,H2BC8,H2BC21,H2BC11,CCL2,H2BC12L,H2BC12,CXCL8,CXCL5"
"GO:BP","leukocyte chemotaxis","GO:0030595","false","0.00008099642002355418","4.091534176163016","141","772","26","16535","CCL11,CCL5,IL1B,TNFSF18,CX3CR1,SAA1,CCL7,CYP7B1,CXCL6,IL34,TGFB2,DPP4,PADI2,RARRES2,VAV3,MTUS1,CCL2,IL12A,CXCL3,F2RL1,ADAM8,CAMK1D,CXCL8,PTPRO,CXCL5,PIK3CD"
"GO:BP","granulocyte chemotaxis","GO:0071621","false","0.00010742987708833134","3.968874921149101","70","772","18","16535","CCL11,CCL5,IL1B,TNFSF18,SAA1,CCL7,CXCL6,IL34,TGFB2,DPP4,RARRES2,VAV3,CCL2,CXCL3,CAMK1D,CXCL8,CXCL5,PIK3CD"
"GO:BP","granulocyte migration","GO:0097530","false","0.00017894090049070142","3.7472903814715455","89","772","20","16535","CCL11,CCL5,IL1B,TNFSF18,SAA1,CCL7,CXCL6,IL34,TGFB2,DPP4,RARRES2,VAV3,CCL2,MCOLN2,CXCL3,ADAM8,CAMK1D,CXCL8,CXCL5,PIK3CD"
"GO:BP","anatomical structure development","GO:0048856","false","0.0003169140022448663","3.499058571906775","4339","772","273","16535","CLSTN2,CCL11,EHF,C3,CLDN1,PTPRZ1,ELF3,SFRP4,CD36,IL1B,CDX1,WNT7B,TNFSF18,IL1A,SH3GL2,INPP5D,AREG,CX3CR1,SNCA,DLL4,CCL7,APOD,CYP7B1,HSD17B2,EREG,SCN3B,CNTN1,CSF2,TACSTD2,OAS2,CYP26B1,SYT1,BRINP2,PRXL2A,ASTN1,LRRN3,CDH8,IL34,STRA6,SLITRK6,POU2F2,SOD2,TGFB2,LPAR3,PCDHA12,NFAM1,PPARGC1B,FOXE1,SLC8A3,HOXC13,ASPN,ACVR1C,LCE2A,COL4A3,CSF3,IVL,CDH13,H4C8,TMC1,TTC9,LHX9,PADI2,COL8A1,TNFRSF21,TLR2,RSAD2,SYPL2,GPRC5B,ITGB4,COL4A4,BFSP1,RGCC,SDK2,TCIM,SPINT1,PLPPR4,AKR1B1,KRT12,PIK3R3,PDGFD,GCNT2,GJA5,KCNB1,RARRES2,AKAP6,IGF1,H4C5,SOCS1,CXCL1,VAV3,CTSH,PCDHA4,RUNX3,L1CAM,MCOLN3,ALPL,SNAP25,ANOS1,HAP1,ROBO2,RFLNA,LRRN1,LEPR,DUSP4,MMP12,MARK1,CYFIP2,JPH1,BTG2,SEMA6A,CCL2,F11R,PCDHB8,ODAD2,TMEM178A,SCN1A,IGFBP5,ADGRB2,BRSK2,PTPRQ,KRT17,IL12A,CRYBB3,MGP,PCSK5,MAPT,TPD52,SEMA6D,JAG2,HLA-B,TGM1,TENT5C,GALNT3,CELSR1,H2BC12L,ICOSLG,ADORA1,PLAAT4,PCDH8,ABCA3,DNAH5,B4GALT6,SOX8,DUSP6,TG,H4C16,PARD6B,MACROD2,ADAMTS12,HERC6,ALDH5A1,F2RL1,KALRN,UNC13A,PRLR,ETV7,INA,PCDHB14,SGCD,RAB6B,ADAMTS5,DRGX,CACNA1H,FOS,RTN4RL1,VSIG1,DLX1,ANXA3,CHD7,CTSK,PCDHB13,RELB,WNT9A,PLCG2,PREX2,AFP,SPTBN2,FOXF1,SRPX2,ICAM1,SEZ6L2,TANC1,PRTG,PCDHB5,ISL1,GDF15,ZBTB46,PRAG1,HTR2B,MAPK8IP2,NDRG2,IGSF3,ADAM21,MMP15,ADAM8,MYOZ2,DKK2,CAMK1D,PRDM1,SEMA3D,NOX4,NTN1,AMIGO1,CXCL8,BMP2,MAP7D2,SULF2,ZNF219,EMB,SULT4A1,AGRN,TNFSF9,JAM2,MKX,PLAAT3,ADORA2A,EGF,MOV10L1,PTPRO,BATF2,POPDC2,DOCK4,DGAT2,LTK,CYSRT1,GPR37,MAFB,EGFL7,PTPRK,NTN4,PCDH1,PTPRR,H4C15,H4C14,TFAP2C,MSI2,SMPD3,GLRB,NMNAT2,KCNQ3,SOX6,PPARGC1A,FRY,ROBO3,RAB26,RDH10,P2RX5,LZTS3,SLC20A2,ISG15,SPI1,STC1,CDH2,CLU,SORL1,LOXL2,PIK3CD,ENTPD7,RRM2B,SHROOM2,LAMA3,CDKN2B,CFAP70,SHC3,HGF,USP44,PCDHB6,BMP4,RARB,THRB,APBA2,HOXA13,ABCC9"
"GO:BP","positive regulation of cytokine production","GO:0001819","false","0.0003189681858995931","3.4962526316051177","337","772","42","16535","C3,OAS1,CD36,IL1B,IL1A,EBI3,SAA1,EREG,CSF2,OAS2,POU2F2,NFAM1,TXK,IL32,TLR2,RSAD2,GPRC5B,RGCC,MMP12,SCAMP5,CD7,MCOLN2,IL12A,F2RL1,IFIH1,PLCG2,ISL1,HTR2B,ADAM8,SULF2,SPON2,CASP1,HLA-F,IRF5,ISG15,RIGI,CLU,SORL1,PIK3CD,HGF,ARRDC4,PLA2R1"
"GO:BP","metal ion transport","GO:0030001","true","0.0004495298461076928","3.347241468403349","544","772","57","16535","CCL5,SNCA,SCN3B,CNTN1,KCNJ6,KCNB2,SLC8A3,KCNN2,SLC38A11,NIPAL1,TMC1,KCNMB4,SLC39A8,PKD1L2,GJA5,KCNB1,AKAP6,KCNJ15,MCOLN3,SNAP25,RRAD,JPH1,CCL2,SCN1A,TSPAN13,MCOLN2,ATP1A3,ADORA1,CLIC2,SLC5A3,TPCN1,OPRD1,CACNA1H,CHD7,CACNA2D3,SLC22A4,PLCG2,HTR2B,AMIGO1,SLC4A11,KCNA3,ADORA2A,EGF,SLC9C1,ITPR2,KCNQ3,P2RX5,SLC20A2,STC1,PRNP,P2RX6,SLC28A3,SHROOM2,PTPN3,SCN4B,NALF1,ABCC9"
"GO:BP","regulation of transport","GO:0051049","true","0.0006589873091514565","3.1811229490153434","1164","772","97","16535","C3,CCL5,LCP1,SFRP4,CD36,IL1B,IL1A,SNCA,ABCB1,SAA1,APOD,SCN3B,CNTN1,KCNJ6,OAS2,ABCG1,SYT1,TGFB2,ACVR1C,KCNN2,CDH13,TMC1,CTSS,OCLN,KCNMB4,TLR2,RSAD2,RAB27B,RGCC,KCNB1,AKAP6,IGF1,LIPG,KCNJ15,F2RL2,IFI27,SNAP25,HAP1,RRAD,LEPR,SCAMP5,JPH1,CCL2,BRSK2,TSPAN13,IL12A,MCTP1,ADORA1,SGIP1,TMEM132A,CLIC2,ABCA3,C1QTNF1,PLD1,F2RL1,KALRN,OPRD1,ARRB1,CHD7,CNIH3,PLCG2,FOXF1,SCARB1,ISL1,ABCA1,MAPK8IP2,ADAM8,FER1L5,CAMK1D,AMIGO1,ABCA7,BMP2,SLC43A2,CALY,RHBDF2,ADORA2A,EGF,HLA-F,KMO,SMPD3,ACSL5,FRAT2,RAB26,P2RX5,MX2,SPI1,STC1,PRNP,GAS1,CDH2,CLU,SORL1,PTPN3,SCN4B,BMP4,ABCC9,PLA2R1"
"GO:BP","system process","GO:0003008","false","0.0006624141108469146","3.1788704247170214","1213","772","100","16535","CLSTN2,CCL11,PTPRZ1,CD36,IL1B,SH3GL2,SNCA,ABCB1,DLL4,SCN3B,BTC,ACP3,TACSTD2,KCNB2,RETREG1,STRA6,SLITRK6,SOD2,TGFB2,FABP2,SLC8A3,KCNN2,COL4A3,TMC1,TNFRSF21,OCLN,KCNMB4,TLR2,CCND2,AKR1B1,KRT12,GJA5,AKAP6,IGF1,SNAP25,LEPR,ABCC6,BTG2,CCL2,F11R,GM2A,SCN1A,IGFBP5,PTPRQ,CRYBB3,PCSK5,MAPT,JAG2,PGAM2,ATP1A3,ADORA1,CLIC2,PLEKHA7,C1QTNF1,F2RL1,KALRN,SLC5A3,ARRB1,SGCD,DRGX,CACNA1H,FOS,VSIG1,CHD7,DTNA,RGS16,SCARB1,TANC1,ISL1,GJA3,HTR2B,MAPK8IP2,MYOZ2,NOX4,ABCA7,GPR155,SULF2,JAM2,ADORA2A,PTPRO,POPDC2,DOCK4,SLC2A5,GLRB,SLC29A2,KCNQ3,USP53,RDH10,P2RX5,STC1,PRNP,ANKFN1,P2RX6,BDKRB2,PRCD,RRM2B,SCN4B,BMP4,THRB,ABCC9"
"GO:BP","developmental process","GO:0032502","false","0.0007733442270075183","3.1116271521185075","4732","772","291","16535","CLSTN2,CCL11,EHF,C3,CLDN1,PTPRZ1,ELF3,SFRP4,CD36,IL1B,CDX1,WNT7B,TNFSF18,IL1A,SH3GL2,INPP5D,AREG,CX3CR1,SNCA,DLL4,CCL7,APOD,CYP7B1,HSD17B2,EREG,SCN3B,BTC,CNTN1,CSF2,TACSTD2,OAS2,CYP26B1,ABCG1,SYT1,BRINP2,PRXL2A,RETREG1,ASTN1,LRRN3,CDH8,IL34,STRA6,SLITRK6,POU2F2,SOD2,TGFB2,LPAR3,PCDHA12,NFAM1,PPARGC1B,FOXE1,SLC8A3,HOXC13,ASPN,ACVR1C,LCE2A,COL4A3,CSF3,IVL,CDH13,H4C8,TMC1,TTC9,LHX9,PADI2,COL8A1,TNFRSF21,TLR2,RSAD2,SYPL2,GPRC5B,ITGB4,COL4A4,BFSP1,RGCC,SDK2,TCIM,SPINT1,PLPPR4,AKR1B1,KRT12,PIK3R3,PDGFD,GCNT2,GJA5,KCNB1,RARRES2,AKAP6,IGF1,H4C5,SOCS1,CXCL1,VAV3,CTSH,PCDHA4,RUNX3,L1CAM,MCOLN3,ALPL,SNAP25,ANOS1,HAP1,IGFBP2,ROBO2,RFLNA,LRRN1,LEPR,DUSP4,MMP12,DNAI3,MARK1,CYFIP2,JPH1,BTG2,SEMA6A,CCL2,F11R,PCDHB8,ODAD2,TMEM178A,SCN1A,IGFBP5,ADGRB2,BRSK2,PTPRQ,KRT17,IL12A,CRYBB3,MGP,PCSK5,MAPT,TPD52,SEMA6D,JAG2,HLA-B,PGAM2,TGM1,TENT5C,GALNT3,CELSR1,H2BC12L,ICOSLG,ADORA1,MIAT,PLAAT4,PCDH8,A2M,ABCA3,DNAH5,B4GALT6,SOX8,GGT1,DUSP6,TG,H4C16,PARD6B,MACROD2,ADAMTS12,HERC6,ALDH5A1,F2RL1,KALRN,UNC13A,PRLR,ETV7,INA,PCDHB14,SGCD,RAB6B,ADAMTS5,DRGX,CACNA1H,FOS,RTN4RL1,VSIG1,DLX1,ANXA3,CHD7,CTSK,PCDHB13,RELB,DLK2,WNT9A,PLCG2,PREX2,AFP,SPTBN2,FOXF1,SRPX2,ICAM1,SEZ6L2,TANC1,PRTG,PCDHB5,ISL1,GDF15,ZBTB46,PRAG1,HTR2B,ABCA1,MAPK8IP2,NDRG2,IGSF3,ADAM21,MMP15,ADAM8,MYOZ2,DKK2,CAMK1D,PRDM1,SEMA3D,NOX4,NTN1,AMIGO1,CXCL8,BMP2,SLC4A11,MAP7D2,SULF2,ZNF219,EMB,SULT4A1,AGRN,TNFSF9,JAM2,MKX,PLAAT3,ADORA2A,EGF,MOV10L1,PTPRO,PLAC8,BATF2,POPDC2,DOCK4,DGAT2,LTK,CYSRT1,GPR37,MAFB,EGFL7,PTPRK,NTN4,PCDH1,PTPRR,H4C15,H4C14,TFAP2C,MSI2,SMPD3,SLC9C1,GLRB,NMNAT2,KCNQ3,SOX6,PPARGC1A,FRY,ROBO3,TP53INP1,RAB26,RDH10,P2RX5,LZTS3,SLC20A2,ISG15,SPI1,STC1,GAS1,CDH2,CLU,SORL1,LOXL2,OSGIN1,PIK3CD,ENTPD7,RRM2B,SHROOM2,LAMA3,CDKN2B,CFAP70,SHC3,HGF,USP44,PCDHB6,BMP4,RARB,THRB,TSGA10,APBA2,HOXA13,ABCC9"
"GO:BP","protein localization to CENP-A containing chromatin","GO:0061644","true","0.0007808553685643545","3.107429399478892","9","772","7","16535","H4C8,H4C5,H2BC11,H4C16,H2AC8,H4C15,H4C14"
"GO:BP","cell development","GO:0048468","false","0.0009469426576542892","3.0236763190097404","2060","772","149","16535","CCL11,C3,CLDN1,PTPRZ1,IL1B,WNT7B,TNFSF18,IL1A,SH3GL2,INPP5D,AREG,CX3CR1,DLL4,APOD,EREG,CNTN1,CSF2,CYP26B1,SYT1,PRXL2A,IL34,SLITRK6,POU2F2,SOD2,TGFB2,LPAR3,NFAM1,PPARGC1B,SLC8A3,CSF3,H4C8,TMC1,LHX9,TNFRSF21,TLR2,RSAD2,SYPL2,ITGB4,BFSP1,TCIM,SPINT1,PLPPR4,AKR1B1,PIK3R3,KCNB1,AKAP6,IGF1,H4C5,SOCS1,RUNX3,L1CAM,SNAP25,ANOS1,HAP1,ROBO2,RFLNA,LEPR,MARK1,CYFIP2,BTG2,SEMA6A,F11R,TMEM178A,BRSK2,PTPRQ,MAPT,TPD52,SEMA6D,JAG2,HLA-B,GALNT3,ICOSLG,B4GALT6,SOX8,H4C16,PARD6B,HERC6,F2RL1,KALRN,UNC13A,SGCD,RAB6B,DRGX,FOS,RTN4RL1,VSIG1,DLX1,CHD7,RELB,PLCG2,PREX2,ICAM1,PRTG,ISL1,ZBTB46,PRAG1,HTR2B,MAPK8IP2,ADAM8,MYOZ2,CAMK1D,PRDM1,SEMA3D,NTN1,AMIGO1,BMP2,MAP7D2,SULF2,EMB,SULT4A1,AGRN,TNFSF9,JAM2,MKX,ADORA2A,MOV10L1,PTPRO,BATF2,LTK,GPR37,MAFB,PTPRK,NTN4,H4C15,H4C14,MSI2,SMPD3,NMNAT2,KCNQ3,FRY,ROBO3,RDH10,P2RX5,LZTS3,ISG15,SPI1,STC1,CDH2,CLU,SORL1,PIK3CD,ENTPD7,CDKN2B,CFAP70,USP44,BMP4,RARB,THRB,HOXA13"
"GO:BP","cell activation","GO:0001775","false","0.001424732571595935","2.8462666469395037","770","772","71","16535","C3,CCL5,LCP1,IL1B,TNFSF18,IL1A,INPP5D,CX3CR1,SNCA,DLL4,EBI3,SAA1,CSF2,CYP26B1,CXCL6,POU2F2,NFAM1,TMEM229B,DPP4,BST2,TNFRSF21,RSAD2,RGCC,TCIM,PIK3R3,IGF1,SOCS1,VAV3,RUNX3,F2RL2,IGFBP2,LEPR,CD7,CCL2,F11R,IL12A,DOCK8,MAPT,TPD52,SEMA6D,JAG2,CYGB,ICOSLG,BANK1,C1QTNF1,F2RL1,PRLR,ANXA3,CHD7,RELB,TBC1D10C,PLCG2,FOXF1,ICAM1,TEC,ZBTB46,ADAM8,PRDM1,CXCL8,TNFSF9,ADORA2A,BATF2,HLA-F,MAFB,SPI1,PRNP,CLU,PIK3CD,ENTPD7,USP44,BMP4"
"GO:BP","homophilic cell-cell adhesion","GO:0007156","false","0.0015921043931485116","2.79802845928557","110","772","21","16535","CLSTN2,CDH8,PCDHA12,CDH13,SDK2,PCDHA4,L1CAM,ROBO2,PCDHB8,CELSR1,PCDH8,PCDHB14,CADM4,PCDHB13,PCDHB5,AMIGO1,EMB,PCDH1,ROBO3,CDH2,PCDHB6"
"GO:BP","cell motility","GO:0048870","false","0.0017817014912744353","2.74916505650105","1320","772","105","16535","CCL11,CCL5,CLDN1,LCP1,IL1B,TNFSF18,CX3CR1,DLL4,SAA1,CCL7,APOD,CYP7B1,CSF2,TACSTD2,ASTN1,CXCL6,CDH8,IL34,SOD2,TGFB2,FOXE1,ACVR1C,CDH13,DPP4,BST2,PADI2,ITGB4,RGCC,PIK3R3,PDGFD,GCNT2,PODXL2,RARRES2,IGF1,CXCL1,VAV3,CTSH,MTUS1,L1CAM,MMP12,DNAI3,MARK1,SEMA6A,CCL2,F11R,IGFBP5,MCOLN2,IL12A,DOCK8,SEMA6D,CYGB,MCTP1,CELSR1,ADORA1,DNAH5,SOX8,CXCL3,PARD6B,ADAMTS12,F2RL1,ACKR4,CADM4,DRGX,ANXA3,PLCG2,FOXF1,SRPX2,ICAM1,SCARB1,ISL1,GDF15,PRAG1,FBLN1,HTR2B,ADAM8,CXCL2,CAMK1D,SEMA3D,NTN1,CXCL8,BMP2,JAM2,EGF,PTPRO,DOCK4,CXCL5,PTPRK,NTN4,PTPRR,SMPD3,SLC9C1,ROBO3,TP53INP1,STC1,RIGI,CFAP210,CDH2,SORL1,LOXL2,PIK3CD,SHROOM2,LAMA3,CFAP70,HGF,BMP4"
"GO:BP","behavior","GO:0007610","false","0.0024907656124752587","2.603667138781428","457","772","49","16535","CLSTN2,CCL11,PI3,PTPRZ1,CX3CR1,SNCA,CNTN1,CSF2,ASTN1,STRA6,SLITRK6,SOD2,FOSB,SLC8A3,DPP4,TLR2,CCND2,GAD1,MCOLN3,SNAP25,LEPR,BTG2,GM2A,SCN1A,MAPT,CELSR1,ADORA1,SGIP1,KALRN,OPRD1,FOS,CHD7,PREX2,SPTBN2,SRPX2,SEZ6L2,TANC1,GDF15,HTR2B,MAPK8IP2,ABCA7,ADORA2A,GPR37,GLRB,KCNQ3,PRNP,ANKFN1,THRB,APBA2"
"GO:BP","myeloid leukocyte migration","GO:0097529","false","0.003036901779703163","2.5175692539239227","145","772","24","16535","CCL11,CCL5,IL1B,TNFSF18,CX3CR1,SAA1,CCL7,CXCL6,IL34,TGFB2,DPP4,PDGFD,RARRES2,VAV3,MTUS1,CCL2,MCOLN2,CXCL3,ADAM8,CAMK1D,CXCL8,PTPRO,CXCL5,PIK3CD"
"GO:BP","regulation of locomotion","GO:0040012","false","0.003086795499602501","2.510492141601825","816","772","73","16535","CCL11,CCL5,CLDN1,IL1B,TNFSF18,CX3CR1,SNCA,DLL4,CCL7,APOD,CSF2,TACSTD2,IL34,SOD2,TGFB2,ACVR1C,CDH13,DPP4,BST2,PADI2,RGCC,PIK3R3,PDGFD,GCNT2,RARRES2,IGF1,CTSH,MTUS1,ROBO2,DNAI3,SEMA6A,CCL2,IGFBP5,IL12A,DOCK8,SEMA6D,CYGB,MCTP1,ADORA1,PARD6B,F2RL1,CADM4,ANXA3,PLCG2,FOXF1,SRPX2,ICAM1,SCARB1,GDF15,PRAG1,FBLN1,ADAM8,CAMK1D,SEMA3D,NTN1,CXCL8,BMP2,JAM2,EGF,PTPRO,DOCK4,PTPRK,PTPRR,SMPD3,ROBO3,TP53INP1,STC1,RIGI,SORL1,PIK3CD,LAMA3,HGF,BMP4"
"GO:BP","inflammatory response","GO:0006954","false","0.003274320418921928","2.4848788235921635","561","772","56","16535","CCL11,C3,CCL5,SAA2,ELF3,SAA2-SAA4,CD36,IL1B,TNFSF18,IL1A,CX3CR1,SNCA,SAA1,CCL7,APOD,CYP26B1,CXCL6,IL34,NFAM1,TLR2,GPRC5B,SLC39A8,RARRES2,IGF1,CXCL1,IFI27,PLA2G4C,CCL2,F11R,MAPT,ADORA1,GGT1,CXCL3,ADAMTS12,F2RL1,FOS,RELB,PLCG2,FOXF1,ISL1,ADAM8,CXCL2,CAMK1D,NOX4,CXCL8,BMP2,RHBDF2,ADORA2A,CASP1,CXCL5,IRF5,CLU,BDKRB2,MGST2,PIK3CD,HGF"
"GO:BP","leukocyte activation","GO:0045321","false","0.00377012617319427","2.4236441152039943","667","772","63","16535","C3,CCL5,LCP1,IL1B,TNFSF18,IL1A,INPP5D,CX3CR1,SNCA,DLL4,EBI3,CSF2,CYP26B1,CXCL6,POU2F2,NFAM1,TMEM229B,DPP4,BST2,TNFRSF21,RSAD2,PIK3R3,IGF1,SOCS1,VAV3,RUNX3,IGFBP2,LEPR,CD7,CCL2,IL12A,DOCK8,MAPT,TPD52,SEMA6D,JAG2,ICOSLG,BANK1,F2RL1,PRLR,ANXA3,CHD7,RELB,TBC1D10C,PLCG2,FOXF1,ICAM1,ZBTB46,ADAM8,PRDM1,CXCL8,TNFSF9,ADORA2A,BATF2,HLA-F,MAFB,SPI1,PRNP,CLU,PIK3CD,ENTPD7,USP44,BMP4"
"GO:BP","transmembrane transport","GO:0055085","true","0.0043412418491869135","2.362386019081462","1062","772","88","16535","C3,CD36,IL1B,SNCA,ABCB1,SLC7A14,SCN3B,CLCA2,KCNJ6,ABCG1,KCNB2,SLC16A6,STRA6,POU2F2,SLC8A3,KCNN2,SLC38A11,NIPAL1,TMC1,CTSS,OCLN,KCNMB4,SLC39A8,PKD1L2,GJA5,KCNB1,AKAP6,IGF1,KCNJ15,MCOLN3,SNAP25,RRAD,ABCC6,SLC7A4,JPH1,SCN1A,TSPAN13,MCOLN2,SLCO4A1,ATP1A3,SLC15A3,CLIC2,ABCA3,ABCA9,SLC5A3,TPCN1,CACNA1H,CHD7,CACNA2D3,SLC22A4,CNIH3,PLCG2,SCARB1,NFKBIE,GJA3,HTR2B,ABCA1,MAPK8IP2,ANO4,TMEM144,AMIGO1,SLC7A7,ABCA7,GPR155,SLC47A1,SLC4A11,SLC43A2,ANO3,EMB,KCNA3,SLC2A5,SLC9C1,ITPR2,GLRB,SLC29A2,KCNQ3,ACSL5,ABCA10,P2RX5,SLC20A2,PRNP,P2RX6,SLC28A3,SHROOM2,PTPN3,SCN4B,NALF1,ABCC9"
"GO:BP","calcium-mediated signaling","GO:0019722","true","0.004539265273569159","2.343014436450611","148","772","24","16535","CX3CR1,NFAM1,CDH13,AKAP6,IGF1,MCOLN3,RCAN2,ADGRB2,MCOLN2,MAPT,MCTP1,CLIC2,CA8,TPCN1,ACKR4,SGCD,TBC1D10C,PLCG2,HTR2B,MYOZ2,CXCL8,ITPR2,P2RX5,PRNP"
"GO:BP","tissue development","GO:0009888","false","0.005613211667943938","2.2507885807115926","1452","772","111","16535","CCL11,EHF,C3,CLDN1,SFRP4,IL1B,CDX1,WNT7B,AREG,DLL4,CYP7B1,EREG,TACSTD2,CYP26B1,STRA6,SLITRK6,TGFB2,FOXE1,HOXC13,ASPN,LCE2A,IVL,TMC1,COL8A1,ITGB4,BFSP1,RGCC,SPINT1,AKR1B1,KRT12,PDGFD,GCNT2,GJA5,AKAP6,IGF1,CTSH,RUNX3,MCOLN3,ALPL,ROBO2,RFLNA,DUSP4,MMP12,MARK1,BTG2,SEMA6A,F11R,IGFBP5,BRSK2,PTPRQ,KRT17,MGP,SEMA6D,JAG2,TGM1,GALNT3,CELSR1,PLAAT4,PCDH8,SOX8,ADAMTS12,F2RL1,PRLR,SGCD,ADAMTS5,FOS,VSIG1,CHD7,CTSK,WNT9A,FOXF1,ICAM1,ISL1,HTR2B,MMP15,ADAM8,MYOZ2,PRDM1,SEMA3D,NOX4,NTN1,BMP2,SULF2,ZNF219,PLAAT3,EGF,PTPRO,POPDC2,DGAT2,CYSRT1,MAFB,NTN4,SMPD3,SOX6,PPARGC1A,RDH10,SLC20A2,ISG15,SPI1,STC1,CDH2,SORL1,LOXL2,PIK3CD,LAMA3,HGF,BMP4,RARB,THRB,HOXA13,ABCC9"
"GO:BP","positive regulation of immune system process","GO:0002684","false","0.010086248905156279","1.9962703186672608","778","772","69","16535","C3,CCL5,OAS1,CD36,IL1B,TNFSF18,IL1A,INPP5D,CX3CR1,EBI3,CCL7,EREG,IL34,TGFB2,NFAM1,PPARGC1B,TXK,DPP4,CTSS,TNFRSF21,TLR2,RSAD2,GPRC5B,RGCC,CFI,PDGFD,RARRES2,IGF1,SOCS1,VAV3,RUNX3,IGFBP2,MMP12,CD7,CCL2,IL12A,DOCK8,HLA-B,ICOSLG,BANK1,SLC15A3,A2M,CFHR3,F2RL1,IFIH1,PRLR,FOS,OASL,PLCG2,C8G,CFHR1,CFH,ICAM1,TEC,ZBTB46,ADAM8,CAMK1D,CXCL8,TNFSF9,JAM2,SPON2,CASP1,HLA-F,IRF5,SPI1,PRNP,RIGI,CLU,PIK3CD"
"GO:BP","cell-cell signaling","GO:0007267","false","0.01069804196277279","1.9706957029296046","842","772","73","16535","CLSTN2,CCL5,NPBWR1,IL1B,TNFSF18,AREG,CX3CR1,SNCA,CCL7,EREG,SYT1,RASGRF2,CXCL6,CDH8,LPAR3,SLC8A3,ACVR1C,KCNMB4,PLPPR4,GJA5,KCNB1,GAD1,F2RL2,SNAP25,HAP1,CCL2,BRSK2,PCSK5,MAPT,MCTP1,ADORA1,TMEM132A,PCDH8,C1QTNF1,ALDH5A1,F2RL1,KALRN,UNC13A,INA,PCDHB14,CHD7,CNIH3,PCDHB13,DTNA,PCDHB5,ISL1,GDF15,GJA3,HTR2B,ABCA1,MAPK8IP2,ADAM8,FER1L5,BMP2,AGRN,TNFSF9,ADORA2A,CXCL5,FRRS1L,KMO,PCDH1,FBXO2,TFAP2C,SMPD3,GLRB,KCNQ3,P2RX5,PRNP,P2RX6,HGF,PCDHB6,BMP4,APBA2"
"GO:BP","regulation of developmental process","GO:0050793","false","0.011235066696965565","1.9494243450483124","1838","772","132","16535","CLSTN2,CCL11,C3,PTPRZ1,SFRP4,CD36,IL1B,CDX1,WNT7B,TNFSF18,IL1A,INPP5D,AREG,CX3CR1,DLL4,CCL7,EREG,BTC,CSF2,TACSTD2,OAS2,CYP26B1,ABCG1,SYT1,BRINP2,PRXL2A,LRRN3,IL34,SLITRK6,SOD2,TGFB2,LPAR3,NFAM1,PPARGC1B,ASPN,COL4A3,CSF3,H4C8,TNFRSF21,TLR2,GPRC5B,RGCC,TCIM,SPINT1,GCNT2,RARRES2,AKAP6,IGF1,H4C5,SOCS1,CTSH,RUNX3,L1CAM,HAP1,ROBO2,RFLNA,LRRN1,DNAI3,MARK1,BTG2,SEMA6A,CCL2,F11R,TMEM178A,IGFBP5,ADGRB2,BRSK2,KRT17,MGP,MAPT,SEMA6D,HLA-B,TENT5C,PLAAT4,SOX8,DUSP6,TG,H4C16,ADAMTS12,KALRN,UNC13A,PRLR,FOS,RTN4RL1,DLX1,ANXA3,CHD7,CTSK,DLK2,WNT9A,SRPX2,PRTG,ISL1,GDF15,ZBTB46,PRAG1,ABCA1,ADAM8,CAMK1D,PRDM1,NTN1,AMIGO1,CXCL8,BMP2,SLC4A11,ZNF219,AGRN,TNFSF9,JAM2,PLAAT3,EGF,PLAC8,LTK,MAFB,NTN4,H4C15,H4C14,SMPD3,SOX6,TP53INP1,P2RX5,LZTS3,SLC20A2,ISG15,SPI1,SORL1,LOXL2,PIK3CD,LAMA3,HGF,BMP4,RARB"
"GO:BP","regulation of cell migration","GO:0030334","false","0.01231972386637142","1.9093990263156784","751","772","67","16535","CCL11,CCL5,CLDN1,IL1B,TNFSF18,CX3CR1,DLL4,CCL7,APOD,CSF2,TACSTD2,IL34,SOD2,TGFB2,ACVR1C,CDH13,DPP4,BST2,PADI2,RGCC,PIK3R3,PDGFD,GCNT2,RARRES2,IGF1,CTSH,MTUS1,DNAI3,SEMA6A,CCL2,IGFBP5,IL12A,DOCK8,SEMA6D,CYGB,MCTP1,ADORA1,PARD6B,F2RL1,ANXA3,PLCG2,FOXF1,SRPX2,ICAM1,SCARB1,GDF15,FBLN1,ADAM8,CAMK1D,SEMA3D,NTN1,CXCL8,BMP2,JAM2,EGF,DOCK4,PTPRK,PTPRR,SMPD3,TP53INP1,STC1,RIGI,SORL1,PIK3CD,LAMA3,HGF,BMP4"
"GO:BP","G protein-coupled receptor signaling pathway","GO:0007186","false","0.013976158893448016","1.8546121705497807","469","772","48","16535","VIPR1,CCL11,C3,CCL5,NPBWR1,AREG,CX3CR1,SNCA,CCL7,EREG,ACP3,GNA14,LPAR3,PCSK1N,RGS7BP,PADI2,GPRC5B,PLPPR4,AKAP6,CXCL1,F2RL2,PDGFRL,CCL2,MRGPRE,ADGRB2,CELSR1,ADORA1,GPRC5C,F2RL1,OPRD1,ARRB1,ACKR4,RGS16,PREX2,HTR2B,ABCA1,CXCL8,ZNF219,AGRN,ADORA2A,GPR37,ADGRA3,GLRB,BDKRB2,SORL1,RGS17,GRK4,GPRC5A"
"GO:BP","complement activation","GO:0006956","false","0.014160182506046448","1.8489311491280227","28","772","10","16535","C3,IL1B,RGCC,CFI,A2M,CFHR3,C8G,CFHR1,CFH,CLU"
"GO:BP","regulation of cell population proliferation","GO:0042127","true","0.01511569206471422","1.8205719640663225","1192","772","94","16535","VIPR1,CCL11,CCL5,CLDN1,PTPRZ1,SFRP4,IL1B,TNFSF18,IL1A,INPP5D,AREG,CX3CR1,DLL4,EBI3,APOD,CYP7B1,EREG,BTC,CSF2,TACSTD2,IL34,HPSE2,SOD2,TGFB2,ACVR1C,COL4A3,CSF3,CDH13,DPP4,BST2,TNFRSF21,RGCC,CCND2,SPINT1,PDGFD,GCNT2,IGF1,CXCL1,VAV3,H2AC6,CTSH,RUNX3,IGFBP2,LEPR,MMP12,BTG2,CCL2,IGFBP5,IL12A,TPD52,JAG2,TGM1,ICOSLG,ADORA1,PLAAT4,SOX8,PRLR,CADM4,WNT9A,FOXF1,ISL1,FBLN1,HTR2B,H2AC8,NDRG2,ACER2,PRDM1,NOX4,NTN1,CXCL8,BMP2,SULF2,TNFSF9,ADORA2A,EGF,PLAC8,RARRES1,CXCL5,LTK,EGFL7,PTPRK,FBXO2,TFAP2C,SMPD3,PPARGC1A,TP53INP1,PRNP,CDH2,CLU,CSF2RB,PIK3CD,CDKN2B,BMP4,RARB"
"GO:BP","regulation of secretion","GO:0051046","false","0.016561160749528507","1.7809092273670448","429","772","45","16535","CCL5,IL1B,IL1A,SNCA,SAA1,OAS2,ABCG1,SYT1,TGFB2,ACVR1C,KCNMB4,TLR2,RSAD2,RAB27B,RGCC,KCNB1,IGF1,F2RL2,SNAP25,HAP1,SCAMP5,BRSK2,IL12A,MCTP1,ADORA1,TMEM132A,C1QTNF1,F2RL1,KALRN,CHD7,FOXF1,ISL1,ADAM8,FER1L5,BMP2,RHBDF2,ADORA2A,EGF,HLA-F,KMO,SMPD3,RAB26,SPI1,STC1,PLA2R1"
"GO:BP","regulation of cell motility","GO:2000145","false","0.01705294239550695","1.7682006749775618","789","772","69","16535","CCL11,CCL5,CLDN1,IL1B,TNFSF18,CX3CR1,DLL4,CCL7,APOD,CSF2,TACSTD2,IL34,SOD2,TGFB2,ACVR1C,CDH13,DPP4,BST2,PADI2,RGCC,PIK3R3,PDGFD,GCNT2,RARRES2,IGF1,CTSH,MTUS1,DNAI3,SEMA6A,CCL2,IGFBP5,IL12A,DOCK8,SEMA6D,CYGB,MCTP1,ADORA1,PARD6B,F2RL1,CADM4,ANXA3,PLCG2,FOXF1,SRPX2,ICAM1,SCARB1,GDF15,PRAG1,FBLN1,ADAM8,CAMK1D,SEMA3D,NTN1,CXCL8,BMP2,JAM2,EGF,DOCK4,PTPRK,PTPRR,SMPD3,TP53INP1,STC1,RIGI,SORL1,PIK3CD,LAMA3,HGF,BMP4"
"GO:BP","nervous system development","GO:0007399","false","0.019414829030529827","1.7118664295539059","1963","772","138","16535","CLSTN2,CCL11,C3,CLDN1,PTPRZ1,IL1B,WNT7B,SH3GL2,AREG,CX3CR1,SNCA,DLL4,APOD,SCN3B,CNTN1,CYP26B1,SYT1,BRINP2,ASTN1,LRRN3,IL34,SLITRK6,SOD2,TGFB2,LPAR3,PCDHA12,SLC8A3,ACVR1C,TMC1,LHX9,PADI2,TNFRSF21,TLR2,SYPL2,GPRC5B,ITGB4,SDK2,SPINT1,PLPPR4,KCNB1,CXCL1,PCDHA4,RUNX3,L1CAM,MCOLN3,SNAP25,ANOS1,HAP1,ROBO2,LRRN1,LEPR,MARK1,CYFIP2,BTG2,SEMA6A,CCL2,PCDHB8,ODAD2,SCN1A,ADGRB2,BRSK2,PTPRQ,MAPT,SEMA6D,JAG2,CELSR1,H2BC12L,ADORA1,DNAH5,B4GALT6,SOX8,TG,PARD6B,MACROD2,ALDH5A1,KALRN,UNC13A,INA,PCDHB14,RAB6B,DRGX,FOS,RTN4RL1,DLX1,CHD7,PCDHB13,WNT9A,PREX2,SPTBN2,SRPX2,SEZ6L2,PRTG,PCDHB5,ISL1,PRAG1,MAPK8IP2,NDRG2,CAMK1D,PRDM1,SEMA3D,NTN1,AMIGO1,BMP2,MAP7D2,SULF2,EMB,SULT4A1,AGRN,JAM2,ADORA2A,EGF,PTPRO,DOCK4,LTK,GPR37,MAFB,PTPRK,NTN4,PCDH1,MSI2,GLRB,NMNAT2,KCNQ3,SOX6,FRY,ROBO3,P2RX5,LZTS3,CDH2,CLU,SORL1,SHROOM2,SHC3,PCDHB6,BMP4,RARB,THRB,APBA2"
"GO:BP","defense response to other organism","GO:0098542","false","0.02112151923239622","1.6752748470039007","700","772","63","16535","CCL11,PI3,C3,CCL5,CLDN1,OAS1,CD36,INPP5D,CX3CR1,SNCA,CCL7,EREG,OAS2,CXCL6,IL34,H2BC8,MX1,HERC5,TXK,CTSS,BST2,TLR2,RSAD2,IFI6,CFI,RARRES2,H2BC21,IFI27,MMP12,H2BC11,CCL2,MCOLN2,IL12A,HLA-B,DTX4,H2BC12L,SLC15A3,H2BC12,A2M,F2RL1,TRIM29,IFIH1,OASL,RELB,PLCG2,C8G,CFH,ADAM8,PRDM1,CXCL8,SPON2,BATF2,CASP1,CXCL5,HLA-F,IRF5,MX2,ISG15,SPI1,RIGI,CLU,PIK3CD,USP44"
"GO:BP","response to molecule of bacterial origin","GO:0002237","false","0.02121123818119683","1.6734339793115267","232","772","30","16535","CLDN1,CD36,IL1B,IL1A,CX3CR1,SNCA,CSF2,CXCL6,SOD2,CSF3,TLR2,ALPL,CCL2,CMPK2,IL12A,DIO2,FOS,PLCG2,SCARB1,ABCA1,CXCL2,CXCL8,MIR224,SPON2,CASP1,CXCL5,IRF5,KMO,CSF2RB,MGST2"
"GO:BP","cellular response to stimulus","GO:0051716","false","0.02124537292966841","1.6727356411395113","5191","772","306","16535","VIPR1,CCL11,C3,CCL5,CLDN1,PTPRZ1,OAS1,SFRP4,NPBWR1,CD36,IL1B,WNT7B,TNFSF18,IL1A,SH3GL2,INPP5D,GUCY1A2,AREG,CX3CR1,SNCA,ABCB1,PDE11A,DLL4,EBI3,SAA1,CCL7,APOD,CYP7B1,EREG,BTC,CNTN1,CSF2,ACP3,OAS2,CYP26B1,ABCG1,SYT1,BRINP2,PRXL2A,HRK,RASGRF2,GNA14,ERP27,CXCL6,IL34,SOD2,TGFB2,LPAR3,NFAM1,FOSB,PPARGC1B,PCSK1N,SLC8A3,ASPN,ACVR1C,MX1,COL4A3,CSF3,HERC5,TXK,SOD3,IL32,CDH13,DPP4,RGS7BP,CTSS,BST2,PADI2,TNFRSF21,TLR2,RSAD2,GPRC5B,NRK,CABP5,ITGB4,RGCC,TCIM,IFI6,CCND2,SLC39A8,PLPPR4,AKR1B1,FMO2,PIK3R3,PDGFD,GCNT2,PAPPA,KCNB1,RARRES2,TNFRSF10C,AKAP6,IGF1,SOCS1,LOC105378858,CXCL1,VAV3,CTSH,MTUS1,PPM1H,SHC2,F2RL2,IFI27,MCOLN3,PIK3IP1,MAP3K9,HAP1,IGFBP2,ROBO2,MYZAP,FBP1,BEX2,RCAN2,RRAD,LEPR,DUSP4,MMP12,SCAMP5,PDGFRL,CD7,FMOD,MARK1,CYFIP2,H2BC11,BTG2,SEMA6A,PLA2G4C,CCL2,F11R,CMPK2,MRGPRE,IGFBP5,ADGRB2,BRSK2,MCOLN2,MAP3K21,IL12A,ANK1,DOCK8,FMO4,MAPT,SEMA6D,JAG2,PGAM2,CYGB,DTX4,GALNT3,MCTP1,LLGL2,CELSR1,ATP1A3,ICOSLG,CES3,ADORA1,BANK1,TMEM132A,SLC15A3,CLIC2,C1QTNF1,PLD1,CA8,SOX8,DUSP6,TG,CXCL3,MACROD2,GPRC5C,ADAMTS12,F2RL1,KALRN,TPCN1,OPRD1,TSPAN15,IFIH1,RAP1GAP,ARRB1,PRLR,ACKR4,KLF14,CADM4,SGCD,SAMD5,CACNA1H,FOS,RTN4RL1,OASL,DLX1,CNIH3,DTNA,RELB,TBC1D10C,DLK2,WNT9A,PLCG2,RGS16,DRAM1,PREX2,FOXF1,ICAM1,SCARB1,TEC,ISL1,GDF15,PRAG1,FBLN1,HTR2B,ABCA1,MAPK8IP2,NDRG2,TRBV12-3,ADAM8,TRBV12-4,MYOZ2,CXCL2,DKK2,ACER2,CAMK1D,SEMA3D,NOX4,NTN1,AMIGO1,ABCA7,CXCL8,GPR155,BMP2,SAMD12,SLC4A11,SULF2,MIR224,ZNF219,CHMP4C,AGRN,TNFSF9,RHBDF2,SPON2,ADORA2A,EGF,PTPRO,BATF2,CPNE8,PRDX6,CASP1,DOCK4,DGAT2,CXCL5,LTK,GPR37,MAFB,FRRS1L,ADGRA3,IRF5,EGFL7,KMO,PTPRK,SLC2A5,PTPRR,FBXO2,RRAGD,SMPD3,ITPR2,GLRB,CAMK1G,KCNQ3,ACSL5,ASB9,PPARGC1A,TP53INP1,FRAT2,CPZ,PPM1K,P2RX5,ISG15,SPI1,STC1,PRNP,GAS1,P2RX6,ARMC9,RIGI,CDH2,CLU,CSF2RB,BDKRB2,MGST2,SORL1,RGS17,OSGIN1,RND3,PIK3CD,CDA,SLC28A3,RRM2B,SHROOM2,ADAP1,CDKN2B,SHC3,HGF,USP44,PTPN3,BMP4,GRK4,RARB,THRB,GPRC5A,HOXA13,ABCC9,PLA2R1"
"GO:BP","animal organ development","GO:0048513","false","0.024021085629696907","1.619407368609537","2187","772","150","16535","CCL11,CLDN1,ELF3,SFRP4,IL1B,CDX1,WNT7B,AREG,CX3CR1,DLL4,APOD,CYP7B1,HSD17B2,EREG,CNTN1,CSF2,TACSTD2,OAS2,CYP26B1,STRA6,SLITRK6,SOD2,TGFB2,PPARGC1B,FOXE1,HOXC13,ASPN,LCE2A,COL4A3,IVL,TMC1,TTC9,LHX9,PADI2,COL8A1,SYPL2,ITGB4,COL4A4,BFSP1,RGCC,SDK2,SPINT1,PLPPR4,AKR1B1,KRT12,PDGFD,GCNT2,GJA5,RARRES2,AKAP6,IGF1,CTSH,RUNX3,MCOLN3,ALPL,HAP1,ROBO2,RFLNA,LEPR,MMP12,MARK1,JPH1,BTG2,SEMA6A,CCL2,ODAD2,IGFBP5,PTPRQ,KRT17,CRYBB3,MGP,PCSK5,SEMA6D,JAG2,TGM1,GALNT3,CELSR1,H2BC12L,PLAAT4,ABCA3,DNAH5,SOX8,DUSP6,TG,MACROD2,ADAMTS12,KALRN,PRLR,ETV7,INA,SGCD,ADAMTS5,CACNA1H,FOS,RTN4RL1,DLX1,CHD7,CTSK,WNT9A,AFP,SPTBN2,FOXF1,SEZ6L2,ISL1,HTR2B,NDRG2,IGSF3,ADAM21,ADAM8,MYOZ2,PRDM1,SEMA3D,NOX4,NTN1,AMIGO1,CXCL8,BMP2,SULF2,ZNF219,MKX,PLAAT3,EGF,PTPRO,POPDC2,DGAT2,CYSRT1,MAFB,NTN4,TFAP2C,SMPD3,SOX6,PPARGC1A,RDH10,P2RX5,SLC20A2,ISG15,SPI1,STC1,CDH2,SORL1,LOXL2,RRM2B,SHROOM2,CDKN2B,HGF,BMP4,RARB,THRB,HOXA13,ABCC9"
"GO:BP","negative regulation of multicellular organismal process","GO:0051241","false","0.02448015112109135","1.611185905527559","781","772","68","16535","CCL11,OAS1,CD36,IL1B,TNFSF18,INPP5D,CX3CR1,APOD,TACSTD2,TGFB2,ACVR1C,COL4A3,BST2,TNFRSF21,TLR2,RGCC,GJA5,IGF1,SOCS1,RUNX3,ROBO2,RFLNA,MARK1,BTG2,SEMA6A,TMEM178A,IGFBP5,ADGRB2,IL12A,SEMA6D,CYGB,ADORA1,BANK1,C1QTNF1,SOX8,ADAMTS12,F2RL1,ARRB1,ADAMTS5,DLX1,CTSK,RELB,TBC1D10C,WNT9A,PRTG,GDF15,ZBTB46,FBLN1,NDRG2,NTN1,BMP2,JAM2,ADORA2A,PTPRO,PLAC8,DOCK4,HLA-F,MAFB,PTPRR,SOX6,SPI1,STC1,PRNP,SORL1,LOXL2,HGF,BMP4,RARB"
"GO:BP","defense response to symbiont","GO:0140546","false","0.02505527038045933","1.601100906267826","688","772","62","16535","CCL11,PI3,C3,CCL5,CLDN1,OAS1,CD36,INPP5D,CX3CR1,SNCA,CCL7,EREG,OAS2,CXCL6,IL34,H2BC8,MX1,HERC5,TXK,CTSS,BST2,TLR2,RSAD2,IFI6,CFI,RARRES2,H2BC21,IFI27,MMP12,H2BC11,CCL2,MCOLN2,IL12A,HLA-B,DTX4,H2BC12L,SLC15A3,H2BC12,A2M,F2RL1,TRIM29,IFIH1,OASL,RELB,PLCG2,C8G,CFH,ADAM8,PRDM1,CXCL8,SPON2,CASP1,CXCL5,HLA-F,IRF5,MX2,ISG15,SPI1,RIGI,CLU,PIK3CD,USP44"
"GO:BP","regulation of membrane potential","GO:0042391","true","0.03783358677572384","1.4221224838972255","290","772","34","16535","CD36,SNCA,SCN3B,KCNB2,GNA14,SOD2,SLC8A3,KCNN2,RGS7BP,KCNMB4,IFI6,SLC39A8,GJA5,KCNB1,AKAP6,SCN1A,MAPT,ATP1A3,ADORA1,OPRD1,CACNA1H,MAPK8IP2,SLC4A11,KCNA3,ADORA2A,POPDC2,GLRB,KCNQ3,USP53,P2RX5,P2RX6,PTPN3,SCN4B,ABCC9"
"GO:CC","cell periphery","GO:0071944","true","2.301793026121687e-23","22.637933730078256","3810","772","311","16535","VIPR1,CLSTN2,PI3,C3,CLDN1,PTPRZ1,LCP1,NPBWR1,CD36,WNT7B,TNFSF18,MGAM,SH3GL2,INPP5D,CX3CR1,SNCA,ABCB1,LIPH,DLL4,EBI3,SLC7A14,TRIM36,EREG,SCN3B,BTC,CNTN1,CLCA2,CSF2,ACP3,TACSTD2,KCNJ6,ABCG1,SYT1,KCNB2,SLC16A6,RASGRF2,GNA14,ASTN1,LRRN3,CDH8,HPSE2,STRA6,SLITRK6,PLEKHH2,LPAR3,PCDHA12,NFAM1,FABP2,SLC8A3,ASPN,ACVR1C,MX1,KCNN2,COL4A3,TXK,IVL,CDH13,DPP4,TMC1,RGS7BP,BST2,COL8A1,TNFRSF21,OCLN,KCNMB4,TLR2,GPRC5B,ITGB4,COL4A4,RAB27B,BFSP1,SDK2,TCIM,IFI6,SLC39A8,SPINT1,PLPPR4,PDZD4,PODXL2,GJA5,KCNB1,RARRES2,TNFRSF10C,AKAP6,IGF1,KCNJ15,VAV3,PCDHA4,MTUS1,L1CAM,SHC2,GAD1,F2RL2,MCOLN3,ALPL,PIK3IP1,SNAP25,ANOS1,IGFBP2,ROBO2,SEPTIN3,MYZAP,LRRN1,RRAD,ENPP5,LEPR,MMP12,SCAMP5,ABCC6,CD7,SLC7A4,FMOD,MARK1,JPH1,H2BC11,SEMA6A,PLA2G4C,F11R,PCDHB8,CD82,GM2A,MRGPRE,SCN1A,ADGRB2,TSPAN13,MCOLN2,PTPRQ,KRT17,BACE2,ANK1,MGP,DOCK8,MAPT,SEMA6D,JAG2,SLCO4A1,DIO2,HLA-B,TGM1,TSPAN9,LLGL2,CELSR1,ATP1A3,ICOSLG,ADORA1,SGIP1,LYPD5,TMEM132A,PCDH8,TSPAN11,CLIC2,ABCA3,PRRG4,C1QTNF1,PLD1,GGT1,PARD6G,PARD6B,ENPP4,GPRC5C,ADAMTS12,F2RL1,SLC5A3,OPRD1,UNC13A,CTSF,TSPAN15,ARRB1,PRLR,MPP7,ACKR4,PARM1,PCDHB14,SGCD,ADAMTS5,CACNA1H,RTN4RL1,VSIG1,ANXA3,CACNA2D3,SLC22A4,CTSK,CNIH3,PCDHB13,DTNA,TBC1D10C,PLCG2,RGS16,C8G,PREX2,SPTBN2,SRPX2,ICAM1,SCARB1,TEC,SEZ6L2,PRTG,PCDHB5,FBLN1,GJA3,HTR2B,ABCA1,ADAM21,ANO4,MMP15,TRBV12-3,ADAM8,TRBV12-4,FER1L5,IGDCC4,SEMA3D,NOX4,NTN1,AMIGO1,SLC7A7,ABCA7,SLC47A1,BMP2,SAMD12,SLC4A11,SULF2,SLC43A2,CHMP4C,ANO3,EMB,KCNA3,AGRN,TNFSF9,JAM2,CALY,RHBDF2,PLAAT3,SPON2,ADORA2A,EGF,PTPRO,CPNE8,POPDC2,CASP1,DOCK4,LTK,CYSRT1,LRRC7,HLA-F,GPR37,FRRS1L,ADGRA3,PTPRK,NTN4,SLC2A5,PCDH1,PTPRR,FOLR3,FBXO2,SMPD3,SLC9C1,ITPR2,GLRB,SLC29A2,PDZD2,SERPINB10,CAMK1G,KCNQ3,SPON1,ACSL5,TM4SF20,FRY,ROBO3,ICAM2,TM7SF2,RAB26,P2RX5,MX2,SLC20A2,VAMP4,STC1,PRNP,GAS1,LYPD6B,P2RX6,MAP7,RIGI,CDH2,CLU,CSF2RB,BDKRB2,MGST2,SORL1,DNAJB4,LOXL2,RGS17,RND3,PIK3CD,PRCD,SLC28A3,SHROOM2,ADAP1,LAMA3,SHC3,PCDHB6,LRATD2,PTPN3,SCN4B,GRK4,SLC52A1,APBA2,GPRC5A,NALF1,ARRDC4,ABCC9,PLA2R1"
"GO:CC","plasma membrane","GO:0005886","false","2.738515977395368e-20","19.562484720912153","3550","772","288","16535","VIPR1,CLSTN2,PI3,C3,CLDN1,PTPRZ1,LCP1,NPBWR1,CD36,WNT7B,TNFSF18,MGAM,SH3GL2,INPP5D,CX3CR1,SNCA,ABCB1,LIPH,DLL4,EBI3,SLC7A14,TRIM36,EREG,SCN3B,BTC,CNTN1,CLCA2,CSF2,ACP3,TACSTD2,KCNJ6,ABCG1,SYT1,KCNB2,SLC16A6,RASGRF2,GNA14,ASTN1,CDH8,HPSE2,STRA6,SLITRK6,PLEKHH2,LPAR3,PCDHA12,NFAM1,SLC8A3,ACVR1C,MX1,KCNN2,TXK,IVL,CDH13,DPP4,TMC1,RGS7BP,BST2,TNFRSF21,OCLN,KCNMB4,TLR2,GPRC5B,ITGB4,RAB27B,BFSP1,SDK2,TCIM,IFI6,SLC39A8,SPINT1,PLPPR4,PODXL2,GJA5,KCNB1,TNFRSF10C,AKAP6,IGF1,KCNJ15,VAV3,PCDHA4,MTUS1,L1CAM,SHC2,GAD1,F2RL2,MCOLN3,ALPL,PIK3IP1,SNAP25,ANOS1,IGFBP2,ROBO2,MYZAP,RRAD,ENPP5,LEPR,SCAMP5,ABCC6,CD7,SLC7A4,MARK1,JPH1,H2BC11,SEMA6A,PLA2G4C,F11R,PCDHB8,CD82,GM2A,MRGPRE,SCN1A,ADGRB2,TSPAN13,MCOLN2,PTPRQ,KRT17,BACE2,ANK1,DOCK8,MAPT,SEMA6D,JAG2,SLCO4A1,DIO2,HLA-B,TGM1,TSPAN9,LLGL2,CELSR1,ATP1A3,ICOSLG,ADORA1,SGIP1,LYPD5,TMEM132A,PCDH8,TSPAN11,CLIC2,ABCA3,PRRG4,C1QTNF1,PLD1,GGT1,PARD6G,PARD6B,ENPP4,GPRC5C,F2RL1,SLC5A3,OPRD1,UNC13A,CTSF,TSPAN15,ARRB1,PRLR,MPP7,ACKR4,PARM1,PCDHB14,SGCD,CACNA1H,RTN4RL1,VSIG1,ANXA3,CACNA2D3,SLC22A4,CTSK,CNIH3,PCDHB13,DTNA,TBC1D10C,PLCG2,RGS16,C8G,PREX2,SPTBN2,SRPX2,ICAM1,SCARB1,TEC,SEZ6L2,PRTG,PCDHB5,GJA3,HTR2B,ABCA1,ADAM21,ANO4,MMP15,TRBV12-3,ADAM8,TRBV12-4,FER1L5,IGDCC4,SEMA3D,NOX4,AMIGO1,SLC7A7,ABCA7,SLC47A1,BMP2,SAMD12,SLC4A11,SULF2,SLC43A2,CHMP4C,ANO3,EMB,KCNA3,AGRN,TNFSF9,JAM2,CALY,RHBDF2,PLAAT3,ADORA2A,EGF,PTPRO,CPNE8,POPDC2,CASP1,DOCK4,LTK,CYSRT1,LRRC7,HLA-F,GPR37,FRRS1L,ADGRA3,PTPRK,NTN4,SLC2A5,PCDH1,PTPRR,FOLR3,FBXO2,SMPD3,SLC9C1,ITPR2,GLRB,SLC29A2,PDZD2,SERPINB10,CAMK1G,KCNQ3,ACSL5,TM4SF20,ROBO3,ICAM2,TM7SF2,RAB26,P2RX5,MX2,SLC20A2,VAMP4,STC1,PRNP,GAS1,LYPD6B,P2RX6,MAP7,RIGI,CDH2,CSF2RB,BDKRB2,MGST2,SORL1,DNAJB4,RGS17,RND3,PIK3CD,PRCD,SLC28A3,SHROOM2,ADAP1,SHC3,PCDHB6,LRATD2,PTPN3,SCN4B,GRK4,SLC52A1,APBA2,GPRC5A,NALF1,ARRDC4,ABCC9,PLA2R1"
"GO:CC","extracellular region","GO:0005576","true","7.782210026098593e-20","19.108897052644995","2679","772","236","16535","CCL11,PI3,ALDH1L1,C3,CCL5,PTPRZ1,SAA2,OAS1,LCP1,SFRP4,SAA2-SAA4,CD36,IL1B,WNT7B,TNFSF18,MGAM,IL1A,AREG,SNCA,ABCB1,LIPH,EBI3,SAA1,CCL7,APOD,EREG,BTC,CNTN1,CLCA2,CSF2,ACP3,TACSTD2,BRINP2,PRXL2A,GNA14,LRRN3,CXCL6,CDH8,IL34,HPSE2,SOD2,TGFB2,PCSK1N,ASPN,H2BC8,COL4A3,CSF3,IVL,SOD3,IL32,CDH13,H4C8,DPP4,CTSS,BST2,PADI2,COL8A1,H2AC19,C5ORF46,GPRC5B,ITGB4,COL4A4,RAB27B,SPINT1,CFI,AKR1B1,AMPD3,KRT12,PDGFD,PAPPA,RARRES2,IGF1,LIPG,H4C5,CXCL1,H2BC21,H2AC6,KPRP,CTSH,MTUS1,F2RL2,ALPL,PIK3IP1,ANOS1,IGFBP2,ROBO2,FBP1,LRRN1,ENPP5,LEPR,MMP12,LOXL4,ABCC6,PDGFRL,FMOD,CYFIP2,H2BC11,BTG2,CCL2,F11R,H2AC20,H3C4,CD82,H3C10,GM2A,IGFBP5,ADGRB2,IL12A,MGP,PCSK5,MAPT,HLA-B,PGAM2,TGM1,GALNT3,METTL24,H2AC15,ATP1A3,H2BC12L,H2BC5,ICOSLG,CES3,QPRT,LYPD5,TMEM132A,FUCA1,H2BC12,A2M,PLEKHA7,ABCA3,DNAH5,PRRG4,C1QTNF1,GGT1,TG,CXCL3,H4C16,PARD6B,ENPP4,GPRC5C,CFHR3,ADAMTS12,KALRN,CTSF,PRLR,INA,ADAMTS5,RTN4RL1,PZP,ANXA3,CTSK,ZSWIM5,BHMT2,WNT9A,PLCG2,ITIH5,C8G,ST3GAL6,CFHR1,AFP,SPTBN2,CFH,SRPX2,H3C6,ICAM1,SCARB1,PRTG,GDF15,CREG1,FBLN1,H2AC8,NDRG2,MMP15,CXCL2,DKK2,SEMA3D,NTN1,CXCL8,GPR155,BMP2,SULF2,AGRN,TNFSF9,H2BC15,SPON2,EGF,PTPRO,PLAC8,RARRES1,CPNE8,PRDX6,CXCL5,CYSRT1,HLA-F,EGFL7,KMO,NTN4,SLC2A5,PTPRR,FOLR3,H4C15,H4C14,SMPD3,PDZD2,SERPINB10,PAM,SPON1,CPXM2,ST6GAL1,CPZ,CILP2,SLC20A2,SYNGR2,ISG15,MAMDC2,STC1,PRNP,MOXD1,LYPD6B,ARMC9,CLU,SORL1,LOXL2,EPDR1,CDA,PRCD,SHROOM2,LAMA3,CFAP70,HGF,BMP4,GPRC5A,ARRDC4,PLA2R1,H2BC18,PRSS35"
"GO:CC","extracellular space","GO:0005615","false","5.430208759630404e-16","15.265183474018377","2206","772","197","16535","CCL11,PI3,ALDH1L1,C3,CCL5,SAA2,LCP1,SFRP4,SAA2-SAA4,CD36,IL1B,WNT7B,TNFSF18,MGAM,IL1A,AREG,SNCA,ABCB1,LIPH,EBI3,SAA1,CCL7,APOD,EREG,BTC,CNTN1,CSF2,ACP3,TACSTD2,GNA14,LRRN3,CXCL6,IL34,HPSE2,SOD2,TGFB2,PCSK1N,ASPN,H2BC8,COL4A3,CSF3,IVL,SOD3,IL32,CDH13,H4C8,DPP4,CTSS,BST2,PADI2,COL8A1,H2AC19,C5ORF46,GPRC5B,ITGB4,COL4A4,RAB27B,SPINT1,CFI,AKR1B1,KRT12,PDGFD,PAPPA,RARRES2,IGF1,LIPG,H4C5,CXCL1,H2BC21,H2AC6,KPRP,CTSH,MTUS1,ALPL,PIK3IP1,ANOS1,IGFBP2,ROBO2,FBP1,LRRN1,MMP12,LOXL4,FMOD,CYFIP2,H2BC11,BTG2,CCL2,F11R,H2AC20,H3C4,CD82,H3C10,GM2A,IGFBP5,IL12A,MGP,PCSK5,HLA-B,PGAM2,TGM1,GALNT3,H2AC15,H2BC12L,H2BC5,ICOSLG,CES3,QPRT,TMEM132A,FUCA1,H2BC12,A2M,PLEKHA7,ABCA3,PRRG4,C1QTNF1,GGT1,TG,CXCL3,H4C16,PARD6B,ENPP4,GPRC5C,CFHR3,KALRN,CTSF,INA,ADAMTS5,RTN4RL1,PZP,ANXA3,CTSK,ZSWIM5,BHMT2,WNT9A,PLCG2,C8G,ST3GAL6,CFHR1,AFP,SPTBN2,CFH,SRPX2,H3C6,ICAM1,SCARB1,PRTG,GDF15,CREG1,FBLN1,H2AC8,NDRG2,MMP15,CXCL2,DKK2,SEMA3D,CXCL8,GPR155,BMP2,SULF2,AGRN,TNFSF9,H2BC15,SPON2,EGF,PTPRO,RARRES1,CPNE8,PRDX6,CXCL5,CYSRT1,HLA-F,KMO,SLC2A5,PTPRR,H4C15,H4C14,SERPINB10,PAM,SPON1,CPZ,CILP2,SLC20A2,SYNGR2,STC1,PRNP,MOXD1,ARMC9,CLU,SORL1,LOXL2,SHROOM2,LAMA3,CFAP70,HGF,BMP4,GPRC5A,H2BC18"
"GO:CC","nucleosome","GO:0000786","true","4.8855416835038646e-8","7.311087276957587","80","772","23","16535","H2BC8,H4C8,H2AC19,H4C5,H2BC21,H2AC6,H2BC11,H2AC20,H3C4,H3C10,H2AC15,H2BC12L,H2BC5,H2BC12,H1-2,H4C16,H3C6,H2BC17,H2AC8,H2BC15,H4C15,H4C14,H2BC18"
"GO:CC","membrane","GO:0016020","false","0.0000011006111404981897","5.958366095529585","6785","772","406","16535","VIPR1,CLSTN2,PI3,C3,CLDN1,PTPRZ1,OAS1,LCP1,NPBWR1,CD36,WNT7B,TNFSF18,MGAM,SH3GL2,INPP5D,AREG,CX3CR1,SNCA,SMCO3,ABCB1,LIPH,DLL4,EBI3,SLC7A14,TRIM36,CYP7B1,HSD17B2,EREG,SCN3B,BTC,CNTN1,CLCA2,CSF2,ACP3,TACSTD2,KCNJ6,OAS2,PTCHD4,CYP26B1,ABCG1,SYT1,KCNB2,SLC16A6,HRK,RASGRF2,GNA14,RETREG1,ASTN1,LRRN3,TMEM178B,CDH8,HPSE2,STRA6,SLITRK6,EPHX4,PLEKHH2,LPAR3,PCDHA12,NFAM1,SLC8A3,RHBDL3,ACVR1C,MX1,KCNN2,TXK,SLC38A11,IVL,C10ORF105,NIPAL1,TMEM229B,IL32,CDH13,H4C8,DPP4,TMC1,RGS7BP,BST2,ELOVL7,TNFRSF21,OCLN,KCNMB4,TLR2,RSAD2,SYPL2,GPRC5B,NRK,ITGB4,RAB27B,BFSP1,SDK2,TCIM,IFI6,CCND2,SLC39A8,SPINT1,CFI,PLPPR4,FMO2,PKD1L2,PIK3R3,PDGFD,GCNT2,PODXL2,TMEM179,GJA5,KCNB1,TNFRSF10C,AKAP6,IGF1,H4C5,KCNJ15,NUP210,VAV3,PCDHA4,MTUS1,L1CAM,SHC2,GAD1,F2RL2,IFI27,MCOLN3,ALPL,TMEM35A,PIK3IP1,SNAP25,ANOS1,IGFBP2,ROBO2,MYZAP,LRRN4CL,LRRN1,RRAD,ENPP5,LEPR,LOXL4,SCAMP5,ABCC6,CD7,SLC7A4,MARK1,CYFIP2,JPH1,H2BC11,SEMA6A,PLA2G4C,F11R,TRAPPC3L,H3C4,PCDHB8,CD82,H3C10,GM2A,MRGPRE,TMEM178A,SCN1A,ADGRB2,TSPAN13,MCOLN2,PTPRQ,KRT17,BACE2,ANK1,DOCK8,FMO4,PCSK5,MAPT,SEMA6D,JAG2,SLCO4A1,DIO2,HLA-B,TGM1,GALNT3,MCTP1,TSPAN9,C15ORF48,LLGL2,CELSR1,ATP1A3,TMEM217,ICOSLG,ADORA1,SGIP1,LYPD5,PLAAT4,TMEM132A,TMEM132B,FAM169A,FUCA1,SLC15A3,MANEAL,PCDH8,TSPAN11,CLIC2,PLEKHA7,ABCA3,ABCA9,PRRG4,C1QTNF1,PLD1,B4GALT6,GGT1,H4C16,PARD6G,PARD6B,ENPP4,GPRC5C,F2RL1,KALRN,SLC5A3,TPCN1,OPRD1,UNC13A,CTSF,TSPAN15,TMEM158,MARCHF9,RAP1GAP,ARRB1,PRLR,MPP7,ACKR4,PARM1,PCDHB14,CADM4,SGCD,SAMD5,RAB6B,CACNA1H,RTN4RL1,OASL,VSIG1,ANXA3,CACNA2D3,SLC22A4,CTSK,CNIH3,PCDHB13,DTNA,TBC1D10C,DLK2,PLCG2,RGS16,C8G,ST3GAL6,DRAM1,PREX2,SPTBN2,GASK1B,SRPX2,H3C6,ICAM1,SCARB1,TEC,SEZ6L2,PRTG,PCDHB5,GJA3,HTR2B,ABCA1,SH3BGRL2,NDRG2,IGSF3,ADAM21,ANO4,MMP15,TRBV12-3,ADAM8,TRBV12-4,FER1L5,IGDCC4,ACER2,GNPTAB,TMEM144,SEMA3D,C2ORF92,NOX4,AMIGO1,SLC7A7,ABCA7,GPR155,SLC47A1,BMP2,SAMD12,SLC4A11,SYT16,SULF2,ZNF219,EEF1A2,SLC43A2,CHMP4C,ANO3,EMB,JAKMIP3,KCNA3,AGRN,TNFSF9,JAM2,CALY,RHBDF2,PLAAT3,ADORA2A,EGF,PTPRO,RARRES1,CPNE8,CHST7,POPDC2,PRDX6,CASP1,DOCK4,DGAT2,LTK,CYSRT1,LRRC7,HLA-F,GPR37,FRRS1L,ADGRA3,KMO,PTPRK,NTN4,SPATA18,SLC2A5,PCDH1,PTPRR,FOLR3,H4C15,FBXO2,H4C14,RRAGD,SMPD3,SLC9C1,TMEM86A,ITPR2,NDST3,GLRB,SLC29A2,NMNAT2,PDZD2,SERPINB10,CAMK1G,PAM,KCNQ3,ACSL5,ST6GAL1,TM4SF20,TMEM253,RAB3IP,ROBO3,ICAM2,ABCA10,TM7SF2,RAB26,RDH10,P2RX5,MX2,SLC20A2,SYNGR2,VAMP4,SPI1,MAMDC2,STC1,CTXN1,PRNP,MOXD1,GAS1,LYPD6B,P2RX6,MAP7,RIGI,CHST15,CDH2,CLU,CSF2RB,BDKRB2,RNF150,MGST2,SORL1,DNAJB4,LOXL2,RGS17,RND3,PIK3CD,PRCD,NPTXR,SLC28A3,ENTPD7,RRM2B,SHROOM2,ADAP1,LAMA3,SHC3,HGF,PCDHB6,LRATD2,PTPN3,SCN4B,GRK4,SLC52A1,APBA2,GPRC5A,NALF1,ARRDC4,ABCC9,PLA2R1"
"GO:CC","cell surface","GO:0009986","true","0.000011479974179472775","4.940059088743368","520","772","59","16535","CLSTN2,C3,SFRP4,CD36,TNFSF18,AREG,CX3CR1,ABCB1,ABCG1,ASTN1,SLITRK6,KCNN2,CDH13,DPP4,TMC1,BST2,TLR2,GPRC5B,ITGB4,KCNB1,TNFRSF10C,LIPG,L1CAM,ANOS1,ROBO2,LEPR,SEMA6D,HLA-B,ICOSLG,TSPAN15,PRLR,ACKR4,RTN4RL1,CTSK,SRPX2,ICAM1,SCARB1,ABCA1,IGSF3,ADAM21,ADAM8,ABCA7,BMP2,SULF2,JAM2,HLA-F,GPR37,ADGRA3,EGFL7,PTPRK,FOLR3,KCNQ3,VAMP4,PRNP,CDH2,CLU,CSF2RB,SORL1,PLA2R1"
"GO:CC","CENP-A containing chromatin","GO:0061638","false","0.0007808553685643545","3.107429399478892","9","772","7","16535","H4C8,H4C5,H2BC11,H4C16,H2AC8,H4C15,H4C14"
"GO:CC","CENP-A containing nucleosome","GO:0043505","false","0.0007808553685643545","3.107429399478892","9","772","7","16535","H4C8,H4C5,H2BC11,H4C16,H2AC8,H4C15,H4C14"
"GO:CC","plasma membrane region","GO:0098590","false","0.001057386056230726","2.975766420942427","872","772","78","16535","CLSTN2,CLDN1,LCP1,CD36,MGAM,ABCB1,CNTN1,CLCA2,TACSTD2,SYT1,SLC16A6,CDH8,CDH13,DPP4,RGS7BP,BST2,OCLN,ITGB4,RAB27B,SLC39A8,PLPPR4,KCNB1,AKAP6,F2RL2,SNAP25,IGFBP2,ROBO2,LEPR,ABCC6,GM2A,PTPRQ,ANK1,DOCK8,MAPT,SLCO4A1,ATP1A3,ADORA1,PCDH8,PLD1,PARD6G,PARD6B,SLC5A3,OPRD1,UNC13A,VSIG1,CACNA2D3,SLC22A4,CTSK,CNIH3,PCDHB13,TBC1D10C,PLCG2,SPTBN2,SRPX2,SCARB1,ABCA1,ADAM21,SLC7A7,ABCA7,SLC47A1,SLC4A11,SLC43A2,ADORA2A,PTPRO,SLC2A5,FBXO2,GLRB,SLC29A2,ICAM2,SLC20A2,STC1,P2RX6,MAP7,RIGI,CDH2,PRCD,SLC28A3,SHROOM2"
"GO:CC","chromosome, centromeric core domain","GO:0034506","false","0.0024975676788845753","2.602482734466196","10","772","7","16535","H4C8,H4C5,H2BC11,H4C16,H2AC8,H4C15,H4C14"
"KEGG","Systemic lupus erythematosus","KEGG:05322","false","9.650561561184912e-14","13.015447414549678","66","772","24","16535","C3,H2BC8,H4C8,H2AC19,H4C5,H2BC21,H2AC6,H2BC11,H2AC20,H3C4,H3C10,H2AC15,H2BC12L,H2BC5,H2BC12,H4C16,C8G,H3C6,H2BC17,H2AC8,H2BC15,H4C15,H4C14,H2BC18"
"KEGG","Cytokine-cytokine receptor interaction","KEGG:04060","false","3.514617966342664e-12","11.454121875232014","138","772","32","16535","CCL11,CCL5,IL1B,TNFSF18,IL1A,CX3CR1,EBI3,CCL7,CSF2,CXCL6,IL34,TGFB2,ACVR1C,CSF3,IL32,TNFRSF21,TNFRSF10C,CXCL1,LEPR,CCL2,IL12A,CXCL3,PRLR,ACKR4,GDF15,CXCL2,CXCL8,BMP2,TNFSF9,CXCL5,CSF2RB,BMP4"
"KEGG","Neutrophil extracellular trap formation","KEGG:04613","false","7.144196280783875e-12","11.14604662207999","116","772","29","16535","C3,H2BC8,H4C8,H2AC19,TLR2,PIK3R3,P3R3URF-PIK3R3,H4C5,H2BC21,H2AC6,H2BC11,H2AC20,H3C4,H3C10,H2AC15,H2BC12L,H2BC5,H2BC12,H4C16,PLCG2,H3C6,H2BC17,H2AC8,H2BC15,CASP1,H4C15,H4C14,PIK3CD,H2BC18"
"KEGG","Alcoholism","KEGG:05034","false","5.68700827402988e-9","8.245116139892213","130","772","27","16535","FOSB,H2BC8,H4C8,H2AC19,H4C5,H2BC21,H2AC6,SHC2,H2BC11,H2AC20,H3C4,H3C10,H2AC15,H2BC12L,H2BC5,H2BC12,H4C16,H3C6,H2BC17,H2AC8,H2BC15,ADORA2A,H4C15,H4C14,SLC29A2,SHC3,H2BC18"
"KEGG","Viral protein interaction with cytokine and cytokine receptor","KEGG:04061","false","8.674180142898947e-8","7.06177156278968","38","772","14","16535","CCL11,CCL5,CX3CR1,CCL7,CXCL6,IL34,TNFRSF10C,CXCL1,CCL2,CXCL3,ACKR4,CXCL2,CXCL8,CXCL5"
"KEGG","Amoebiasis","KEGG:05146","false","8.71005813343785e-7","6.059978946376146","75","772","18","16535","IL1B,CSF2,GNA14,TGFB2,COL4A3,TLR2,COL4A4,PIK3R3,P3R3URF-PIK3R3,CXCL1,IL12A,CXCL3,C8G,CXCL2,CXCL8,SERPINB10,PIK3CD,LAMA3"
"KEGG","Rheumatoid arthritis","KEGG:05323","false","0.0000031946859577098664","5.495571827188518","64","772","16","16535","CCL5,IL1B,IL1A,CSF2,CXCL6,TGFB2,TLR2,CXCL1,CCL2,CXCL3,FOS,CTSK,ICAM1,CXCL2,CXCL8,CXCL5"
"KEGG","KEGG root term","KEGG:00000","false","0.000030731490451921013","4.512416376308934","6123","772","353","16535","VIPR1,CCL11,ALDH1L1,C3,CCL5,CLDN1,PTPRZ1,OAS1,SFRP4,NPBWR1,CD36,IL1B,WNT7B,TNFSF18,MGAM,IL1A,SH3GL2,INPP5D,GUCY1A2,AREG,CX3CR1,SNCA,ABCB1,PDE11A,DLL4,EBI3,CCL7,CYP7B1,HSD17B2,EREG,SCN3B,BTC,CNTN1,CLCA2,CSF2,KCNJ6,OAS2,CYP26B1,ABCG1,SYT1,HRK,RASGRF2,GNA14,CXCL6,CDH8,IL34,HPSE2,SLITRK6,EPHX4,POU2F2,SOD2,TGFB2,LPAR3,PCDHA12,FOSB,PPARGC1B,FABP2,SLC8A3,ACVR1C,H2BC8,MX1,KCNN2,LCE2A,COL4A3,CSF3,TXK,IVL,IL32,CDH13,H4C8,DPP4,TMC1,CTSS,BST2,ELOVL7,RIMKLA,PADI2,COL8A1,TNFRSF21,OCLN,H2AC19,KCNMB4,TLR2,RSAD2,ITGB4,COL4A4,RAB27B,RGCC,CCND2,SLC39A8,SPINT1,CFI,AKR1B1,FMO2,AMPD3,KRT12,PIK3R3,PDGFD,GCNT2,P3R3URF-PIK3R3,IP6K3,TNFRSF10C,IGF1,LIPG,H4C5,KCNJ15,SOCS1,LOC105378858,CXCL1,H2BC21,NUP210,VAV3,H2AC6,CTSH,PCDHA4,RUNX3,L1CAM,SHC2,GAD1,F2RL2,MCOLN3,ALPL,SNAP25,MAP3K9,HAP1,ROBO2,SEPTIN3,FBP1,RCAN2,LEPR,DUSP4,ABCC6,DNAI3,CD7,FMOD,CYFIP2,H2BC11,BTG2,SEMA6A,PLA2G4C,CCL2,F11R,CMPK2,H2AC20,H3C4,PCDHB8,CD82,H3C10,GM2A,SCN1A,ASPDH,PADI1,MCOLN2,MAP3K21,KRT17,BACE2,IL12A,ANK1,FMO4,MAPT,SEMA6D,JAG2,DIO2,HLA-B,PGAM2,TGM1,DTX4,GALNT3,LLGL2,H2AC15,CELSR1,ATP1A3,H2BC12L,H2BC5,ICOSLG,ADORA1,QPRT,BANK1,FUCA1,SLC15A3,H2BC12,PCDH8,A2M,ABCA3,DNAH5,ABCA9,PLD1,B4GALT6,CA8,GGT1,THEM5,DUSP6,TG,CXCL3,H4C16,PARD6G,PARD6B,ENPP4,CFHR3,ALDH5A1,F2RL1,TPCN1,OPRD1,UNC13A,CTSF,IFIH1,RAP1GAP,ARRB1,PRLR,ACKR4,ETV7,PCDHB14,CADM4,SGCD,CACNA1H,FOS,OASL,CACNA2D3,SLC22A4,ACOT12,CTSK,PCDHB13,DTNA,RELB,BHMT2,WNT9A,PLCG2,C8G,ST3GAL6,CFHR1,AFP,SPTBN2,CFH,H3C6,H2BC17,ICAM1,SCARB1,TEC,PCDHB5,NFKBIE,ISL1,GDF15,FBLN1,HTR2B,ABCA1,H2AC8,MAPK8IP2,ANO4,MMP15,MYOZ2,CXCL2,DKK2,ACER2,GNPTAB,CAMK1D,SEMA3D,NOX4,NTN1,SLC7A7,ABCA7,CXCL8,GPR155,BMP2,INMT,MIR224,EEF1A2,CHMP4C,ANO3,AGRN,TNFSF9,JAM2,H2BC15,CALY,RHBDF2,PLAAT3,ADORA2A,EGF,BATF2,CHST7,POPDC2,PRDX6,CASP1,DOCK4,DGAT2,CXCL5,HLA-F,GPR37,MAFB,IRF5,KMO,NTN4,SLC2A5,PCDH1,PTPRR,FOLR3,H4C15,FBXO2,H4C14,RRAGD,MSI2,SMPD3,TMEM86A,ITPR2,NDST3,GLRB,SLC29A2,NMNAT2,SERPINB10,CAMK1G,KCNQ3,ACSL5,ST6GAL1,PPARGC1A,ROBO3,ICAM2,FRAT2,ABCA10,TM7SF2,RDH10,P2RX5,MX2,LZTS3,ISG15,VAMP4,SPI1,PRNP,GAS1,LYPD6B,P2RX6,PAPSS2,RIGI,CHST15,CDH2,CLU,CSF2RB,BDKRB2,MGST2,PIK3CD,CDA,RRM2B,LAMA3,CDKN2B,SHC3,HGF,PCDHB6,SCN4B,BMP4,GRK4,RARB,THRB,ABCC9,PLA2R1,H2BC18"
"KEGG","Malaria","KEGG:05144","false","0.00003470632967168247","4.459591312217903","28","772","10","16535","CD36,IL1B,TGFB2,CSF3,TLR2,CCL2,IL12A,ICAM1,CXCL8,HGF"
"KEGG","Chemokine signaling pathway","KEGG:04062","false","0.00018421945524942944","3.734664506271126","126","772","20","16535","CCL11,CCL5,CX3CR1,CCL7,CXCL6,PIK3R3,P3R3URF-PIK3R3,CXCL1,VAV3,SHC2,CCL2,CXCL3,ARRB1,PLCG2,CXCL2,CXCL8,CXCL5,PIK3CD,SHC3,GRK4"
"KEGG","IL-17 signaling pathway","KEGG:04657","false","0.00036033309116611557","3.4432958526403254","69","772","14","16535","CCL11,IL1B,CCL7,CSF2,CXCL6,FOSB,CSF3,CXCL1,CCL2,CXCL3,FOS,CXCL2,CXCL8,CXCL5"
"KEGG","Influenza A","KEGG:05164","false","0.001946113157053506","2.7108319112130057","123","772","18","16535","CCL5,OAS1,IL1B,IL1A,OAS2,MX1,RSAD2,PIK3R3,P3R3URF-PIK3R3,CCL2,IL12A,IFIH1,ICAM1,CXCL8,CASP1,MX2,RIGI,PIK3CD"
"KEGG","Viral carcinogenesis","KEGG:05203","false","0.002111301206210205","2.6754498041800354","172","772","22","16535","C3,H2BC8,H4C8,CCND2,PIK3R3,P3R3URF-PIK3R3,H4C5,H2BC21,H2BC11,HLA-B,H2BC12L,H2BC5,H2BC12,H4C16,H2BC17,H2BC15,HLA-F,H4C15,H4C14,PIK3CD,CDKN2B,H2BC18"
"KEGG","Chagas disease","KEGG:05142","false","0.0021833906936432226","2.660868545137572","80","772","14","16535","C3,CCL5,IL1B,GNA14,TGFB2,TLR2,PIK3R3,P3R3URF-PIK3R3,CCL2,IL12A,FOS,CXCL8,BDKRB2,PIK3CD"
"KEGG","ABC transporters","KEGG:02010","false","0.002254782493235579","2.6468953458230664","34","772","9","16535","ABCB1,ABCG1,ABCC6,ABCA3,ABCA9,ABCA1,ABCA7,ABCA10,ABCC9"
"KEGG","Complement and coagulation cascades","KEGG:04610","false","0.0026823605012416393","2.5714828546803017","43","772","10","16535","C3,CFI,F2RL2,A2M,CFHR3,C8G,CFHR1,CFH,CLU,BDKRB2"
"KEGG","Lipid and atherosclerosis","KEGG:05417","false","0.004215557831083812","2.3751449484575327","167","772","21","16535","CCL5,CD36,IL1B,ABCG1,POU2F2,SOD2,TLR2,PIK3R3,P3R3URF-PIK3R3,CXCL1,VAV3,CCL2,IL12A,CXCL3,FOS,ICAM1,ABCA1,CXCL2,CXCL8,CASP1,PIK3CD"
"KEGG","Neuroactive ligand-receptor interaction","KEGG:04080","false","0.005691318305797376","2.244787124357311","133","772","18","16535","VIPR1,C3,NPBWR1,LPAR3,F2RL2,LEPR,ADORA1,F2RL1,OPRD1,PRLR,HTR2B,ADORA2A,GLRB,P2RX5,LYPD6B,P2RX6,BDKRB2,THRB"
"KEGG","Coronavirus disease - COVID-19","KEGG:05171","false","0.006040878400168428","2.218899906311151","184","772","22","16535","C3,OAS1,IL1B,CSF2,OAS2,MX1,CSF3,TLR2,PIK3R3,P3R3URF-PIK3R3,CCL2,IL12A,IFIH1,FOS,PLCG2,C8G,CXCL8,CASP1,MX2,ISG15,RIGI,PIK3CD"
"KEGG","Legionellosis","KEGG:05134","false","0.0074066851378720815","2.130376117045608","48","772","10","16535","C3,IL1B,TLR2,CXCL1,IL12A,CXCL3,CXCL2,CXCL8,EEF1A2,CASP1"
"KEGG","Measles","KEGG:05162","false","0.011549104010512387","1.9374517074068311","104","772","15","16535","OAS1,IL1B,IL1A,OAS2,MX1,TLR2,CCND2,PIK3R3,P3R3URF-PIK3R3,IL12A,IFIH1,FOS,MX2,RIGI,PIK3CD"
"KEGG","Osteoclast differentiation","KEGG:04380","false","0.011549104010512387","1.9374517074068311","104","772","15","16535","IL1B,IL1A,TGFB2,FOSB,PIK3R3,P3R3URF-PIK3R3,SOCS1,FOS,CTSK,RELB,PLCG2,TEC,ITPR2,SPI1,PIK3CD"
"KEGG","TNF signaling pathway","KEGG:04668","false","0.012903652621291317","1.8892873370858496","105","772","15","16535","CCL5,IL1B,CSF2,CXCL6,PIK3R3,P3R3URF-PIK3R3,CXCL1,CCL2,CXCL3,FOS,ICAM1,CXCL2,RHBDF2,CXCL5,PIK3CD"
"KEGG","Type I diabetes mellitus","KEGG:04940","false","0.02746824676413187","1.5611690597262295","20","772","6","16535","IL1B,IL1A,GAD1,IL12A,HLA-B,HLA-F"
"KEGG","IgSF CAM signaling","KEGG:04517","false","0.038814352136882876","1.4110076583920996","223","772","23","16535","PTPRZ1,INPP5D,CNTN1,SLITRK6,PIK3R3,P3R3URF-PIK3R3,VAV3,L1CAM,ROBO2,F11R,PARD6G,PARD6B,CADM4,PLCG2,SPTBN2,ICAM1,NTN1,JAM2,KCNQ3,ROBO3,ICAM2,CDH2,PIK3CD"
"KEGG","AGE-RAGE signaling pathway in diabetic complications","KEGG:04933","false","0.04088939250296415","1.3883893417462343","92","772","13","16535","IL1B,IL1A,TGFB2,COL4A3,COL4A4,PIK3R3,P3R3URF-PIK3R3,CCL2,PLCG2,ICAM1,NOX4,CXCL8,PIK3CD"
"KEGG","Herpes simplex virus 1 infection","KEGG:05168","false","0.041490256428869124","1.3820538810230705","142","772","17","16535","C3,CCL5,OAS1,IL1B,OAS2,POU2F2,BST2,TLR2,PIK3R3,P3R3URF-PIK3R3,CCL2,IL12A,HLA-B,IFIH1,HLA-F,RIGI,PIK3CD"
"KEGG","Calcium signaling pathway","KEGG:04020","false","0.04437715232084627","1.3528405698602595","156","772","18","16535","GNA14,SLC8A3,PDGFD,MCOLN3,MCOLN2,TPCN1,CACNA1H,PLCG2,HTR2B,CAMK1D,ADORA2A,EGF,ITPR2,CAMK1G,P2RX5,P2RX6,BDKRB2,HGF"
"REAC","RNA Polymerase I Promoter Opening","REAC:R-HSA-73728","false","1.7550046344555965e-15","14.755721732351528","35","772","20","16535","H2BC8,H4C8,H2AC19,H4C5,H2BC21,H2AC6,H2BC11,H2AC20,H3C4,H3C10,H2BC12L,H2BC5,H2BC12,H4C16,H3C6,H2BC17,H2AC8,H2BC15,H4C15,H4C14"
"REAC","DNA methylation","REAC:R-HSA-5334118","false","3.777642357418061e-15","14.42277916064183","36","772","20","16535","H2BC8,H4C8,H2AC19,H4C5,H2BC21,H2AC6,H2BC11,H2AC20,H3C4,H3C10,H2BC12L,H2BC5,H2BC12,H4C16,H3C6,H2BC17,H2AC8,H2BC15,H4C15,H4C14"
"REAC","Activated PKN1 stimulates transcription of AR (androgen receptor) regulated genes KLK2 and KLK3","REAC:R-HSA-5625886","false","7.865651769916038e-15","14.104265284693573","37","772","20","16535","H2BC8,H4C8,H2AC19,H4C5,H2BC21,H2AC6,H2BC11,H2AC20,H3C4,H3C10,H2BC12L,H2BC5,H2BC12,H4C16,H3C6,H2BC17,H2AC8,H2BC15,H4C15,H4C14"
"REAC","Chromatin modifications during the maternal to zygotic transition (MZT)","REAC:R-HSA-9821002","false","5.968651676222691e-14","13.224123765304746","40","772","20","16535","H2BC8,H4C8,H2AC19,H4C5,H2BC21,H2AC6,H2BC11,H2AC20,H3C4,H3C10,H2BC12L,H2BC5,H2BC12,H4C16,H3C6,H2BC17,H2AC8,H2BC15,H4C15,H4C14"
"REAC","SIRT1 negatively regulates rRNA expression","REAC:R-HSA-427359","false","5.968651676222691e-14","13.224123765304746","40","772","20","16535","H2BC8,H4C8,H2AC19,H4C5,H2BC21,H2AC6,H2BC11,H2AC20,H3C4,H3C10,H2BC12L,H2BC5,H2BC12,H4C16,H3C6,H2BC17,H2AC8,H2BC15,H4C15,H4C14"
"REAC","Assembly of the ORC complex at the origin of replication","REAC:R-HSA-68616","false","1.1148233006422679e-13","12.952793962783804","41","772","20","16535","H2BC8,H4C8,H2AC19,H4C5,H2BC21,H2AC6,H2BC11,H2AC20,H3C4,H3C10,H2BC12L,H2BC5,H2BC12,H4C16,H3C6,H2BC17,H2AC8,H2BC15,H4C15,H4C14"
"REAC","Regulation of endogenous retroelements by the Human Silencing Hub (HUSH) complex","REAC:R-HSA-9843970","false","3.641723336345293e-13","12.438693050870185","43","772","20","16535","H2BC8,H4C8,H2AC19,H4C5,H2BC21,H2AC6,H2BC11,H2AC20,H3C4,H3C10,H2BC12L,H2BC5,H2BC12,H4C16,H3C6,H2BC17,H2AC8,H2BC15,H4C15,H4C14"
"REAC","Condensation of Prophase Chromosomes","REAC:R-HSA-2299718","false","6.387293082251014e-13","12.194683155693575","44","772","20","16535","H2BC8,H4C8,H2AC19,H4C5,H2BC21,H2AC6,H2BC11,H2AC20,H3C4,H3C10,H2BC12L,H2BC5,H2BC12,H4C16,H3C6,H2BC17,H2AC8,H2BC15,H4C15,H4C14"
"REAC","Amyloid fiber formation","REAC:R-HSA-977225","false","6.44886932039059e-13","12.190516423498119","67","772","24","16535","SNCA,SAA1,H2BC8,H4C8,H2AC19,H4C5,H2BC21,H2AC6,H2BC11,H2AC20,H3C4,H3C10,H2BC12L,H2BC5,H2BC12,H4C16,TSPAN15,H3C6,H2BC17,H2AC8,H2BC15,H4C15,H4C14,SORL1"
"REAC","PRC2 methylates histones and DNA","REAC:R-HSA-212300","false","1.0999144342103326e-12","11.95864109865603","45","772","20","16535","H2BC8,H4C8,H2AC19,H4C5,H2BC21,H2AC6,H2BC11,H2AC20,H3C4,H3C10,H2BC12L,H2BC5,H2BC12,H4C16,H3C6,H2BC17,H2AC8,H2BC15,H4C15,H4C14"
"REAC","Defective pyroptosis","REAC:R-HSA-9710421","false","1.0999144342103326e-12","11.95864109865603","45","772","20","16535","H2BC8,H4C8,H2AC19,H4C5,H2BC21,H2AC6,H2BC11,H2AC20,H3C4,H3C10,H2BC12L,H2BC5,H2BC12,H4C16,H3C6,H2BC17,H2AC8,H2BC15,H4C15,H4C14"
"REAC","Packaging Of Telomere Ends","REAC:R-HSA-171306","false","3.2238697216784646e-12","11.491622516587585","32","772","17","16535","H2BC8,H4C8,H2AC19,H4C5,H2BC21,H2AC6,H2BC11,H2AC20,H2BC12L,H2BC5,H2BC12,H4C16,H2BC17,H2AC8,H2BC15,H4C15,H4C14"
"REAC","ERCC6 (CSB) and EHMT2 (G9a) positively regulate rRNA expression","REAC:R-HSA-427389","false","5.084824664814324e-12","11.293724017847719","48","772","20","16535","H2BC8,H4C8,H2AC19,H4C5,H2BC21,H2AC6,H2BC11,H2AC20,H3C4,H3C10,H2BC12L,H2BC5,H2BC12,H4C16,H3C6,H2BC17,H2AC8,H2BC15,H4C15,H4C14"
"REAC","Transcriptional regulation of granulopoiesis","REAC:R-HSA-9616222","false","8.913089477152452e-12","11.049971733638403","55","772","21","16535","H2BC8,H4C8,H2AC19,H4C5,H2BC21,H2AC6,H2BC11,H2AC20,H3C4,H3C10,H2BC12L,H2BC5,H2BC12,H4C16,H3C6,H2BC17,H2AC8,H2BC15,H4C15,H4C14,SPI1"
"REAC","Depurination","REAC:R-HSA-73927","false","2.2656126889624702e-11","10.644814331640859","35","772","17","16535","H2BC8,H4C8,H2AC19,H4C5,H2BC21,H2AC6,H2BC11,H2AC20,H2BC12L,H2BC5,H2BC12,H4C16,H2BC17,H2AC8,H2BC15,H4C15,H4C14"
"REAC","Recognition and association of DNA glycosylase with site containing an affected purine","REAC:R-HSA-110330","false","2.2656126889624702e-11","10.644814331640859","35","772","17","16535","H2BC8,H4C8,H2AC19,H4C5,H2BC21,H2AC6,H2BC11,H2AC20,H2BC12L,H2BC5,H2BC12,H4C16,H2BC17,H2AC8,H2BC15,H4C15,H4C14"
"REAC","Cleavage of the damaged purine","REAC:R-HSA-110331","false","2.2656126889624702e-11","10.644814331640859","35","772","17","16535","H2BC8,H4C8,H2AC19,H4C5,H2BC21,H2AC6,H2BC11,H2AC20,H2BC12L,H2BC5,H2BC12,H4C16,H2BC17,H2AC8,H2BC15,H4C15,H4C14"
"REAC","Formation of the beta-catenin:TCF transactivating complex","REAC:R-HSA-201722","false","9.883572727832754e-11","10.005086037648288","61","772","21","16535","H2BC8,H4C8,H2AC19,H4C5,H2BC21,H2AC6,RUNX3,H2BC11,H2AC20,H3C4,H3C10,H2BC12L,H2BC5,H2BC12,H4C16,H3C6,H2BC17,H2AC8,H2BC15,H4C15,H4C14"
"REAC","Meiotic recombination","REAC:R-HSA-912446","false","1.1256370655780498e-10","9.948601614657372","55","772","20","16535","H2BC8,H4C8,H2AC19,H4C5,H2BC21,H2AC6,H2BC11,H2AC20,H3C4,H3C10,H2BC12L,H2BC5,H2BC12,H4C16,H3C6,H2BC17,H2AC8,H2BC15,H4C15,H4C14"
"REAC","Senescence-Associated Secretory Phenotype (SASP)","REAC:R-HSA-2559582","false","1.493247121892914e-10","9.825868313645836","83","772","24","16535","IL1A,H2BC8,H4C8,H2AC19,H4C5,H2BC21,H2AC6,H2BC11,H2AC20,H3C4,H3C10,H2BC12L,H2BC5,H2BC12,H4C16,FOS,H3C6,H2BC17,H2AC8,CXCL8,H2BC15,H4C15,H4C14,CDKN2B"
"REAC","Depyrimidination","REAC:R-HSA-73928","false","3.55464374831401e-10","9.449203918392492","40","772","17","16535","H2BC8,H4C8,H2AC19,H4C5,H2BC21,H2AC6,H2BC11,H2AC20,H2BC12L,H2BC5,H2BC12,H4C16,H2BC17,H2AC8,H2BC15,H4C15,H4C14"
"REAC","Recognition and association of DNA glycosylase with site containing an affected pyrimidine","REAC:R-HSA-110328","false","3.55464374831401e-10","9.449203918392492","40","772","17","16535","H2BC8,H4C8,H2AC19,H4C5,H2BC21,H2AC6,H2BC11,H2AC20,H2BC12L,H2BC5,H2BC12,H4C16,H2BC17,H2AC8,H2BC15,H4C15,H4C14"
"REAC","Cleavage of the damaged pyrimidine ","REAC:R-HSA-110329","false","3.55464374831401e-10","9.449203918392492","40","772","17","16535","H2BC8,H4C8,H2AC19,H4C5,H2BC21,H2AC6,H2BC11,H2AC20,H2BC12L,H2BC5,H2BC12,H4C16,H2BC17,H2AC8,H2BC15,H4C15,H4C14"
"REAC","HDACs deacetylate histones","REAC:R-HSA-3214815","false","4.1288935374451403e-10","9.384166315162641","65","772","21","16535","H2BC8,H4C8,H2AC19,H4C5,H2BC21,H2AC6,H2BC11,H2AC20,H3C4,H3C10,H2AC15,H2BC5,H2BC12,H4C16,H3C6,H2BC17,H2AC8,H2BC15,H4C15,H4C14,H2BC18"
"REAC","Pre-NOTCH Transcription and Translation","REAC:R-HSA-1912408","false","4.1288935374451403e-10","9.384166315162641","65","772","21","16535","ELF3,H2BC8,H4C8,H2AC19,H4C5,H2BC21,H2AC6,H2BC11,H2AC20,H3C4,H3C10,H2BC12L,H2BC5,H2BC12,H4C16,H3C6,H2BC17,H2AC8,H2BC15,H4C15,H4C14"
"REAC","Base-Excision Repair, AP Site Formation","REAC:R-HSA-73929","false","5.810916543546501e-10","9.235755361859026","41","772","17","16535","H2BC8,H4C8,H2AC19,H4C5,H2BC21,H2AC6,H2BC11,H2AC20,H2BC12L,H2BC5,H2BC12,H4C16,H2BC17,H2AC8,H2BC15,H4C15,H4C14"
"REAC","B-WICH complex positively regulates rRNA expression","REAC:R-HSA-5250924","false","1.5054605558228615e-9","8.822330618837961","62","772","20","16535","H2BC8,H4C8,H2AC19,H4C5,H2BC21,H2AC6,H2BC11,H2AC20,H3C4,H3C10,H2BC12L,H2BC5,H2BC12,H4C16,H3C6,H2BC17,H2AC8,H2BC15,H4C15,H4C14"
"REAC","RHO GTPases activate PKNs","REAC:R-HSA-5625740","false","1.5054605558228615e-9","8.822330618837961","62","772","20","16535","H2BC8,H4C8,H2AC19,H4C5,H2BC21,H2AC6,H2BC11,H2AC20,H3C4,H3C10,H2BC12L,H2BC5,H2BC12,H4C16,H3C6,H2BC17,H2AC8,H2BC15,H4C15,H4C14"
"REAC","HCMV Late Events","REAC:R-HSA-9610379","false","1.6622555131985065e-9","8.779302217950812","84","772","23","16535","H2BC8,H4C8,H2AC19,H4C5,H2BC21,NUP210,H2AC6,H2BC11,H2AC20,H3C4,H3C10,H2AC15,H2BC5,H2BC12,H4C16,H3C6,H2BC17,H2AC8,CHMP4C,H2BC15,H4C15,H4C14,H2BC18"
"REAC","Chemokine receptors bind chemokines","REAC:R-HSA-380108","false","2.020325236947836e-9","8.694578711126708","19","772","12","16535","CCL11,CCL5,CX3CR1,CCL7,CXCL6,CXCL1,CCL2,CXCL3,ACKR4,CXCL2,CXCL8,CXCL5"
"REAC","RNA Polymerase I Promoter Escape","REAC:R-HSA-73772","false","2.1102421729281477e-9","8.675667701891319","63","772","20","16535","H2BC8,H4C8,H2AC19,H4C5,H2BC21,H2AC6,H2BC11,H2AC20,H3C4,H3C10,H2BC12L,H2BC5,H2BC12,H4C16,H3C6,H2BC17,H2AC8,H2BC15,H4C15,H4C14"
"REAC","RUNX1 regulates genes involved in megakaryocyte differentiation and platelet function","REAC:R-HSA-8936459","false","2.9366466531430104e-9","8.532148306055346","64","772","20","16535","H2BC8,H4C8,H2AC19,H4C5,H2BC21,H2AC6,H2BC11,H2AC20,H3C4,H3C10,H2BC12L,H2BC5,H2BC12,H4C16,H3C6,H2BC17,H2AC8,H2BC15,H4C15,H4C14"
"REAC","Peptide ligand-binding receptors","REAC:R-HSA-375276","false","4.058316563986764e-9","8.391654079375018","65","772","20","16535","CCL11,C3,CCL5,NPBWR1,CX3CR1,SAA1,CCL7,CXCL6,CXCL1,F2RL2,CCL2,CXCL3,F2RL1,OPRD1,ACKR4,CXCL2,CXCL8,CXCL5,GPR37,BDKRB2"
"REAC","Pre-NOTCH Expression and Processing","REAC:R-HSA-1912422","false","4.493967764516014e-9","8.347370047124507","80","772","22","16535","ELF3,H2BC8,H4C8,H2AC19,H4C5,H2BC21,H2AC6,H2BC11,H2AC20,H3C4,H3C10,H2BC12L,H2BC5,H2BC12,H4C16,ST3GAL6,H3C6,H2BC17,H2AC8,H2BC15,H4C15,H4C14"
"REAC","Diseases of programmed cell death","REAC:R-HSA-9645723","false","6.912746646448199e-9","8.160349359805807","74","772","21","16535","SOD2,H2BC8,H4C8,H2AC19,H4C5,H2BC21,H2AC6,H2BC11,H2AC20,H3C4,H3C10,H2BC12L,H2BC5,H2BC12,H4C16,H3C6,H2BC17,H2AC8,H2BC15,H4C15,H4C14"
"REAC","Replacement of protamines by nucleosomes in the male pronucleus","REAC:R-HSA-9821993","false","7.703571484308868e-9","8.113307883097436","25","772","13","16535","H2BC8,H4C8,H4C5,H2BC21,H2BC11,H2BC12L,H2BC5,H2BC12,H4C16,H2BC17,H2BC15,H4C15,H4C14"
"REAC","Inhibition of DNA recombination at telomere","REAC:R-HSA-9670095","false","8.06910416110399e-9","8.093174678349204","47","772","17","16535","H2BC8,H4C8,H2AC19,H4C5,H2BC21,H2AC6,H2BC11,H2AC20,H2BC12L,H2BC5,H2BC12,H4C16,H2BC17,H2AC8,H2BC15,H4C15,H4C14"
"REAC","Transcriptional regulation by small RNAs","REAC:R-HSA-5578749","false","9.18528822411814e-9","8.036907211467032","75","772","21","16535","H2BC8,H4C8,H2AC19,H4C5,H2BC21,NUP210,H2AC6,H2BC11,H2AC20,H3C4,H3C10,H2BC12L,H2BC5,H2BC12,H4C16,H3C6,H2BC17,H2AC8,H2BC15,H4C15,H4C14"
"REAC","Reproduction","REAC:R-HSA-1474165","false","9.704473692887032e-9","8.013028012926105","99","772","24","16535","H2BC8,H4C8,H2AC19,H4C5,H2BC21,H2AC6,H2BC11,H2AC20,H3C4,H3C10,H2BC12L,H2BC5,H2BC12,H4C16,H3C6,H2BC17,H2AC8,ADAM21,PRDM1,H2BC15,H4C15,H4C14,TFAP2C,BMP4"
"REAC","Regulation of endogenous retroelements by Piwi-interacting RNAs (piRNAs)","REAC:R-HSA-9845323","false","1.0298278010856549e-8","7.987235388198124","68","772","20","16535","H2BC8,H4C8,H2AC19,H4C5,H2BC21,H2AC6,H2BC11,H2AC20,H3C4,H3C10,H2BC12L,H2BC5,H2BC12,H4C16,H3C6,H2BC17,H2AC8,H2BC15,H4C15,H4C14"
"REAC","DNA Damage/Telomere Stress Induced Senescence","REAC:R-HSA-2559586","false","2.0021045397287257e-8","7.698513249612945","56","772","18","16535","H2BC8,H4C8,H2AC19,H4C5,H2BC21,H2AC6,H2BC11,H2AC20,H2BC12L,H2BC5,H2BC12,H1-2,H4C16,H2BC17,H2AC8,H2BC15,H4C15,H4C14"
"REAC","Activation of HOX genes during differentiation","REAC:R-HSA-5619507","false","2.76607120679588e-8","7.558136644067462","87","772","22","16535","H2BC8,H4C8,H2AC19,H4C5,H2BC21,H2AC6,H2BC11,H2AC20,H3C4,H3C10,H2BC12L,H2BC5,H2BC12,H4C16,H3C6,H2BC17,H2AC8,H2BC15,MAFB,H4C15,H4C14,RARB"
"REAC","Activation of anterior HOX genes in hindbrain development during early embryogenesis","REAC:R-HSA-5617472","false","2.76607120679588e-8","7.558136644067462","87","772","22","16535","H2BC8,H4C8,H2AC19,H4C5,H2BC21,H2AC6,H2BC11,H2AC20,H3C4,H3C10,H2BC12L,H2BC5,H2BC12,H4C16,H3C6,H2BC17,H2AC8,H2BC15,MAFB,H4C15,H4C14,RARB"
"REAC","Class A/1 (Rhodopsin-like receptors)","REAC:R-HSA-373076","false","4.7191525712224445e-8","7.326135981595622","115","772","25","16535","CCL11,C3,CCL5,NPBWR1,CX3CR1,SAA1,CCL7,CXCL6,LPAR3,PLPPR4,CXCL1,F2RL2,CCL2,ADORA1,CXCL3,F2RL1,OPRD1,ACKR4,HTR2B,CXCL2,CXCL8,ADORA2A,CXCL5,GPR37,BDKRB2"
"REAC","Meiotic synapsis","REAC:R-HSA-1221632","false","7.304250295171347e-8","7.136424353224402","53","772","17","16535","H2BC8,H4C8,H2AC19,H4C5,H2BC21,H2AC6,H2BC11,H2AC20,H2BC12L,H2BC5,H2BC12,H4C16,H2BC17,H2AC8,H2BC15,H4C15,H4C14"
"REAC","Maternal to zygotic transition (MZT)","REAC:R-HSA-9816359","false","7.392058013106439e-8","7.131234633417666","75","772","20","16535","H2BC8,H4C8,H2AC19,H4C5,H2BC21,H2AC6,H2BC11,H2AC20,H3C4,H3C10,H2BC12L,H2BC5,H2BC12,H4C16,H3C6,H2BC17,H2AC8,H2BC15,H4C15,H4C14"
"REAC","Deposition of new CENPA-containing nucleosomes at the centromere","REAC:R-HSA-606279","false","1.0201633337019238e-7","6.991330289761007","54","772","17","16535","H2BC8,H4C8,H2AC19,H4C5,H2BC21,H2AC6,H2BC11,H2AC20,H2BC12L,H2BC5,H2BC12,H4C16,H2BC17,H2AC8,H2BC15,H4C15,H4C14"
"REAC","Nucleosome assembly","REAC:R-HSA-774815","false","1.0201633337019238e-7","6.991330289761007","54","772","17","16535","H2BC8,H4C8,H2AC19,H4C5,H2BC21,H2AC6,H2BC11,H2AC20,H2BC12L,H2BC5,H2BC12,H4C16,H2BC17,H2AC8,H2BC15,H4C15,H4C14"
"REAC","Positive epigenetic regulation of rRNA expression","REAC:R-HSA-5250913","false","1.2405796193683356e-7","6.906375357838612","77","772","20","16535","H2BC8,H4C8,H2AC19,H4C5,H2BC21,H2AC6,H2BC11,H2AC20,H3C4,H3C10,H2BC12L,H2BC5,H2BC12,H4C16,H3C6,H2BC17,H2AC8,H2BC15,H4C15,H4C14"
"REAC","Oxidative Stress Induced Senescence","REAC:R-HSA-2559580","false","1.4096220319423324e-7","6.8508973209948785","94","772","22","16535","H2BC8,H4C8,H2AC19,H4C5,H2BC21,H2AC6,H2BC11,H2AC20,H3C4,H3C10,H2BC12L,H2BC5,H2BC12,H4C16,FOS,H3C6,H2BC17,H2AC8,H2BC15,H4C15,H4C14,CDKN2B"
"REAC","NoRC negatively regulates rRNA expression","REAC:R-HSA-427413","false","1.5962551129851477e-7","6.796897698632097","78","772","20","16535","H2BC8,H4C8,H2AC19,H4C5,H2BC21,H2AC6,H2BC11,H2AC20,H3C4,H3C10,H2BC12L,H2BC5,H2BC12,H4C16,H3C6,H2BC17,H2AC8,H2BC15,H4C15,H4C14"
"REAC","Regulation of endogenous retroelements by KRAB-ZFP proteins","REAC:R-HSA-9843940","false","2.0449837699222876e-7","6.689310134434714","79","772","20","16535","H2BC8,H4C8,H2AC19,H4C5,H2BC21,H2AC6,H2BC11,H2AC20,H3C4,H3C10,H2BC12L,H2BC5,H2BC12,H4C16,H3C6,H2BC17,H2AC8,H2BC15,H4C15,H4C14"
"REAC","Negative epigenetic regulation of rRNA expression","REAC:R-HSA-5250941","false","3.314462448287918e-7","6.479586897024706","81","772","20","16535","H2BC8,H4C8,H2AC19,H4C5,H2BC21,H2AC6,H2BC11,H2AC20,H3C4,H3C10,H2BC12L,H2BC5,H2BC12,H4C16,H3C6,H2BC17,H2AC8,H2BC15,H4C15,H4C14"
"REAC","Meiosis","REAC:R-HSA-1500620","false","3.314462448287918e-7","6.479586897024706","81","772","20","16535","H2BC8,H4C8,H2AC19,H4C5,H2BC21,H2AC6,H2BC11,H2AC20,H3C4,H3C10,H2BC12L,H2BC5,H2BC12,H4C16,H3C6,H2BC17,H2AC8,H2BC15,H4C15,H4C14"
"REAC","RNA Polymerase I Promoter Clearance","REAC:R-HSA-73854","false","4.194228824863479e-7","6.377347879386981","82","772","20","16535","H2BC8,H4C8,H2AC19,H4C5,H2BC21,H2AC6,H2BC11,H2AC20,H3C4,H3C10,H2BC12L,H2BC5,H2BC12,H4C16,H3C6,H2BC17,H2AC8,H2BC15,H4C15,H4C14"
"REAC","Gene Silencing by RNA","REAC:R-HSA-211000","false","5.015841462962092e-7","6.299656198821845","100","772","22","16535","H2BC8,H4C8,H2AC19,H4C5,H2BC21,NUP210,H2AC6,H2BC11,H2AC20,H3C4,H3C10,H2BC12L,H2BC5,H2BC12,H4C16,H3C6,H2BC17,H2AC8,H2BC15,MOV10L1,H4C15,H4C14"
"REAC","RNA Polymerase I Transcription","REAC:R-HSA-73864","false","5.28698401694625e-7","6.276792002506283","83","772","20","16535","H2BC8,H4C8,H2AC19,H4C5,H2BC21,H2AC6,H2BC11,H2AC20,H3C4,H3C10,H2BC12L,H2BC5,H2BC12,H4C16,H3C6,H2BC17,H2AC8,H2BC15,H4C15,H4C14"
"REAC","HCMV Early Events","REAC:R-HSA-9609690","false","7.483418702170009e-7","6.125899955036905","102","772","22","16535","H2BC8,H4C8,H2AC19,H4C5,H2BC21,NUP210,H2AC6,H2BC11,H2AC20,H3C4,H3C10,H2AC15,H2BC5,H2BC12,H4C16,H3C6,H2BC17,H2AC8,H2BC15,H4C15,H4C14,H2BC18"
"REAC","RUNX1 regulates transcription of genes involved in differentiation of HSCs","REAC:R-HSA-8939236","false","8.970231065079301e-7","6.047196369776819","94","772","21","16535","H2BC8,H4C8,H2AC19,H4C5,H2BC21,H2AC6,H2BC11,H2AC20,H3C4,H3C10,H2BC12L,H2BC5,H2BC12,H4C16,H3C6,H2BC17,H2AC8,H2BC15,H4C15,H4C14,SPI1"
"REAC","Interleukin-10 signaling","REAC:R-HSA-6783783","false","0.000001681779650874272","5.7742309066821385","24","772","11","16535","CCL5,IL1B,IL1A,CSF2,CSF3,CXCL1,CCL2,IL12A,ICAM1,CXCL2,CXCL8"
"REAC","Signaling by Nuclear Receptors","REAC:R-HSA-9006931","false","0.0000024469284530223867","5.611378729018395","224","772","33","16535","AREG,APOD,EREG,BTC,CYP26B1,ABCG1,FOSB,H2BC8,H4C8,H2AC19,PIK3R3,H4C5,H2BC21,H2AC6,H2BC11,H2AC20,H3C4,H3C10,H2BC12L,H2BC5,H2BC12,H4C16,FOS,H3C6,H2BC17,ABCA1,H2AC8,H2BC15,EGF,H4C15,H4C14,RDH10,RARB"
"REAC","GPCR ligand binding","REAC:R-HSA-500792","false","0.000002611200941429009","5.583159706347897","169","772","28","16535","VIPR1,CCL11,C3,CCL5,NPBWR1,WNT7B,CX3CR1,SAA1,CCL7,CXCL6,LPAR3,PLPPR4,CXCL1,F2RL2,CCL2,ADORA1,CXCL3,F2RL1,OPRD1,ACKR4,WNT9A,HTR2B,CXCL2,CXCL8,ADORA2A,CXCL5,GPR37,BDKRB2"
"REAC","Estrogen-dependent gene expression","REAC:R-HSA-9018519","false","0.000004756154341990365","5.322744060532081","112","772","22","16535","FOSB,H2BC8,H4C8,H2AC19,H4C5,H2BC21,H2AC6,H2BC11,H2AC20,H3C4,H3C10,H2BC12L,H2BC5,H2BC12,H4C16,FOS,H3C6,H2BC17,H2AC8,H2BC15,H4C15,H4C14"
"REAC","Base Excision Repair","REAC:R-HSA-73884","false","0.000006676357814133681","5.1754603956986704","69","772","17","16535","H2BC8,H4C8,H2AC19,H4C5,H2BC21,H2AC6,H2BC11,H2AC20,H2BC12L,H2BC5,H2BC12,H4C16,H2BC17,H2AC8,H2BC15,H4C15,H4C14"
"REAC","Mitotic Prophase","REAC:R-HSA-68875","false","0.000007399760860774788","5.13078231520471","105","772","21","16535","H2BC8,H4C8,H2AC19,H4C5,H2BC21,NUP210,H2AC6,H2BC11,H2AC20,H3C4,H3C10,H2BC12L,H2BC5,H2BC12,H4C16,H3C6,H2BC17,H2AC8,H2BC15,H4C15,H4C14"
"REAC","HCMV Infection","REAC:R-HSA-9609646","false","0.000009481062381625525","5.023142995929149","126","772","23","16535","H2BC8,H4C8,H2AC19,H4C5,H2BC21,NUP210,H2AC6,H2BC11,H2AC20,H3C4,H3C10,H2AC15,H2BC5,H2BC12,H4C16,H3C6,H2BC17,H2AC8,CHMP4C,H2BC15,H4C15,H4C14,H2BC18"
"REAC","ESR-mediated signaling","REAC:R-HSA-8939211","false","0.000016032590733301084","4.794996293599373","172","772","27","16535","AREG,EREG,BTC,FOSB,H2BC8,H4C8,H2AC19,PIK3R3,H4C5,H2BC21,H2AC6,H2BC11,H2AC20,H3C4,H3C10,H2BC12L,H2BC5,H2BC12,H4C16,FOS,H3C6,H2BC17,H2AC8,H2BC15,EGF,H4C15,H4C14"
"REAC","HATs acetylate histones","REAC:R-HSA-3214847","false","0.000024312713299745953","4.614166571170986","112","772","21","16535","H2BC8,H4C8,H2AC19,H4C5,H2BC21,H2AC6,H2BC11,H2AC20,H3C4,H3C10,H2AC15,H2BC5,H2BC12,H4C16,H3C6,H2BC17,H2AC8,H2BC15,H4C15,H4C14,H2BC18"
"REAC","Cytokine Signaling in Immune system","REAC:R-HSA-1280215","false","0.00003213657412053666","4.493000422527512","603","772","59","16535","CCL11,CCL5,PTPRZ1,OAS1,LCP1,CD36,IL1B,TNFSF18,IL1A,INPP5D,SNCA,EBI3,SAA1,CSF2,OAS2,IL34,SOD2,MX1,CSF3,HERC5,IL32,BST2,RSAD2,IFI6,PIK3R3,SOCS1,CXCL1,NUP210,IFI27,SNAP25,DUSP4,CCL2,H3C4,H3C10,IL12A,HLA-B,DUSP6,TRIM29,OPRD1,PRLR,FOS,OASL,RELB,PLCG2,H3C6,ICAM1,TEC,CXCL2,CXCL8,TNFSF9,CASP1,HLA-F,IRF5,MX2,ISG15,RIGI,CSF2RB,PIK3CD,HGF"
"REAC","Signaling by NOTCH","REAC:R-HSA-157118","false","0.00005051156303615147","4.296609192416718","193","772","28","16535","ELF3,DLL4,CNTN1,H2BC8,H4C8,H2AC19,H4C5,H2BC21,H2AC6,H2BC11,H2AC20,H3C4,H3C10,JAG2,DTX4,H2BC12L,H2BC5,H2BC12,H4C16,ARRB1,ST3GAL6,H3C6,H2BC17,H2AC8,H2BC15,EGF,H4C15,H4C14"
"REAC","Cellular Senescence","REAC:R-HSA-2559583","false","0.0000570752594006564","4.243552106013501","160","772","25","16535","IL1A,H2BC8,H4C8,H2AC19,H4C5,H2BC21,H2AC6,H2BC11,H2AC20,H3C4,H3C10,H2BC12L,H2BC5,H2BC12,H1-2,H4C16,FOS,H3C6,H2BC17,H2AC8,CXCL8,H2BC15,H4C15,H4C14,CDKN2B"
"REAC","Regulation of endogenous retroelements","REAC:R-HSA-9842860","false","0.0001173443135498746","3.9305379512613645","112","772","20","16535","H2BC8,H4C8,H2AC19,H4C5,H2BC21,H2AC6,H2BC11,H2AC20,H3C4,H3C10,H2BC12L,H2BC5,H2BC12,H4C16,H3C6,H2BC17,H2AC8,H2BC15,H4C15,H4C14"
"REAC","Assembly of the pre-replicative complex","REAC:R-HSA-68867","false","0.00018340839892047237","3.7365807803274182","115","772","20","16535","H2BC8,H4C8,H2AC19,H4C5,H2BC21,H2AC6,H2BC11,H2AC20,H3C4,H3C10,H2BC12L,H2BC5,H2BC12,H4C16,H3C6,H2BC17,H2AC8,H2BC15,H4C15,H4C14"
"REAC","Interferon alpha/beta signaling","REAC:R-HSA-909733","false","0.0002144555273831284","3.668662755761787","59","772","14","16535","OAS1,OAS2,MX1,BST2,RSAD2,IFI6,SOCS1,IFI27,HLA-B,OASL,HLA-F,IRF5,MX2,ISG15"
"REAC","RMTs methylate histone arginines","REAC:R-HSA-3214858","false","0.0003699774100252219","3.4318247921516423","53","772","13","16535","H4C8,H2AC19,H4C5,H2AC6,H2AC20,H3C4,H3C10,H2AC15,H4C16,H3C6,H2AC8,H4C15,H4C14"
"REAC","Nonhomologous End-Joining (NHEJ)","REAC:R-HSA-5693571","false","0.0003699774100252219","3.4318247921516423","53","772","13","16535","H2BC8,H4C8,H4C5,H2BC21,H2BC11,H2BC12L,H2BC5,H2BC12,H4C16,H2BC17,H2BC15,H4C15,H4C14"
"REAC","Telomere Maintenance","REAC:R-HSA-157579","false","0.00049035473206451","3.309489629276791","91","772","17","16535","H2BC8,H4C8,H2AC19,H4C5,H2BC21,H2AC6,H2BC11,H2AC20,H2BC12L,H2BC5,H2BC12,H4C16,H2BC17,H2AC8,H2BC15,H4C15,H4C14"
"REAC","Transcriptional regulation by RUNX1","REAC:R-HSA-8878171","false","0.000693710463388069","3.1588217548915165","182","772","25","16535","CSF2,H2BC8,H4C8,OCLN,H2AC19,CCND2,H4C5,H2BC21,H2AC6,H2BC11,H2AC20,H3C4,H3C10,H2BC12L,H2BC5,H2BC12,H4C16,CTSK,H3C6,H2BC17,H2AC8,H2BC15,H4C15,H4C14,SPI1"
"REAC","TCF dependent signaling in response to WNT","REAC:R-HSA-201681","false","0.000693710463388069","3.1588217548915165","182","772","25","16535","H2BC8,H4C8,H2AC19,H4C5,H2BC21,H2AC6,RUNX3,H2BC11,H2AC20,H3C4,H3C10,H2BC12L,H2BC5,H2BC12,H4C16,WNT9A,H3C6,H2BC17,H2AC8,DKK2,H2BC15,H4C15,H4C14,SOX6,FRAT2"
"REAC","Immune System","REAC:R-HSA-168256","false","0.0007827404546597397","3.1063822198003215","1493","772","109","16535","CCL11,PI3,C3,CCL5,PTPRZ1,OAS1,LCP1,CD36,IL1B,TNFSF18,MGAM,IL1A,SH3GL2,INPP5D,SNCA,EBI3,SAA1,TRIM36,CSF2,ACP3,OAS2,IL34,SOD2,NFAM1,MX1,CSF3,HERC5,TXK,FBXL16,IL32,CTSS,BST2,PADI2,TLR2,RSAD2,IFI6,CFI,AMPD3,PIK3R3,SOCS1,CXCL1,NUP210,VAV3,CTSH,IFI27,SNAP25,DUSP4,CYFIP2,CCL2,H3C4,H3C10,GM2A,IL12A,HLA-B,DTX4,ICOSLG,FUCA1,PLD1,DUSP6,ENPP4,CFHR3,HERC6,TRIM29,OPRD1,CTSF,IFIH1,RAP1GAP,PRLR,FOS,OASL,CTSK,RELB,TBC1D10C,PLCG2,C8G,CFHR1,SPTBN2,CFH,H3C6,ICAM1,TEC,NFKBIE,CREG1,TRBV12-3,ADAM8,CXCL2,CXCL8,TNFSF9,PLAC8,FBXW10,PRDX6,CASP1,HLA-F,IRF5,SLC2A5,FOLR3,FBXO2,ITPR2,SERPINB10,ASB9,ICAM2,MX2,ISG15,RIGI,CLU,CSF2RB,PIK3CD,CDA,HGF"
"REAC","Signaling by GPCR","REAC:R-HSA-372790","false","0.0010547035045079863","2.9768696109384454","357","772","38","16535","VIPR1,CCL11,C3,CCL5,NPBWR1,WNT7B,CX3CR1,PDE11A,SAA1,CCL7,RASGRF2,GNA14,CXCL6,LPAR3,PLPPR4,PIK3R3,CXCL1,VAV3,F2RL2,CCL2,ADORA1,CXCL3,F2RL1,KALRN,OPRD1,ARRB1,ACKR4,WNT9A,RGS16,HTR2B,CXCL2,CXCL8,ADORA2A,CXCL5,GPR37,ITPR2,BDKRB2,RGS17"
"REAC","DNA Replication Pre-Initiation","REAC:R-HSA-69002","false","0.0015392933194436139","2.8126786154655106","131","772","20","16535","H2BC8,H4C8,H2AC19,H4C5,H2BC21,H2AC6,H2BC11,H2AC20,H3C4,H3C10,H2BC12L,H2BC5,H2BC12,H4C16,H3C6,H2BC17,H2AC8,H2BC15,H4C15,H4C14"
"REAC","Recruitment and ATM-mediated phosphorylation of repair and signaling proteins at DNA double strand breaks","REAC:R-HSA-5693565","false","0.0024765036940655695","2.606161019867636","62","772","13","16535","H2BC8,H4C8,H4C5,H2BC21,H2BC11,H2BC12L,H2BC5,H2BC12,H4C16,H2BC17,H2BC15,H4C15,H4C14"
"REAC","DNA Double Strand Break Response","REAC:R-HSA-5693606","false","0.002988625955702232","2.5245284360947395","63","772","13","16535","H2BC8,H4C8,H4C5,H2BC21,H2BC11,H2BC12L,H2BC5,H2BC12,H4C16,H2BC17,H2BC15,H4C15,H4C14"
"REAC","Signal Transduction","REAC:R-HSA-162582","false","0.004645718297158794","2.332947128091235","1967","772","132","16535","VIPR1,CCL11,C3,CCL5,PTPRZ1,ELF3,NPBWR1,WNT7B,SH3GL2,AREG,CX3CR1,PDE11A,DLL4,SAA1,CCL7,APOD,EREG,BTC,CNTN1,CSF2,CYP26B1,ABCG1,RASGRF2,GNA14,CXCL6,TGFB2,LPAR3,FOSB,ACVR1C,H2BC8,COL4A3,IL32,H4C8,H2AC19,COL4A4,SPINT1,PLPPR4,PIK3R3,PDGFD,IGF1,H4C5,SOCS1,LOC105378858,CXCL1,H2BC21,VAV3,H2AC6,RUNX3,SHC2,F2RL2,ANOS1,RRAD,DUSP4,CYFIP2,H2BC11,CCL2,F11R,H2AC20,H3C4,H3C10,DOCK8,PCSK5,JAG2,DTX4,GALNT3,H2BC12L,H2BC5,ADORA1,FAM169A,H2BC12,PLD1,DUSP6,CXCL3,H4C16,PARD6B,F2RL1,KALRN,OPRD1,ARRB1,MPP7,ACKR4,FOS,WNT9A,PLCG2,RGS16,ST3GAL6,PREX2,SPTBN2,H3C6,H2BC17,TEC,PRAG1,HTR2B,ABCA1,H2AC8,CXCL2,DKK2,PRDM1,CXCL8,BMP2,H2BC15,ADORA2A,EGF,PTPRO,CPNE8,DOCK4,CXCL5,LTK,GPR37,PTPRK,H4C15,H4C14,RRAGD,MSI2,SMPD3,ITPR2,SOX6,FRAT2,RDH10,GAS1,CSF2RB,BDKRB2,RGS17,RND3,PIK3CD,ADAP1,LAMA3,CDKN2B,SHC3,HGF,PTPN3,RARB"
"REAC","Signaling by Interleukins","REAC:R-HSA-449147","false","0.006217819884756351","2.2063618625741683","356","772","36","16535","CCL11,CCL5,PTPRZ1,LCP1,CD36,IL1B,IL1A,INPP5D,EBI3,SAA1,CSF2,IL34,SOD2,CSF3,IL32,PIK3R3,SOCS1,CXCL1,SNAP25,DUSP4,CCL2,H3C4,H3C10,IL12A,DUSP6,OPRD1,FOS,H3C6,ICAM1,TEC,CXCL2,CXCL8,CASP1,CSF2RB,PIK3CD,HGF"
"REAC","Extracellular matrix organization","REAC:R-HSA-1474244","false","0.011455371931477384","1.9409908056307588","226","772","26","16535","TGFB2,ASPN,COL4A3,CTSS,COL8A1,ITGB4,COL4A4,MMP12,LOXL4,FMOD,F11R,A2M,ADAMTS5,CTSK,ICAM1,FBLN1,MMP15,ADAM8,BMP2,AGRN,JAM2,NTN4,ICAM2,LOXL2,LAMA3,BMP4"
"REAC","Regulation of Complement cascade","REAC:R-HSA-977606","false","0.01691708576994033","1.7716744488052805","21","772","7","16535","C3,CFI,CFHR3,C8G,CFHR1,CFH,CLU"
"REAC","Chromosome Maintenance","REAC:R-HSA-73886","false","0.01833519507836911","1.736714464977524","118","772","17","16535","H2BC8,H4C8,H2AC19,H4C5,H2BC21,H2AC6,H2BC11,H2AC20,H2BC12L,H2BC5,H2BC12,H4C16,H2BC17,H2AC8,H2BC15,H4C15,H4C14"
"REAC","DNA Replication","REAC:R-HSA-69306","false","0.023937684833494403","1.6209178552938073","157","772","20","16535","H2BC8,H4C8,H2AC19,H4C5,H2BC21,H2AC6,H2BC11,H2AC20,H3C4,H3C10,H2BC12L,H2BC5,H2BC12,H4C16,H3C6,H2BC17,H2AC8,H2BC15,H4C15,H4C14"
"REAC","Interleukin-4 and Interleukin-13 signaling","REAC:R-HSA-6785807","false","0.028707010062094137","1.5420120384736724","77","772","13","16535","CCL11,CD36,IL1B,IL1A,SAA1,SOCS1,CCL2,IL12A,OPRD1,FOS,ICAM1,CXCL8,HGF"
"REAC","G alpha (i) signalling events","REAC:R-HSA-418594","false","0.031415350611359596","1.5028580889727414","160","772","20","16535","C3,CCL5,NPBWR1,CX3CR1,SAA1,GNA14,CXCL6,LPAR3,CXCL1,ADORA1,CXCL3,OPRD1,RGS16,CXCL2,CXCL8,CXCL5,GPR37,ITPR2,BDKRB2,RGS17"
"REAC","Interaction between L1 and Ankyrins","REAC:R-HSA-445095","false","0.0328625697470817","1.4832984791437607","23","772","7","16535","SCN3B,L1CAM,SCN1A,ANK1,SPTBN2,KCNQ3,SCN4B"
"REAC","G2/M DNA damage checkpoint","REAC:R-HSA-69473","false","0.032999366609041146","1.4814943959050892","78","772","13","16535","H2BC8,H4C8,H4C5,H2BC21,H2BC11,H2BC12L,H2BC5,H2BC12,H4C16,H2BC17,H2BC15,H4C15,H4C14"
"REAC","Complement cascade","REAC:R-HSA-166658","false","0.04453497981379869","1.3512987401992413","24","772","7","16535","C3,CFI,CFHR3,C8G,CFHR1,CFH,CLU"
"WP","Senescence associated secretory phenotype SASP ","WP:WP3391","false","8.833839672710799e-11","10.053850487111683","84","772","24","16535","IL1A,H2BC8,H4C8,H2AC19,H4C5,H2BC21,H2AC6,H2BC11,H2AC20,H3C4,H3C10,H2BC12L,H2BC5,H2BC12,H4C16,FOS,H3C6,H2BC17,H2AC8,CXCL8,H2BC15,H4C15,H4C14,CDKN2B"
"WP","Telomere end packaging and neurodevelopmental disorders","WP:WP5567","false","9.76091336376091e-11","10.010509541935573","29","772","15","16535","H4C8,H4C5,H2BC21,H2AC6,H2BC11,H2AC20,H2BC12L,H2BC5,H2BC12,H4C16,H2BC17,H2AC8,H2BC15,H4C15,H4C14"
"WP","Overview of proinflammatory and profibrotic mediators","WP:WP5095","false","6.531017626117915e-10","9.185019144149912","43","772","17","16535","CCL11,CCL5,IL1B,IL1A,AREG,EBI3,CCL7,CSF2,CXCL6,CSF3,CXCL1,CCL2,IL12A,CXCL3,CXCL2,CXCL8,CXCL5"
"WP","Cytokine cytokine receptor interaction","WP:WP5473","false","1.4028951661741163e-8","7.8529747811834465","122","772","26","16535","CCL11,CCL5,IL1A,CX3CR1,CCL7,CSF2,CXCL6,IL34,TGFB2,ACVR1C,CSF3,TNFRSF21,TNFRSF10C,CXCL1,LEPR,CCL2,CXCL3,PRLR,ACKR4,GDF15,CXCL2,CXCL8,TNFSF9,CXCL5,CSF2RB,BMP4"
"WP","Transcription activation RNA polymerase I and KAT2A B and inhibition NuRD complex ","WP:WP5565","false","0.000027661871794811947","4.5581184358444276","62","772","15","16535","H4C8,H4C5,H2BC21,H2AC6,H2BC11,H2AC20,H2BC12L,H2BC5,H2BC12,H4C16,H2BC17,H2AC8,H2BC15,H4C15,H4C14"
"WP","Oligodendrocyte specification and differentiation leading to myelin components for CNS","WP:WP4304","false","0.00004872959391105163","4.31220720780451","16","772","8","16535","IL1B,IGF1,CXCL1,SOX8,CXCL2,BMP2,SOX6,BMP4"
"WP","Network map of SARS CoV 2 signaling","WP:WP5115","false","0.00006983974338749866","4.155897365029836","180","772","26","16535","CCL11,CCL5,SAA2,IL1B,IL1A,SAA1,APOD,OAS2,CXCL6,MX1,BST2,IFI6,CFI,CXCL1,IFI27,CCL2,IFI44L,IL12A,CXCL3,IFIH1,FOS,CFH,CXCL2,CXCL8,CXCL5,RIGI"
"WP","Immune infiltration in pancreatic cancer","WP:WP5285","false","0.00007019863335267478","4.153671342758649","22","772","9","16535","CCL5,IL1B,CSF2,TGFB2,CXCL1,CCL2,IL12A,CXCL8,CXCL5"
"WP","Vitamin B12 metabolism","WP:WP1533","false","0.0003919527020318675","3.4067663372803043","33","772","10","16535","CCL5,SAA2,IL1B,SAA1,SOD2,SOD3,CCL2,ICAM1,SCARB1,ABCA1"
"WP","Prostaglandin signaling","WP:WP5088","false","0.000403592590400031","3.394056815621249","20","772","8","16535","IL1B,IL1A,AREG,CXCL1,CCL2,IL12A,CXCL8,CASP1"
"WP","Type II interferon signaling","WP:WP619","false","0.0005356690497650619","3.271103445851438","27","772","9","16535","OAS1,IL1B,IFI6,SOCS1,HLA-B,ICAM1,H4C14,ISG15,SPI1"
"WP","Lung fibrosis","WP:WP3624","false","0.0005888649953890949","3.229984261202819","42","772","11","16535","CCL11,CCL5,IL1B,CSF2,CSF3,IGF1,CCL2,CXCL2,CXCL8,EGF,HGF"
"WP","Hematopoietic stem cell differentiation","WP:WP2849","false","0.000714058325133797","3.146266313084845","35","772","10","16535","IL1B,IL1A,CSF2,FOSB,CSF3,TRIM29,FOS,IRF5,SPI1,THRB"
"WP","Platelet mediated interactions with vascular and circulating cells","WP:WP4462","false","0.0009312997989455514","3.0309104908031017","11","772","6","16535","CCL5,IL1B,TGFB2,TLR2,CCL2,ICAM1"
"WP","Macrophage stimulating protein MSP signaling","WP:WP5353","false","0.0018459529608736344","2.7337793699912005","95","772","16","16535","CLDN1,IL1B,CSF2,CSF3,OCLN,SOCS1,CXCL1,DUSP4,CCL2,DUSP6,FOS,CXCL2,CXCL8,CXCL5,PPARGC1A,CDH2"
"WP","Tessadori Bicknell van Haaften syndrome variants nucleosome assembly","WP:WP5573","false","0.003190960211614673","2.4960786110317867","13","772","6","16535","H4C8,H4C5,H2BC12,H4C16,H4C15,H4C14"
"WP","SARS CoV 2 innate immunity evasion and cell specific immune response","WP:WP5039","false","0.0036517460847024733","2.437499427700257","50","772","11","16535","CCL5,CSF2,CXCL6,MX1,CXCL1,CCL2,CXCL3,CXCL2,CXCL8,CXCL5,RIGI"
"WP","Selenium micronutrient network","WP:WP15","false","0.0042328848812538695","2.3733635425621453","60","772","12","16535","SAA2,IL1B,SAA1,SOD2,SOD3,CCL2,DIO2,GGT1,ICAM1,SCARB1,ABCA1,KMO"
"WP","Cytokines and inflammatory response","WP:WP530","false","0.005363651830519092","2.2705394211619536","14","772","6","16535","IL1B,IL1A,CSF2,CSF3,CXCL1,CXCL2"
"WP","Folate metabolism","WP:WP176","false","0.006590291193702508","2.181095395569237","44","772","10","16535","SAA2,IL1B,SAA1,SOD2,SOD3,CCL2,ICAM1,SCARB1,ABCA1,FOLR3"
"WP","Spinal cord injury","WP:WP2431","false","0.008777764815326257","2.0566160594872116","85","772","14","16535","PTPRZ1,IL1B,IL1A,CXCL1,MMP12,BTG2,SEMA6A,CCL2,FOS,ICAM1,CXCL2,NOX4,NTN1,CXCL8"
"WP","NOTCH1 regulation of endothelial cell calcification","WP:WP3413","false","0.019592141852743553","1.707918083454966","17","772","6","16535","DLL4,GJA5,ALPL,MGP,JAG2,SOX6"
"WP","COVID 19 adverse outcome pathway","WP:WP4891","false","0.03577111748370895","1.4464674923523522","7","772","4","16535","IL1B,CSF3,CCL2,CXCL8"
"WP","Burn wound healing","WP:WP5055","false","0.04166949618078314","1.3801817504961305","54","772","10","16535","IL1B,TGFB2,FOXE1,CXCL1,CCL2,ICAM1,NOX4,CXCL8,EGF,HGF"
"WP","Allograft rejection","WP:WP2328","false","0.04759628142991914","1.3224269762196557","45","772","9","16535","C3,IL1B,IL1A,ABCB1,IL12A,HLA-B,BHMT2,CXCL8,HLA-F"
"WP","Post COVID neuroinflammation","WP:WP5485","false","0.04999306050827573","1.301090275506454","13","772","5","16535","CCL11,IL1B,IL1A,IL12A,CXCL8"
"MIRNA","hsa-mir-335-5p","MIRNA:hsa-mir-335-5p","false","0.0000027558002195468055","5.559752269599419","1593","772","131","16535","EHF,CLDN1,OAS1,CD36,LONRF2,WNT7B,IL1A,GUCY1A2,AREG,CYP7B1,EREG,SCN3B,RUNDC3B,TACSTD2,OAS2,SYT1,SLC16A6,GNA14,ASTN1,PLEKHH2,TGFB2,ASPN,IVL,RGS7BP,LHX9,OCLN,TLR2,NRK,CABP5,ITGB4,RGCC,CCND2,CFI,ZMAT1,AMPD3,GCNT2,PDZD4,PODXL2,RARRES2,LIPG,NUP210,MTUS1,L1CAM,PPM1H,IGFBP2,BEX2,LRRN1,RRAD,LEPR,LOXL4,F11R,CCDC69,TMEM178A,MGP,JAG2,SLCO4A1,CYGB,LLGL2,TMEM217,QPRT,CLIC2,PLEKHA7,ABCA3,C1QTNF1,B4GALT6,DUSP6,CXCL3,PARD6B,GPRC5C,ADAMTS12,TRIM29,ATOSA,KALRN,SLC5A3,TPCN1,CTSF,TSPAN15,ARRB1,SGCD,FOS,CNIH3,WNT9A,PLCG2,RGS16,C8G,PREX2,SPTBN2,C6ORF141,ICAM1,GDF15,KLF8,ADAM21,ADAM8,IGDCC4,CXCL2,DKK2,ABCA7,BMP2,ANO3,JAKMIP3,TNFSF9,RHBDF2,MOV10L1,BATF2,POPDC2,LTK,GPR37,MAFB,NTN4,SPATA18,RRAGD,ITPR2,NDST3,PDZD2,SERPINB10,ACSL5,EFCAB5,ST6GAL1,PPARGC1A,TP53INP1,TM7SF2,RAB26,LZTS3,CTXN1,YPEL2,CDA,SATB1,NPTXR,SHC3,USP44,SLC52A1"
"HP","Decreased circulating complement factor H concentration","HP:0005369","false","0.009826261353733793","2.007611688911259","4","772","4","16535","CFI,CFHR3,CFHR1,CFH"
"HP","Decreased circulating complement factor I concentration","HP:0005356","false","0.009826261353733793","2.007611688911259","4","772","4","16535","CFI,CFHR3,CFHR1,CFH"
"HP","Microangiopathic hemolytic anemia","HP:0001937","false","0.04603801154528887","1.3368834425044065","14","772","6","16535","C3,GNA14,CFI,CFHR3,CFHR1,CFH"
"HP","Decreased circulating complement factor B concentration","HP:0005416","false","0.04730526630658745","1.3250905082985984","5","772","4","16535","CFI,CFHR3,CFHR1,CFH"
