GeneID	padj	pvalue	lfcSE	stat	log2FoldChange	baseMean	Symbol	Description
2537	0.0	0.0	0.0566	-39.49781	-2.2364724	1741.53	IFI6	interferon alpha inducible protein 6
81606	0.0	0.0	0.0459	47.903179	2.1999545	5423.63	LBH	LBH regulator of WNT signaling pathway
151258	0.0	0.0	0.0564	-44.844168	-2.5284449	3904.46	SLC38A11	solute carrier family 38 member 11
1295	0.0	0.0	0.0389	-60.6934	-2.3614798	17247.77	COL8A1	collagen type VIII alpha 1 chain
9076	0.0	0.0	0.1421	-40.034142	-5.6870993	999.34	CLDN1	claudin 1
2069	0.0	0.0	0.0793	-43.040419	-3.414336	1709.01	EREG	epiregulin
10468	0.0	0.0	0.0506	39.032242	1.9748581	5809.14	FST	follistatin
1404	0.0	0.0	0.0888	39.929163	3.5462072	1008.68	HAPLN1	hyaluronan and proteoglycan link protein 1
10085	0.0	0.0	0.0711	37.776762	2.6873124	1149.81	EDIL3	EGF like repeats and discoidin domains 3
2201	0.0	0.0	0.0435	46.672032	2.0323124	21395.76	FBN2	fibrillin 2
7045	0.0	0.0	0.0403	54.048376	2.1755137	24724.04	TGFBI	transforming growth factor beta induced
7148	0.0	0.0	0.0963	40.974183	3.9453302	998.19	TNXB	tenascin XB
3486	0.0	0.0	0.0346	37.659614	1.3043741	93086.21	IGFBP3	insulin like growth factor binding protein 3
4147	0.0	0.0	0.0514	38.539569	1.981196	2381.02	MATN2	matrilin 2
92949	0.0	0.0	0.0656	52.391008	3.4349889	1959.64	ADAMTSL1	ADAMTS like 1
5069	0.0	0.0	0.0456	-46.767336	-2.1310128	4204.61	PAPPA	pappalysin 1
59	0.0	0.0	0.0508	37.700272	1.9135923	7653.49	ACTA2	actin alpha 2, smooth muscle
1012	0.0	0.0	0.06	-41.307499	-2.4776222	3887.88	CDH13	cadherin 13
5452	0.0	0.0	0.0653	-43.37553	-2.8335095	1444.98	POU2F2	POU class 2 homeobox 2
3897	0.0	0.0	0.0351	-57.614027	-2.0209444	18033.95	L1CAM	L1 cell adhesion molecule
231	6.49e-301	7.73e-304	0.059	-37.258472	-2.198273	7953.61	AKR1B1	aldo-keto reductase family 1 member B
3488	1.56e-298	1.94e-301	0.0468	-37.109949	-1.7371807	330674.02	IGFBP5	insulin like growth factor binding protein 5
2977	1.55e-286	2.02e-289	0.1125	-36.357208	-4.0900072	734.63	GUCY1A2	guanylate cyclase 1 soluble subunit alpha 2
158471	1.71e-283	2.33e-286	0.0612	36.162905	2.2119701	1687.19	PRUNE2	prune homolog 2 with BCH domain
633	2.01e-283	2.85e-286	0.0541	36.157376	1.9560674	10724.38	BGN	biglycan
948	2.13e-280	3.15e-283	0.1222	-35.963205	-4.3939188	776.93	CD36	CD36 molecule
10631	6.25e-277	9.57e-280	0.0631	35.739689	2.2557101	3014.48	POSTN	periostin
11010	3.7999999999999996e-260	6.03e-263	0.0429	34.64134	1.485616	6039.84	GLIPR1	GLI pathogenesis related 1
2335	1.08e-258	1.78e-261	0.0391	34.543598	1.3507232	354338.35	FN1	fibronectin 1
100132116	8.64e-256	1.47e-258	0.057	34.348756	1.9572381	2195.2	ACTA2-AS1	ACTA2 antisense RNA 1
55332	1.1e-251	1.9299999999999998e-254	0.0398	-34.071862	-1.3560075	17799.39	DRAM1	DNA damage regulated autophagy modulator 1
54674	2.41e-251	4.38e-254	0.0864	-34.047757	-2.9429651	880.92	LRRN3	leucine rich repeat neuronal 3
1958	4.31e-251	8.06e-254	0.0511	34.029852	1.7378656	6629.48	EGR1	early growth response 1
7042	6.219999999999999e-250	1.2e-252	0.0828	-33.950522	-2.81248	833.68	TGFB2	transforming growth factor beta 2
6857	2.78e-232	5.5200000000000005e-235	0.0963	-32.731749	-3.1510591	765.11	SYT1	synaptotagmin 1
1513	1.03e-231	2.1e-234	0.0424	-32.690942	-1.3853793	7235.91	CTSK	cathepsin K
375790	1.7e-229	3.56e-232	0.038	-32.533734	-1.2357959	8193.57	AGRN	agrin
9588	3.7300000000000003e-222	8.05e-225	0.0376	-32.009483	-1.2032169	26050.29	PRDX6	peroxiredoxin 6
8622	2.8599999999999996e-221	6.33e-224	0.0718	-31.945038	-2.2931398	1161.63	PDE8B	phosphodiesterase 8B
2151	2.36e-220	5.34e-223	0.0624	-31.878274	-1.9893629	1268.21	F2RL2	coagulation factor II thrombin receptor like 2
2760	1.7600000000000003e-210	4.0800000000000006e-213	0.0564	-31.156969	-1.7572556	3067.06	GM2A	ganglioside GM2 activator
8613	2.4400000000000003e-210	5.8000000000000005e-213	0.0511	31.145677	1.5918363	2333.31	PLPP3	phospholipid phosphatase 3
130271	1.2500000000000001e-208	3.05e-211	0.0912	-31.018348	-2.8278519	672.03	PLEKHH2	pleckstrin homology, MyTH4 and FERM domain containing H2
5919	2.2900000000000003e-208	5.72e-211	0.0673	-30.998106	-2.0848581	1497.38	RARRES2	retinoic acid receptor responder 2
25825	1.3e-206	3.32e-209	0.0543	-30.866925	-1.6750095	1846.44	BACE2	beta-secretase 2
283078	7.54e-201	1.9699999999999998e-203	0.0404	-30.433745	-1.2296073	4854.44	MKX	mohawk homeobox
5796	6.68e-199	1.78e-201	0.0392	-30.285494	-1.1870737	7046.51	PTPRK	protein tyrosine phosphatase receptor type K
272	2.3499999999999998e-197	6.400000000000001e-200	0.0723	-30.167112	-2.1804538	2112.17	AMPD3	adenosine monophosphate deaminase 3
2192	3.7599999999999994e-197	1.05e-199	0.0432	-30.150837	-1.3037981	49008.65	FBLN1	fibulin 1
3485	9.32e-196	2.64e-198	0.0647	-30.043674	-1.9439354	2136.44	IGFBP2	insulin like growth factor binding protein 2
8482	2.0200000000000003e-195	5.85e-198	0.052	30.017223	1.5595401	4405.81	SEMA7A	semaphorin 7A (John Milton Hagen blood group)
27242	1.85e-194	5.47e-197	0.0784	-29.942765	-2.3478871	1014.86	TNFRSF21	TNF receptor superfamily member 21
10867	3.59e-194	1.08e-196	0.0534	-29.920086	-1.5981786	2190.45	TSPAN9	tetraspanin 9
389558	2.79e-193	8.54e-196	0.0645	29.850919	1.9243363	1565.21	FAM180A	family with sequence similarity 180 member A
1063	2.92e-193	9.089999999999999e-196	0.0477	29.848817	1.4238143	3641.41	CENPF	centromere protein F
1734	9.790000000000001e-192	3.11e-194	0.0545	-29.730396	-1.620678	2023.32	DIO2	iodothyronine deiodinase 2
6456	2.0100000000000002e-185	6.599999999999999e-188	0.1432	-29.23685	-4.1860845	423.47	SH3GL2	SH3 domain containing GRB2 like 2, endophilin A1
56603	5.97e-180	2e-182	0.1119	-28.802457	-3.222145	547.04	CYP26B1	cytochrome P450 family 26 subfamily B member 1
4052	1.55e-177	5.279999999999999e-180	0.0454	28.60843	1.2989036	5324.54	LTBP1	latent transforming growth factor beta binding protein 1
6424	6.419999999999999e-176	2.22e-178	0.1603	-28.477605	-4.565922	1265.51	SFRP4	secreted frizzled related protein 4
5066	1.6100000000000001e-173	5.6599999999999994e-176	0.0403	-28.282573	-1.1391345	30701.25	PAM	peptidylglycine alpha-amidating monooxygenase
54443	1.6600000000000002e-173	5.92e-176	0.0442	28.281002	1.2492888	6899.23	ANLN	anillin, actin binding protein
84251	7.47e-170	2.71e-172	0.0564	-27.981734	-1.5779056	2016.0	SGIP1	SH3GL interacting endocytic adaptor 1
5621	2.65e-168	9.75e-171	0.0388	-27.853564	-1.0813427	9793.49	PRNP	prion protein
11096	5.1e-168	1.9099999999999997e-170	0.0506	-27.829488	-1.4085351	2471.58	ADAMTS5	ADAM metallopeptidase with thrombospondin type 1 motif 5
390	9.159999999999999e-168	3.4799999999999995e-170	0.0377	-27.807908	-1.0480965	26073.99	RND3	Rho family GTPase 3
442213	3.7e-166	1.4299999999999999e-168	0.1176	-27.674187	-3.2535623	474.23	PTCHD4	patched domain containing 4
79158	1.17e-165	4.579999999999999e-168	0.0463	-27.632081	-1.2788627	5505.41	GNPTAB	N-acetylglucosamine-1-phosphate transferase subunits alpha and beta
344148	1.6900000000000003e-163	6.7e-166	0.0823	-27.451335	-2.2595496	891.16	NCKAP5	NCK associated protein 5
4017	3.6200000000000006e-163	1.4599999999999998e-165	0.0384	-27.423014	-1.0543015	47260.14	LOXL2	lysyl oxidase like 2
127002	1.11e-162	4.52e-165	0.0703	-27.38181	-1.9237128	1280.72	ATXN7L2	ataxin 7 like 2
8076	3.17e-162	1.31e-164	0.0457	27.342862	1.2499498	4460.97	MFAP5	microfibril associated protein 5
9472	1.2e-158	5.03e-161	0.0768	-27.039851	-2.0767179	802.14	AKAP6	A-kinase anchoring protein 6
3075	4.3700000000000005e-155	1.88e-157	0.0502	-26.734266	-1.3421397	2452.39	CFH	complement factor H
55165	6.08e-154	2.6500000000000004e-156	0.0542	26.63524	1.4441831	1963.29	CEP55	centrosomal protein 55
7153	7.08e-154	3.1300000000000004e-156	0.0456	26.62901	1.2147107	7945.86	TOP2A	DNA topoisomerase II alpha
1316	3.55e-153	1.6100000000000001e-155	0.0483	26.567525	1.2842539	5513.16	KLF6	KLF transcription factor 6
56944	3.81e-152	1.75e-154	0.0597	26.477683	1.5811008	3078.83	OLFML3	olfactomedin like 3
576	2.06e-150	9.58e-153	0.0658	-26.326348	-1.7310854	1395.25	ADGRB2	adhesion G protein-coupled receptor B2
115908	2.61e-148	1.23e-150	0.0665	26.141568	1.7395496	1346.33	CTHRC1	collagen triple helix repeat containing 1
5999	3.04e-147	1.45e-149	0.0563	26.04718	1.4677465	3332.29	RGS4	regulator of G protein signaling 4
718	4.3e-146	2.07e-148	0.236	-25.944934	-6.1219456	9231.77	C3	complement C3
2250	1.89e-143	9.22e-146	0.0435	25.709233	1.1179278	5307.04	FGF5	fibroblast growth factor 5
6387	1.62e-142	8.01e-145	0.136	25.625111	3.4860623	7607.54	CXCL12	C-X-C motif chemokine ligand 12
3953	3.08e-142	1.5400000000000002e-144	0.0745	-25.599651	-1.9063632	1911.5	LEPR	leptin receptor
6526	4.53e-142	2.2900000000000002e-144	0.0569	-25.584182	-1.4559214	3750.07	SLC5A3	solute carrier family 5 member 3
2687	1.1899999999999999e-141	6.08e-144	0.11	25.546024	2.808911	469.59	GGT5	gamma-glutamyltransferase 5
259266	2.97e-141	1.53e-143	0.049	25.509841	1.2492044	3087.52	ASPM	assembly factor for spindle microtubules
1848	1.15e-139	6.07e-142	0.0593	-25.365472	-1.5040564	1804.08	DUSP6	dual specificity phosphatase 6
157506	6.0899999999999995e-139	3.24e-141	0.0436	-25.299378	-1.1028852	8082.21	RDH10	retinol dehydrogenase 10
3925	3.4299999999999997e-138	1.85e-140	0.0411	25.230626	1.0370012	8628.91	STMN1	stathmin 1
11080	3.73e-138	2.03e-140	0.0418	-25.226955	-1.0545943	5519.71	DNAJB4	DnaJ heat shock protein family (Hsp40) member B4
2305	1.17e-137	6.5099999999999995e-140	0.0616	25.180738	1.5514093	2180.38	FOXM1	forkhead box M1
3148	2.3399999999999998e-136	1.31e-138	0.0541	25.061339	1.356473	2850.92	HMGB2	high mobility group box 2
493913	6.54e-136	3.75e-138	0.0842	-25.019563	-2.1070617	702.81	PAPPA-AS1	PAPPA antisense RNA 1
3781	1e-135	5.79e-138	0.1041	-25.002136	-2.6032867	481.61	KCNN2	potassium calcium-activated channel subfamily N member 2
7112	3.17e-134	1.85e-136	0.0461	24.863388	1.1472122	3280.94	TMPO	thymopoietin
286	1.3500000000000001e-133	7.94e-136	0.0669	-24.804904	-1.6588505	1099.27	ANK1	ankyrin 1
8722	1.39e-133	8.26e-136	0.0584	-24.803282	-1.4490519	1585.84	CTSF	cathepsin F
10602	1.4500000000000001e-133	8.8e-136	0.0435	24.800754	1.0795061	7554.16	CDC42EP3	CDC42 effector protein 3
5214	1.4500000000000001e-133	8.759999999999999e-136	0.0439	24.800912	1.0895353	4978.77	PFKP	phosphofructokinase, platelet
4883	6.91e-131	4.23e-133	0.1179	24.550863	2.8950453	414.2	NPR3	natriuretic peptide receptor 3
1545	1.1000000000000002e-129	6.800000000000001e-132	0.0555	24.437679	1.3559371	2546.49	CYP1B1	cytochrome P450 family 1 subfamily B member 1
85461	3.5800000000000006e-129	2.23e-131	0.0546	-24.389112	-1.3306391	1976.76	TANC1	tetratricopeptide repeat, ankyrin repeat and coiled-coil containing 1
9052	1.0399999999999999e-128	6.53e-131	0.0414	-24.345137	-1.0081501	7659.11	GPRC5A	G protein-coupled receptor class C group 5 member A
157285	8.319999999999999e-128	5.33e-130	0.0538	-24.25887	-1.3051974	1894.15	PRAG1	PEAK1 related, kinase-activating pseudokinase 1
2331	1.55e-127	1.0000000000000001e-129	0.0774	-24.232763	-1.8745789	1357.69	FMOD	fibromodulin
84293	3.03e-127	1.98e-129	0.1257	-24.20489	-3.043424	353.76	PRXL2A	peroxiredoxin like 2A
10112	7.39e-127	4.910000000000001e-129	0.0534	24.167361	1.2915586	2263.68	KIF20A	kinesin family member 20A
9493	4.82e-126	3.28e-128	0.047	24.088708	1.1314559	2939.95	KIF23	kinesin family member 23
4549	6.019999999999999e-126	4.1299999999999995e-128	0.0448	-24.079162	-1.0777919	10590.2	RNR1	s-rRNA
53373	8.959999999999999e-126	6.25e-128	0.0605	-24.062005	-1.4554359	2609.05	TPCN1	two pore segment channel 1
113791	2.89e-125	2.03e-127	0.0818	-24.013108	-1.9652366	678.1	PIK3IP1	phosphoinositide-3-kinase interacting protein 1
1846	4.2e-125	2.98e-127	0.0794	-23.997137	-1.9055827	842.81	DUSP4	dual specificity phosphatase 4
29127	7.720000000000001e-125	5.51e-127	0.0506	23.97151	1.2139146	2530.32	RACGAP1	Rac GTPase activating protein 1
8804	9.040000000000001e-125	6.51e-127	0.0545	-23.964615	-1.3064752	1846.47	CREG1	cellular repressor of E1A stimulated genes 1
4288	1.0100000000000002e-124	7.34e-127	0.0528	23.959584	1.266177	6389.97	MKI67	marker of proliferation Ki-67
4330	1.34e-124	9.8e-127	0.0922	23.947537	2.2090917	554.34	MN1	MN1 proto-oncogene, transcriptional regulator
7832	3.4900000000000006e-123	2.59e-125	0.0781	-23.810677	-1.8586942	778.33	BTG2	BTG anti-proliferation factor 2
54972	5.06e-123	3.79e-125	0.0654	-23.794695	-1.5568939	1555.09	TMEM132A	transmembrane protein 132A
26999	3.08e-120	2.3600000000000002e-122	0.0796	-23.523204	-1.8719583	672.46	CYFIP2	cytoplasmic FMR1 interacting protein 2
9635	1.18e-119	9.11e-122	0.1427	-23.465821	-3.3483369	319.49	CLCA2	chloride channel accessory 2
890	2.9899999999999997e-119	2.32e-121	0.0605	23.426057	1.4180366	1824.84	CCNA2	cyclin A2
1004	8.36e-119	6.54e-121	0.1215	23.381823	2.8409094	369.89	CDH6	cadherin 6
164284	1.12e-115	8.95e-118	0.1125	23.071489	2.5952451	467.01	APCDD1L	APC down-regulated 1 like
55130	1.39e-115	1.1200000000000001e-117	0.0768	-23.061718	-1.7710638	1026.28	ODAD2	outer dynein arm docking complex subunit 2
57608	2.83e-115	2.3000000000000003e-117	0.0528	23.030717	1.2158301	2051.68	JCAD	junctional cadherin 5 associated
128239	3.5399999999999997e-115	2.89e-117	0.053	23.020717	1.2209368	2501.1	IQGAP3	IQ motif containing GTPase activating protein 3
9060	2.45e-114	2.0100000000000001e-116	0.0467	-22.936425	-1.0709718	20030.83	PAPSS2	3'-phosphoadenosine 5'-phosphosulfate synthase 2
55806	3.31e-114	2.74e-116	0.1123	22.922949	2.5731106	416.1	HR	HR lysine demethylase and nuclear receptor corepressor
9055	7.11e-114	5.92e-116	0.0548	22.889415	1.2532935	3811.87	PRC1	protein regulator of cytokinesis 1
64084	3.39e-113	2.85e-115	0.3176	-22.820834	-7.2474854	4750.04	CLSTN2	calsyntenin 2
2252	4.0399999999999997e-113	3.42e-115	0.0815	22.812875	1.8599472	878.22	FGF7	fibroblast growth factor 7
3776	5.21e-113	4.43e-115	0.0679	22.801474	1.5477853	1394.31	KCNK2	potassium two pore domain channel subfamily K member 2
27286	1.75e-112	1.49e-114	0.0589	-22.748212	-1.3396489	1405.11	SRPX2	sushi repeat containing protein X-linked 2
126393	3.55e-112	3.06e-114	0.0564	22.716786	1.2812903	3231.56	HSPB6	heat shock protein family B (small) member 6
27075	5.58e-112	4.91e-114	0.0751	-22.696012	-1.7039454	1068.97	TSPAN13	tetraspanin 13
9358	8.26e-111	7.4e-113	0.0484	22.576379	1.093302	2744.06	ITGBL1	integrin subunit beta like 1
79801	6.31e-110	5.72e-112	0.0635	22.485761	1.4278869	1834.4	SHCBP1	SHC binding and spindle associated 1
10615	1.6500000000000002e-109	1.5e-111	0.059	22.442826	1.3249172	1584.49	SPAG5	sperm associated antigen 5
891	1.12e-108	1.0300000000000001e-110	0.0516	22.356991	1.1532339	2659.04	CCNB1	cyclin B1
114801	1.14e-108	1.0600000000000001e-110	0.0658	22.355941	1.4718679	1086.55	TMEM200A	transmembrane protein 200A
332	1.74e-108	1.62e-110	0.0551	22.336976	1.2304461	1682.87	BIRC5	baculoviral IAP repeat containing 5
284207	2.25e-108	2.1200000000000002e-110	0.0549	22.324917	1.2251119	1971.7	METRNL	meteorin like, glial cell differentiation regulator
79974	3.47e-107	3.2900000000000004e-109	0.0497	-22.201989	-1.1038183	2804.97	CPED1	cadherin like and PC-esterase domain containing 1
3383	7.74e-107	7.3700000000000005e-109	0.0602	-22.165632	-1.3336943	3583.53	ICAM1	intercellular adhesion molecule 1
7083	1.2399999999999998e-106	1.19e-108	0.0568	22.144078	1.2574649	2218.7	TK1	thymidine kinase 1
55816	9.74e-106	9.44e-108	0.1666	22.050529	3.672517	270.11	DOK5	docking protein 5
26002	2.9600000000000002e-105	2.89e-107	0.0491	-21.999896	-1.0795481	13080.56	MOXD1	monooxygenase DBH like 1
223117	1.15e-104	1.13e-106	0.058	-21.937833	-1.271712	1880.85	SEMA3D	semaphorin 3D
57484	1.04e-102	1.04e-104	0.0486	-21.731151	-1.0560642	2684.7	RNF150	ring finger protein 150
85236	3.34e-102	3.3499999999999995e-104	0.0712	-21.677435	-1.5438475	1125.89	H2BC12	H2B clustered histone 12
949	7.37e-102	7.44e-104	0.0616	-21.640682	-1.3334949	1360.18	SCARB1	scavenger receptor class B member 1
2517	3.4799999999999997e-101	3.55e-103	0.0718	-21.568457	-1.5488895	1147.85	FUCA1	alpha-L-fucosidase 1
114897	1.27e-100	1.31e-102	0.0705	-21.508076	-1.5162457	1624.52	C1QTNF1	C1q and TNF related 1
54892	3.85e-99	4.01e-101	0.0593	21.348667	1.2670182	2095.74	NCAPG2	non-SMC condensin II complex subunit G2
83540	5.34e-99	5.61e-101	0.0746	21.333032	1.5914516	794.6	NUF2	NUF2 component of NDC80 kinetochore complex
6586	9.82e-99	1.04e-100	0.0544	21.304041	1.1598133	3125.9	SLIT3	slit guidance ligand 3
4070	1.04e-98	1.1100000000000001e-100	0.1528	-21.301137	-3.2550877	253.77	TACSTD2	tumor associated calcium signal transducer 2
10129	1.12e-98	1.21e-100	0.0528	-21.296936	-1.1234453	1989.55	FRY	FRY microtubule binding protein
22974	7.44e-98	8.14e-100	0.0567	21.207522	1.2023535	3565.1	TPX2	TPX2 microtubule nucleation factor
23475	1.86e-97	2.04e-99	0.0746	-21.164171	-1.5785447	974.3	QPRT	quinolinate phosphoribosyltransferase
3732	3.47e-97	3.84e-99	0.0851	-21.134398	-1.79763	780.44	CD82	CD82 molecule
50484	4.58e-97	5.09e-99	0.0492	-21.121123	-1.0383843	2754.72	RRM2B	ribonucleotide reductase regulatory TP53 inducible subunit M2B
55959	7.28e-97	8.13e-99	0.0592	-21.098939	-1.2494047	2278.83	SULF2	sulfatase 2
3553	7.78e-97	8.730000000000001e-99	0.2049	-21.095571	-4.3223918	604.13	IL1B	interleukin 1 beta
6941	2.34e-96	2.64e-98	0.0573	21.043263	1.2057482	1507.0	TCF19	transcription factor 19
4741	3.87e-96	4.41e-98	0.1717	21.018846	3.608203	243.9	NEFM	neurofilament medium chain
54532	5.71e-96	6.54e-98	0.0539	-21.000158	-1.1319553	25284.3	USP53	ubiquitin specific peptidase 53
5064	6.51e-96	7.499999999999999e-98	0.0904	20.993632	1.89803	553.3	PALM	paralemmin
3833	1.23e-95	1.42e-97	0.0677	20.963212	1.4197701	1277.78	KIFC1	kinesin family member C1
56204	1.3499999999999999e-95	1.57e-97	0.0699	-20.958454	-1.4654612	1937.75	ATOSA	atos homolog A
9787	2.2899999999999997e-95	2.7e-97	0.0612	20.932701	1.2818219	1363.24	DLGAP5	DLG associated protein 5
8349	6.739999999999999e-95	7.99e-97	0.098	-20.880908	-2.0470283	547.29	H2BC21	H2B clustered histone 21
23528	8.26e-95	9.83e-97	0.0489	20.870959	1.0215063	2240.8	ZNF281	zinc finger protein 281
4001	8.34e-95	9.98e-97	0.0643	20.87024	1.3424682	1551.4	LMNB1	lamin B1
347	2.11e-93	2.5799999999999997e-95	0.1733	-20.71411	-3.5892076	868.32	APOD	apolipoprotein D
386618	2.11e-92	2.6e-94	0.1712	-20.602614	-3.5268053	225.28	KCTD4	potassium channel tetramerization domain containing 4
1462	1.75e-91	2.18e-93	0.155	20.499447	3.1774827	4188.07	VCAN	versican
23231	2.17e-91	2.71e-93	0.0686	20.488797	1.4062926	957.58	SEL1L3	SEL1L family member 3
771	1.1999999999999999e-90	1.51e-92	0.0761	20.405077	1.553739	819.2	CA12	carbonic anhydrase 12
4174	1.5499999999999999e-90	1.95e-92	0.0532	20.392508	1.0842638	1745.55	MCM5	minichromosome maintenance complex component 5
166647	3.47e-90	4.39e-92	0.0585	-20.35276	-1.1897046	1469.09	ADGRA3	adhesion G protein-coupled receptor A3
3832	1.0899999999999998e-89	1.39e-91	0.0638	20.296275	1.2947844	1843.61	KIF11	kinesin family member 11
132671	1.2399999999999999e-89	1.59e-91	0.0583	-20.289486	-1.182337	1436.32	SPATA18	spermatogenesis associated 18
54829	1.94e-89	2.5e-91	0.1317	-20.267224	-2.6701542	285.58	ASPN	asporin
54749	4.339999999999999e-89	5.64e-91	0.0521	-20.227236	-1.0536501	2879.0	EPDR1	ependymin related 1
57460	4.9899999999999996e-89	6.51e-91	0.0992	-20.220108	-2.0063108	437.26	PPM1H	protein phosphatase, Mg2+/Mn2+ dependent 1H
51203	6.82e-89	8.93e-91	0.0563	20.204523	1.1377858	1882.05	NUSAP1	nucleolar and spindle associated protein 1
27063	4.4600000000000003e-88	5.8599999999999995e-90	0.157	20.111407	3.1578834	333.82	ANKRD1	ankyrin repeat domain 1
8835	4.73e-87	6.2499999999999994e-89	0.069	19.99367	1.3787266	1141.23	SOCS2	suppressor of cytokine signaling 2
91947	7.46e-87	9.939999999999999e-89	0.0502	-19.970502	-1.0033853	3875.58	ARRDC4	arrestin domain containing 4
256691	9.08e-87	1.21e-88	0.0545	-19.960518	-1.0883465	1775.61	MAMDC2	MAM domain containing 2
9518	1.38e-86	1.8500000000000001e-88	0.0657	-19.939386	-1.3095513	1182.68	GDF15	growth differentiation factor 15
8334	3.42e-85	4.66e-87	0.1033	-19.777418	-2.0431376	453.88	H2AC6	H2A clustered histone 6
6575	1.2799999999999999e-84	1.75e-86	0.0555	-19.710682	-1.0942419	5566.63	SLC20A2	solute carrier family 20 member 2
11004	1.43e-84	1.9600000000000002e-86	0.0708	19.704906	1.3956156	1177.42	KIF2C	kinesin family member 2C
81610	2.78e-84	3.83e-86	0.078	19.670868	1.534291	786.8	FAM83D	family with sequence similarity 83 member D
4139	3.5e-84	4.8600000000000005e-86	0.0953	-19.658765	-1.8736298	478.91	MARK1	microtubule affinity regulating kinase 1
10381	6.2899999999999995e-84	8.77e-86	0.0586	19.628852	1.1500003	2539.07	TUBB3	tubulin beta 3 class III
699	1.31e-83	1.87e-85	0.0605	19.590422	1.1852487	1503.85	BUB1	BUB1 mitotic checkpoint serine/threonine kinase
9235	1.64e-83	2.35e-85	0.1273	-19.578671	-2.4923959	321.55	IL32	interleukin 32
10460	5.86e-83	8.5e-85	0.0565	19.513081	1.1015733	1764.24	TACC3	transforming acidic coiled-coil containing protein 3
112268430	9.87e-83	1.44e-84	0.0669	19.485999	1.304184	1812.02	LOC112268430	
284612	1.15e-82	1.69e-84	0.1186	-19.477846	-2.3110407	5360.84	SYPL2	synaptophysin like 2
5167	1.5599999999999998e-82	2.3099999999999998e-84	0.0676	19.461844	1.3160741	947.28	ENPP1	ectonucleotide pyrophosphatase/phosphodiesterase 1
5924	1.8299999999999998e-82	2.71e-84	0.1552	-19.453635	-3.0196706	216.03	RASGRF2	Ras protein specific guanine nucleotide releasing factor 2
25890	2.1299999999999998e-82	3.17e-84	0.0644	19.445651	1.2528451	1038.74	ABI3BP	ABI family member 3 binding protein
26470	2.1899999999999997e-82	3.28e-84	0.0685	-19.443922	-1.3316711	1029.71	SEZ6L2	seizure related 6 homolog like 2
2919	8.58e-82	1.29e-83	0.1057	-19.373577	-2.0474334	504.38	CXCL1	C-X-C motif chemokine ligand 1
8995	1.0699999999999999e-81	1.61e-83	0.2188	-19.362074	-4.2354576	181.85	TNFSF18	TNF superfamily member 18
5740	1.79e-81	2.73e-83	0.1314	19.334862	2.5403059	3943.52	PTGIS	prostaglandin I2 synthase
80210	1.8e-81	2.76e-83	0.0554	-19.334411	-1.0711128	5366.36	ARMC9	armadillo repeat containing 9
9824	5.72e-81	8.8e-83	0.059	19.274493	1.1369139	1620.81	ARHGAP11A	Rho GTPase activating protein 11A
7739	5.43e-80	8.44e-82	0.0863	19.157157	1.6524344	573.2	ZNF185	zinc finger protein 185 with LIM domain
176	5.4700000000000005e-80	8.53e-82	0.5474	19.156551	10.4856433	1741.52	ACAN	aggrecan
57089	6.99e-80	1.1e-81	0.0543	-19.143428	-1.0392455	1865.96	ENTPD7	ectonucleoside triphosphate diphosphohydrolase 7
3037	1.1600000000000001e-79	1.8199999999999998e-81	0.1798	19.116988	3.4378482	3138.47	HAS2	hyaluronan synthase 2
23743	1.6000000000000002e-79	2.5399999999999997e-81	0.0721	-19.099776	-1.3773752	1071.83	BHMT2	betaine--homocysteine S-methyltransferase 2
57082	2.2700000000000003e-79	3.62e-81	0.061	19.081225	1.1648007	1349.24	KNL1	kinetochore scaffold 1
55714	1.8e-78	2.92e-80	0.1081	18.971811	2.0500808	414.99	TENM3	teneurin transmembrane protein 3
9244	5.98e-78	9.7e-80	0.2348	18.908532	4.4401591	190.07	CRLF1	cytokine receptor like factor 1
100507421	7.01e-78	1.1400000000000001e-79	0.1554	-18.900021	-2.9363356	280.4	TMEM178B	transmembrane protein 178B
25759	7.49e-78	1.22e-79	0.1057	-18.896344	-1.9968295	365.8	SHC2	SHC adaptor protein 2
94241	8.79e-78	1.44e-79	0.0593	-18.887656	-1.1190957	1352.24	TP53INP1	tumor protein p53 inducible nuclear protein 1
124540	1.9e-77	3.14e-79	0.0618	-18.846528	-1.1641807	1166.93	MSI2	musashi RNA binding protein 2
5293	2.87e-77	4.7700000000000003e-79	0.0556	-18.824397	-1.0473451	1788.12	PIK3CD	phosphatidylinositol-4,5-bisphosphate 3-kinase catalytic subunit delta
4131	1.79e-76	3e-78	0.0588	18.726752	1.1008137	11384.26	MAP1B	microtubule associated protein 1B
401474	2.32e-76	3.9e-78	0.0673	-18.712719	-1.2587896	1071.93	SAMD12	sterile alpha motif domain containing 12
6616	4.3e-76	7.26e-78	0.1047	-18.679541	-1.9554767	521.79	SNAP25	synaptosome associated protein 25
3006	6.67e-76	1.1300000000000001e-77	0.0813	-18.65592	-1.5160666	615.74	H1-2	H1.2 linker histone, cluster member
56892	2.36e-75	4.03e-77	0.1209	-18.587859	-2.2466625	1998.11	TCIM	transcriptional and immune response regulator
55083	3e-75	5.1400000000000004e-77	0.0745	18.574764	1.383129	765.69	KIF26B	kinesin family member 26B
6648	3.19e-75	5.47e-77	0.1515	-18.571411	-2.8128111	13884.74	SOD2	superoxide dismutase 2
6583	6.120000000000001e-75	1.05e-76	0.0749	-18.536164	-1.3876454	922.43	SLC22A4	solute carrier family 22 member 4
701	1.27e-74	2.19e-76	0.0671	18.496865	1.2402716	1227.08	BUB1B	BUB1 mitotic checkpoint serine/threonine kinase B
64116	1.2899999999999999e-74	2.24e-76	0.1203	-18.495611	-2.2252578	439.6	SLC39A8	solute carrier family 39 member 8
93649	3.0899999999999998e-74	5.41e-76	0.0751	18.447975	1.3850018	746.42	MYOCD	myocardin
114794	3.5599999999999996e-74	6.25e-76	0.0976	-18.440182	-1.8005363	429.41	ELFN2	extracellular leucine rich repeat and fibronectin type III domain containing 2
51435	4.6199999999999995e-74	8.15e-76	0.0544	18.425861	1.0028846	1881.45	SCARA3	scavenger receptor class A member 3
10417	7.86e-74	1.39e-75	0.0667	-18.396931	-1.2272126	1060.61	SPON2	spondin 2
4781	1.24e-73	2.21e-75	0.2123	18.371904	3.8998728	176.79	NFIB	nuclear factor I B
9620	1.65e-73	2.94e-75	0.0869	-18.356273	-1.5943193	518.66	CELSR1	cadherin EGF LAG seven-pass G-type receptor 1
389432	2.3200000000000003e-73	4.1400000000000003e-75	0.077	-18.337675	-1.4121955	661.27	SAMD5	sterile alpha motif domain containing 5
9833	5.71e-73	1.0199999999999999e-74	0.0641	18.288395	1.1718731	1300.0	MELK	maternal embryonic leucine zipper kinase
54858	9.490000000000001e-73	1.71e-74	0.0549	-18.260526	-1.0023548	1498.44	PGPEP1	pyroglutamyl-peptidase I
10848	5.58e-72	1.01e-73	0.0909	18.163061	1.6506217	501.54	PPP1R13L	protein phosphatase 1 regulatory subunit 13 like
253738	5.790000000000001e-72	1.0500000000000001e-73	0.1544	18.160887	2.8039533	233.0	EBF3	EBF transcription factor 3
1286	8.820000000000001e-72	1.61e-73	0.1255	-18.13758	-2.275881	287.85	COL4A4	collagen type IV alpha 4 chain
1512	2.36e-71	4.3600000000000005e-73	0.1121	-18.082732	-2.0271171	456.55	CTSH	cathepsin H
129642	3.02e-71	5.5900000000000003e-73	0.0707	18.068975	1.2771269	1111.48	MBOAT2	membrane bound O-acyltransferase domain containing 2
6196	5.51e-71	1.03e-72	0.0555	18.035393	1.0018253	3347.69	RPS6KA2	ribosomal protein S6 kinase A2
92745	6.49e-71	1.21e-72	0.1747	18.026153	3.1494007	190.31	SLC38A5	solute carrier family 38 member 5
5347	6.85e-71	1.29e-72	0.0751	18.023027	1.3536444	1300.64	PLK1	polo like kinase 1
3625	8.66e-71	1.63e-72	0.104	18.009722	1.872149	414.85	INHBB	inhibin subunit beta B
100507156	1.15e-70	2.1700000000000002e-72	0.0616	-17.993966	-1.1086084	1236.22	LOC100507156	uncharacterized LOC100507156
9585	1.27e-70	2.41e-72	0.0609	17.988235	1.0956559	1410.07	KIF20B	kinesin family member 20B
991	1.33e-70	2.55e-72	0.0673	17.985141	1.2102131	1523.89	CDC20	cell division cycle 20
374462	2.24e-70	4.3000000000000004e-72	0.0938	-17.956097	-1.6846345	698.24	PTPRQ	protein tyrosine phosphatase receptor type Q
56956	2.4100000000000002e-70	4.630000000000001e-72	0.1324	-17.951992	-2.3775137	255.21	LHX9	LIM homeobox 9
9319	3.16e-70	6.1e-72	0.0719	17.936682	1.288867	1018.29	TRIP13	thyroid hormone receptor interactor 13
285505	3.2600000000000004e-70	6.310000000000001e-72	0.0894	-17.934769	-1.6027215	543.58	GASK1B-AS1	GASK1B antisense RNA 1
11130	5.0100000000000006e-70	9.72e-72	0.0583	17.910734	1.0436525	1456.91	ZWINT	ZW10 interacting kinetochore protein
9144	1.01e-69	1.9700000000000002e-71	0.0612	-17.871486	-1.0932439	1397.7	SYNGR2	synaptogyrin 2
5179	1.57e-69	3.06e-71	0.1363	17.846819	2.4330363	249.41	PENK	proenkephalin
9133	1.88e-69	3.71e-71	0.0653	17.836092	1.1641329	1031.39	CCNB2	cyclin B2
10365	1.88e-69	3.7000000000000005e-71	0.1055	17.836152	1.8817159	381.05	KLF2	KLF transcription factor 2
983	2.44e-69	4.84e-71	0.0593	17.821225	1.056537	1637.03	CDK1	cyclin dependent kinase 1
64151	2.78e-69	5.52e-71	0.0647	17.81379	1.1533391	1433.85	NCAPG	non-SMC condensin I complex subunit G
283298	3.9799999999999996e-69	7.96e-71	0.1516	17.793313	2.6969869	251.27	OLFML1	olfactomedin like 1
4091	3.88e-68	7.830000000000001e-70	0.1011	17.664807	1.7861221	674.36	SMAD6	SMAD family member 6
7980	1.01e-67	2.0599999999999998e-69	0.0725	17.610257	1.2772021	759.97	TFPI2	tissue factor pathway inhibitor 2
26053	2.66e-67	5.44e-69	0.1498	17.55504	2.6304117	225.6	AUTS2	activator of transcription and developmental regulator AUTS2
3106	3.21e-67	6.59e-69	0.0922	-17.544193	-1.6171263	16220.55	HLA-B	major histocompatibility complex, class I, B
4783	1.8200000000000002e-66	3.77e-68	0.0689	17.444829	1.2019712	1065.6	NFIL3	nuclear factor, interleukin 3 regulated
57509	2.02e-66	4.2099999999999995e-68	0.116	-17.438533	-2.0229722	307.46	MTUS1	microtubule associated scaffold protein 1
57650	2.32e-66	4.86e-68	0.0625	17.430317	1.0897999	1115.11	CIP2A	cellular inhibitor of PP2A
10100	4.28e-66	9.019999999999999e-68	0.1647	17.394905	2.86561	190.91	TSPAN2	tetraspanin 2
8503	1.5200000000000001e-65	3.2199999999999995e-67	0.1255	-17.321905	-2.1733168	259.34	PIK3R3	phosphoinositide-3-kinase regulatory subunit 3
11065	2.6e-65	5.55e-67	0.0758	17.290437	1.3098781	861.16	UBE2C	ubiquitin conjugating enzyme E2 C
259173	4.15e-65	8.869999999999999e-67	0.0796	-17.263425	-1.3741122	712.78	ALS2CL	ALS2 C-terminal like
150468	4.45e-65	9.559999999999999e-67	0.0627	17.259091	1.0815877	1146.25	CKAP2L	cytoskeleton associated protein 2 like
51177	1.3500000000000001e-64	2.92e-66	0.0615	17.194565	1.0576369	1253.96	PLEKHO1	pleckstrin homology domain containing O1
54478	3.57e-64	7.780000000000001e-66	0.0863	17.137593	1.4787598	543.16	PIMREG	PICALM interacting mitotic regulator
2259	4.3200000000000004e-64	9.44e-66	0.0633	17.126375	1.0843093	1065.1	FGF14	fibroblast growth factor 14
157313	7.02e-64	1.55e-65	0.0772	17.097646	1.3190887	766.86	CDCA2	cell division cycle associated 2
2303	1.22e-63	2.71e-65	0.1258	17.06491	2.1468635	334.27	FOXC2	forkhead box C2
23397	1.24e-63	2.74e-65	0.0789	17.064223	1.3470977	666.06	NCAPH	non-SMC condensin I complex subunit H
11173	2.23e-63	4.97e-65	0.0719	17.029382	1.2237348	781.34	ADAMTS7	ADAM metallopeptidase with thrombospondin type 1 motif 7
55872	1.06e-62	2.4e-64	0.0647	16.937101	1.0958928	1235.76	PBK	PDZ binding kinase
59353	1.17e-62	2.65e-64	0.1164	-16.931136	-1.9703966	306.46	TMEM35A	transmembrane protein 35A
8794	5.52e-62	1.26e-63	0.1234	-16.838934	-2.0772345	261.02	TNFRSF10C	TNF receptor superfamily member 10c
55143	6.47e-62	1.49e-63	0.072	16.829418	1.211403	1048.08	CDCA8	cell division cycle associated 8
4605	6.7e-62	1.54e-63	0.0703	16.827209	1.1832777	1106.36	MYBL2	MYB proto-oncogene like 2
55635	8.61e-62	1.99e-63	0.0695	16.812175	1.1692407	1016.85	DEPDC1	DEP domain containing 1
3709	9.34e-62	2.17e-63	0.0687	-16.807072	-1.1542785	1021.5	ITPR2	inositol 1,4,5-trisphosphate receptor type 2
6932	1.7999999999999997e-61	4.19e-63	0.1342	16.767879	2.2497005	244.37	TCF7	transcription factor 7
119587	2.31e-61	5.39e-63	0.0677	-16.752906	-1.1343793	1322.45	CPXM2	carboxypeptidase X, M14 family member 2
9212	1.73e-60	4.11e-62	0.0859	16.631665	1.4286436	651.34	AURKB	aurora kinase B
3209	2.53e-60	6.05e-62	0.0606	-16.608515	-1.00661	1232.98	HOXA13	homeobox A13
24137	4.68e-59	1.14e-60	0.0715	16.43156	1.1743955	970.72	KIF4A	kinesin family member 4A
672	5.53e-59	1.36e-60	0.0678	16.420893	1.1125995	984.54	BRCA1	BRCA1 DNA repair associated
8674	8.59e-59	2.1099999999999998e-60	0.0666	-16.393912	-1.091445	1494.75	VAMP4	vesicle associated membrane protein 4
51512	8.800000000000001e-59	2.1699999999999999e-60	0.064	16.392315	1.048891	1179.88	GTSE1	G2 and S-phase expressed 1
23224	1.3900000000000001e-58	3.4399999999999997e-60	0.0698	16.364324	1.141882	855.86	SYNE2	spectrin repeat containing nuclear envelope protein 2
2825	1.86e-58	4.64e-60	0.0961	16.346107	1.5702296	564.6	CMKLR2	chemerin chemokine-like receptor 2
1803	2.0400000000000002e-58	5.079999999999999e-60	0.1496	-16.340521	-2.4437701	7120.32	DPP4	dipeptidyl peptidase 4
894	3.83e-58	9.58e-60	0.1372	-16.301836	-2.2359315	250.7	CCND2	cyclin D2
51222	4.7e-58	1.1800000000000001e-59	0.0766	-16.289176	-1.2478719	1096.24	ZNF219	zinc finger protein 219
10403	1.61e-57	4.07e-59	0.0736	16.213218	1.1928918	853.56	NDC80	NDC80 kinetochore complex component
22925	2.94e-57	7.460000000000001e-59	0.0619	-16.175873	-1.0017205	2074.95	PLA2R1	phospholipase A2 receptor 1
23220	3.1000000000000003e-57	7.86e-59	0.0996	-16.172649	-1.6109345	405.51	DTX4	deltex E3 ubiquitin ligase 4
9928	3.1600000000000003e-57	8.05e-59	0.0718	16.171197	1.1615722	907.91	KIF14	kinesin family member 14
23508	4.15e-57	1.06e-58	0.1489	-16.154337	-2.4052773	243.97	TTC9	tetratricopeptide repeat domain 9
4192	5.85e-57	1.5e-58	0.0764	16.132966	1.2319026	754.3	MDK	midkine
154796	6.39e-57	1.6400000000000002e-58	0.1773	16.127409	2.8591816	168.04	AMOT	angiomotin
2006	1.76e-56	4.55e-58	0.1305	16.064147	2.0966487	22909.78	ELN	elastin
84675	1.94e-56	5.0000000000000005e-58	0.1119	16.058247	1.7976757	427.27	TRIM55	tripartite motif containing 55
4293	2.1200000000000002e-56	5.5e-58	0.1216	-16.05243	-1.9516995	268.67	MAP3K9	mitogen-activated protein kinase kinase kinase 9
22875	2.96e-56	7.7e-58	0.0923	-16.031537	-1.4803152	456.62	ENPP4	ectonucleotide pyrophosphatase/phosphodiesterase 4
400550	3.7700000000000004e-56	9.830000000000001e-58	0.123	-16.016345	-1.9706308	296.88	FENDRR	FOXF1 adjacent non-coding developmental regulatory RNA
8337	4.2400000000000005e-56	1.1100000000000001e-57	0.1444	-16.008794	-2.3122926	207.99	H2AC18	H2A clustered histone 18
55771	5.19e-56	1.3600000000000002e-57	0.0679	15.996028	1.0866978	1837.93	PRR11	proline rich 11
22941	2.25e-55	5.96e-57	0.1657	15.903867	2.635738	192.67	SHANK2	SH3 and multiple ankyrin repeat domains 2
27345	3.0399999999999998e-55	8.06e-57	0.1458	-15.884925	-2.3157908	241.67	KCNMB4	potassium calcium-activated channel subfamily M regulatory beta subunit 4
4803	3.23e-55	8.57e-57	0.0788	15.88105	1.2517645	622.3	NGF	nerve growth factor
100505633	4.31e-55	1.15e-56	0.1054	15.862667	1.6712984	366.33	LINC01133	long intergenic non-protein coding RNA 1133
54492	5.8399999999999996e-55	1.56e-56	0.092	15.843317	1.4581697	474.32	NEURL1B	neuralized E3 ubiquitin protein ligase 1B
723790	8.06e-55	2.16e-56	0.1469	-15.822943	-2.324769	203.46	H2AC19	H2A clustered histone 19
55723	1.23e-54	3.3000000000000003e-56	0.0773	15.796217	1.2211337	668.75	ASF1B	anti-silencing function 1B histone chaperone
7163	1.41e-54	3.8e-56	0.103	-15.78747	-1.6265013	370.02	TPD52	tumor protein D52
26577	1.6199999999999998e-54	4.38e-56	0.2989	15.778492	4.7154238	136.8	PCOLCE2	procollagen C-endopeptidase enhancer 2
10535	1.63e-54	4.42e-56	0.0813	15.777826	1.282934	656.25	RNASEH2A	ribonuclease H2 subunit A
83461	4.3599999999999997e-54	1.1899999999999999e-55	0.0729	15.715069	1.1457922	964.14	CDCA3	cell division cycle associated 3
113130	5.86e-54	1.61e-55	0.0789	15.695981	1.2379264	1028.68	CDCA5	cell division cycle associated 5
63967	8.309999999999999e-54	2.2999999999999998e-55	0.0706	15.673261	1.1065475	951.69	CLSPN	claspin
25907	9.069999999999999e-54	2.52e-55	0.0922	-15.667584	-1.4447655	729.05	TMEM158	transmembrane protein 158
990	1.23e-53	3.44e-55	0.0652	15.647861	1.0196702	1109.36	CDC6	cell division cycle 6
5157	2.72e-53	7.68e-55	0.1208	-15.596589	-1.884744	350.62	PDGFRL	platelet derived growth factor receptor like
3835	2.85e-53	8.07e-55	0.0649	15.593397	1.0122442	1001.18	KIF22	kinesin family member 22
2177	4.2799999999999995e-53	1.2199999999999999e-54	0.0775	15.567187	1.2062415	692.1	FANCD2	FA complementation group D2
79651	8.69e-53	2.4799999999999997e-54	0.0792	-15.521592	-1.2287195	604.86	RHBDF2	rhomboid 5 homolog 2
1311	1.6999999999999997e-52	4.889999999999999e-54	0.1645	15.477893	2.5467162	176.57	COMP	cartilage oligomeric matrix protein
110117499	1.85e-52	5.33e-54	0.1371	-15.472358	-2.1215016	213.91	P3R3URF-PIK3R3	P3R3URF-PIK3R3 readthrough
115207	2.02e-52	5.83e-54	0.0669	15.466605	1.0350515	952.4	KCTD12	potassium channel tetramerization domain containing 12
2304	3.6199999999999994e-52	1.05e-53	0.1776	-15.428661	-2.7396625	150.32	FOXE1	forkhead box E1
51363	4.57e-52	1.33e-53	0.0692	-15.413254	-1.0668747	1501.2	CHST15	carbohydrate sulfotransferase 15
151246	4.8699999999999994e-52	1.42e-53	0.0673	15.409097	1.0372924	949.9	SGO2	shugoshin 2
306	5.01e-52	1.47e-53	0.0903	-15.407107	-1.3905407	672.08	ANXA3	annexin A3
639	5.07e-52	1.4899999999999999e-53	0.0827	-15.406254	-1.2743922	570.43	PRDM1	PR/SET domain 1
10733	5.2099999999999995e-52	1.53e-53	0.0815	15.404373	1.2558306	616.4	PLK4	polo like kinase 4
1396	2.02e-51	5.9999999999999995e-53	0.2359	15.315768	3.612276	131.46	CRIP1	cysteine rich protein 1
79047	3.54e-51	1.05e-52	0.0737	15.279053	1.1257634	735.76	KCTD15	potassium channel tetramerization domain containing 15
121601	7.68e-51	2.3e-52	0.0845	-15.228132	-1.2860295	552.76	ANO4	anoctamin 4
50863	1.07e-50	3.1999999999999997e-52	0.0879	15.206535	1.3360764	730.63	NTM	neurotrimin
9636	1.49e-50	4.48e-52	0.072	-15.18451	-1.0925395	870.82	ISG15	ISG15 ubiquitin like modifier
170689	1.59e-50	4.809999999999999e-52	0.091	15.179809	1.3808555	543.82	ADAMTS15	ADAM metallopeptidase with thrombospondin type 1 motif 15
11278	1.77e-50	5.35e-52	0.0672	15.1728	1.0198917	923.7	KLF12	KLF transcription factor 12
7272	2.02e-50	6.159999999999999e-52	0.0779	15.163563	1.1818308	690.73	TTK	TTK protein kinase
10635	2.52e-50	7.7e-52	0.0825	15.148903	1.2491825	564.01	RAD51AP1	RAD51 associated protein 1
152519	3.13e-50	9.599999999999999e-52	0.166	-15.13446	-2.5118543	166.95	NIPAL1	NIPA like domain containing 1
6664	3.22e-50	9.909999999999999e-52	0.1872	15.13236	2.8328431	154.96	SOX11	SRY-box transcription factor 11
83896	3.29e-50	1.01e-51	0.1639	-15.130981	-2.4804889	223.55	KRTAP3-1	keratin associated protein 3-1
1191	3.35e-50	1.03e-51	0.0704	-15.129492	-1.0649696	1244.84	CLU	clusterin
7472	4.82e-50	1.5e-51	0.2247	15.105241	3.3946602	398.4	WNT2	Wnt family member 2
21	4.88e-50	1.52e-51	0.1006	-15.104268	-1.5195596	376.7	ABCA3	ATP binding cassette subfamily A member 3
79968	6.11e-50	1.9e-51	0.0777	15.089408	1.1726992	690.35	WDR76	WD repeat domain 76
1272	7.73e-50	2.41e-51	0.2222	-15.073743	-3.3489776	118.95	CNTN1	contactin 1
11279	7.9e-50	2.47e-51	0.0866	-15.072188	-1.3054134	502.27	KLF8	KLF transcription factor 8
54567	1.13e-49	3.52e-51	0.2484	-15.048637	-3.7380554	111.05	DLL4	delta like canonical Notch ligand 4
26271	1.36e-49	4.28e-51	0.0773	15.035747	1.1621096	667.7	FBXO5	F-box protein 5
9118	1.65e-49	5.22e-51	0.0947	-15.022686	-1.4222964	435.26	INA	internexin neuronal intermediate filament protein alpha
8605	2.05e-49	6.46e-51	0.123	-15.008472	-1.8464357	284.11	PLA2G4C	phospholipase A2 group IVC
9120	4.08e-49	1.3e-50	0.2029	-14.962055	-3.0358548	134.96	SLC16A6	solute carrier family 16 member 6
151556	4.68e-49	1.5e-50	0.0844	-14.952625	-1.2615297	519.42	GPR155	G protein-coupled receptor 155
8997	6.65e-49	2.14e-50	0.098	-14.9289	-1.4632869	540.93	KALRN	kalirin RhoGEF kinase
392255	9e-49	2.9e-50	0.09	14.908614	1.3424287	542.65	GDF6	growth differentiation factor 6
5874	8.849999999999999e-48	2.89e-49	0.1542	-14.75411	-2.2751714	194.65	RAB27B	RAB27B, member RAS oncogene family
10060	9.249999999999999e-48	3.04e-49	0.0679	-14.750864	-1.0021293	928.07	ABCC9	ATP binding cassette subfamily C member 9
1917	1.4200000000000001e-47	4.69e-49	0.0846	-14.721478	-1.2459045	613.62	EEF1A2	eukaryotic translation elongation factor 1 alpha 2
3092	2.0000000000000002e-47	6.62e-49	0.0859	14.698194	1.2631016	1098.08	HIP1	huntingtin interacting protein 1
624	2.28e-47	7.59e-49	0.072	-14.688948	-1.0569495	1674.13	BDKRB2	bradykinin receptor B2
10721	3.7500000000000003e-47	1.25e-48	0.0851	14.65501	1.24694	529.2	POLQ	DNA polymerase theta
1062	5.13e-47	1.7199999999999998e-48	0.0711	14.633553	1.0398353	1672.09	CENPE	centromere protein E
5337	6.030000000000001e-47	2.0399999999999998e-48	0.1037	-14.621942	-1.515825	492.98	PLD1	phospholipase D1
7146	6.030000000000001e-47	2.0299999999999998e-48	0.2775	14.62196	4.0574352	110.83	TNXA	tenascin XA (pseudogene)
2294	1.0099999999999999e-46	3.4199999999999996e-48	0.0922	-14.586529	-1.3454608	442.9	FOXF1	forkhead box F1
56992	1.03e-46	3.49e-48	0.0868	14.585174	1.2655676	495.26	KIF15	kinesin family member 15
1520	1.2299999999999999e-46	4.19e-48	0.1642	-14.57267	-2.3923715	173.44	CTSS	cathepsin S
9088	1.93e-46	6.6e-48	0.0827	14.541646	1.2022757	665.78	PKMYT1	protein kinase, membrane associated tyrosine/threonine 1
51514	2.75e-46	9.469999999999999e-48	0.0732	14.516934	1.0632377	842.89	DTL	denticleless E3 ubiquitin protein ligase homolog
3161	3.1799999999999998e-46	1.1e-47	0.0758	14.506623	1.0998025	831.18	HMMR	hyaluronan mediated motility receptor
3134	3.2399999999999998e-46	1.12e-47	0.0824	-14.505306	-1.1959001	827.31	HLA-F	major histocompatibility complex, class I, F
3426	9.319999999999999e-46	3.2400000000000003e-47	0.153	-14.43232	-2.2087455	227.11	CFI	complement factor I
6347	9.54e-46	3.32e-47	0.1275	-14.430595	-1.8402021	7918.78	CCL2	C-C motif chemokine ligand 2
83990	1.03e-45	3.5900000000000004e-47	0.0696	14.425189	1.0039866	1060.7	BRIP1	BRCA1 interacting helicase 1
6328	1.21e-45	4.23e-47	0.1772	14.413865	2.5536099	147.2	SCN3A	sodium voltage-gated channel alpha subunit 3
4256	1.5599999999999998e-45	5.47e-47	0.1152	-14.396196	-1.6583625	410.91	MGP	matrix Gla protein
10024	1.58e-45	5.530000000000001e-47	0.0847	14.395461	1.2200147	618.64	TROAP	trophinin associated protein
105374985	1.68e-45	5.880000000000001e-47	0.1795	-14.391159	-2.5836492	142.25	LOC105374985	
4053	1.79e-45	6.3e-47	0.1211	14.38639	1.7414908	8011.72	LTBP2	latent transforming growth factor beta binding protein 2
9762	3.9499999999999996e-45	1.4e-46	0.0764	-14.331098	-1.0943057	666.15	LZTS3	leucine zipper tumor suppressor family member 3
2354	6.32e-45	2.25e-46	0.1929	-14.298183	-2.758094	165.63	FOSB	FosB proto-oncogene, AP-1 transcription factor subunit
57709	8.25e-45	2.95e-46	0.2569	-14.279235	-3.6685682	726.05	SLC7A14	solute carrier family 7 member 14
51704	1.72e-44	6.17e-46	0.1618	-14.227705	-2.3023758	187.49	GPRC5B	G protein-coupled receptor class C group 5 member B
4939	1.7900000000000001e-44	6.42e-46	0.2287	-14.224847	-3.2537644	326.61	OAS2	2'-5'-oligoadenylate synthetase 2
2275	5.3e-44	1.9199999999999998e-45	0.079	14.148024	1.1174251	604.12	FHL3	four and a half LIM domains 3
200879	1.0400000000000001e-43	3.79e-45	0.2708	-14.100058	-3.8188143	101.88	LIPH	lipase H
55388	2.39e-43	8.86e-45	0.0897	14.040105	1.2589717	484.09	MCM10	minichromosome maintenance 10 replication initiation factor
90293	2.82e-43	1.05e-44	0.2384	14.027937	3.344584	109.56	KLHL13	kelch like family member 13
6304	3.05e-43	1.14e-44	0.0746	-14.02235	-1.0457653	817.47	SATB1	SATB homeobox 1
2743	3.1400000000000004e-43	1.17e-44	0.082	-14.020105	-1.1498812	644.21	GLRB	glycine receptor beta
9700	6.16e-43	2.32e-44	0.088	13.971806	1.2296121	626.93	ESPL1	extra spindle pole bodies like 1, separase
22871	6.500000000000001e-43	2.45e-44	0.1222	13.967943	1.7070508	277.24	NLGN1	neuroligin 1
7022	7.380000000000001e-43	2.78e-44	0.0836	-13.958737	-1.1671168	583.0	TFAP2C	transcription factor AP-2 gamma
23414	9.94e-43	3.76e-44	0.2807	13.937186	3.9116432	103.03	ZFPM2	zinc finger protein, FOG family member 2
440823	1.0399999999999998e-42	3.9500000000000003e-44	0.1132	-13.933726	-1.5777038	339.4	MIAT	myocardial infarction associated transcript
57722	1.2699999999999999e-42	4.82e-44	0.0921	-13.919608	-1.2817679	434.23	IGDCC4	immunoglobulin superfamily DCC subclass member 4
4085	5.979999999999999e-42	2.3000000000000003e-43	0.0737	13.807483	1.0177689	1002.21	MAD2L1	mitotic arrest deficient 2 like 1
114780	6.85e-42	2.64e-43	0.158	-13.797465	-2.1794605	185.9	PKD1L2	polycystin 1 like 2 (gene/pseudogene)
9256	7.179999999999999e-42	2.7700000000000003e-43	0.1415	13.793906	1.9515436	205.24	TSPOAP1	TSPO associated protein 1
2491	8.41e-42	3.2500000000000004e-43	0.0751	13.782398	1.0347365	766.65	CENPI	centromere protein I
29089	1.27e-41	4.91e-43	0.0852	13.752598	1.171189	619.25	UBE2T	ubiquitin conjugating enzyme E2 T
80310	1.37e-41	5.33e-43	0.1579	-13.746748	-2.1707446	218.11	PDGFD	platelet derived growth factor D
645638	1.63e-41	6.36e-43	0.0744	-13.73388	-1.0222847	702.26	WFDC21P	WAP four-disulfide core domain 21, pseudogene
54058	2.3e-41	9.040000000000001e-43	0.0848	13.708398	1.1618656	543.38	C21orf58	chromosome 21 open reading frame 58
103611157	2.89e-41	1.1399999999999998e-42	0.2116	-13.691796	-2.8973124	109.43	TGFB2-OT1	TGFB2 overlapping transcript 1
58494	3.01e-41	1.18e-42	0.0902	-13.68879	-1.2349857	629.27	JAM2	junctional adhesion molecule 2
64221	4.97e-41	1.9799999999999997e-42	0.0822	-13.651557	-1.122084	626.18	ROBO3	roundabout guidance receptor 3
84722	5.539999999999999e-41	2.21e-42	0.0848	13.643544	1.1568657	628.57	PSRC1	proline and serine rich coiled-coil 1
283104	8.35e-41	3.3299999999999995e-42	0.1695	-13.613538	-2.3075642	892.98	SBF2-AS1	SBF2 antisense RNA 1
1879	9.23e-41	3.6899999999999994e-42	0.1809	13.606056	2.4607144	151.84	EBF1	EBF transcription factor 1
4751	1.13e-40	4.5399999999999996e-42	0.0923	13.590787	1.2543603	507.34	NEK2	NIMA related kinase 2
2297	1.44e-40	5.769999999999999e-42	0.08	13.573257	1.0855799	635.04	FOXD1	forkhead box D1
23586	2.0599999999999997e-40	8.3e-42	0.079	-13.546569	-1.0702067	733.75	RIGI	RNA sensor RIG-I
221150	5.6399999999999996e-40	2.29e-41	0.0893	13.471936	1.2025779	517.72	SKA3	spindle and kinetochore associated complex subunit 3
9507	8.03e-40	3.27e-41	0.1061	13.445632	1.4262581	342.71	ADAMTS4	ADAM metallopeptidase with thrombospondin type 1 motif 4
152926	8.68e-40	3.5399999999999997e-41	0.0815	-13.439772	-1.0958589	627.46	PPM1K	protein phosphatase, Mg2+/Mn2+ dependent 1K
5125	9.7e-40	3.96e-41	0.122	-13.431345	-1.6383082	245.36	PCSK5	proprotein convertase subtilisin/kexin type 5
387103	1.1e-39	4.5199999999999997e-41	0.0996	13.421639	1.3361245	389.85	CENPW	centromere protein W
5933	1.13e-39	4.639999999999999e-41	0.0774	13.419652	1.0380313	642.59	RBL1	RB transcriptional corepressor like 1
1002	1.66e-39	6.83e-41	0.1107	13.390991	1.4822179	338.74	CDH4	cadherin 4
10974	2.47e-39	1.02e-40	0.0762	13.360872	1.0186493	666.67	ADIRF	adipogenesis regulatory factor
83872	2.71e-39	1.1199999999999999e-40	0.1113	13.354033	1.4860308	309.1	HMCN1	hemicentin 1
10418	2.84e-39	1.18e-40	0.0852	-13.350201	-1.1376985	522.1	SPON1	spondin 1
1033	3.82e-39	1.6e-40	0.0829	13.327787	1.1047957	596.58	CDKN3	cyclin dependent kinase inhibitor 3
26112	4.56e-39	1.9199999999999998e-40	0.134	-13.314051	-1.7838942	204.93	CCDC69	coiled-coil domain containing 69
196047	5.4299999999999997e-39	2.29e-40	0.0903	13.300944	1.2011936	490.95	EMX2OS	EMX2 opposite strand/antisense RNA
57463	6.51e-39	2.75e-40	0.0953	-13.287238	-1.2662807	452.78	AMIGO1	adhesion molecule with Ig like domain 1
84171	6.54e-39	2.77e-40	0.1427	-13.286657	-1.8956796	18914.76	LOXL4	lysyl oxidase like 4
3552	7.59e-39	3.21e-40	0.3188	-13.275418	-4.2316193	85.24	IL1A	interleukin 1 alpha
284403	1.13e-38	4.81e-40	0.0868	13.245142	1.150133	599.31	WDR62	WD repeat domain 62
2139	1.33e-38	5.71e-40	0.249	13.232282	3.2943999	98.67	EYA2	EYA transcriptional coactivator and phosphatase 2
374	1.36e-38	5.86e-40	0.2991	-13.230358	-3.9566968	87.78	AREG	amphiregulin
220134	2.17e-38	9.38e-40	0.1118	13.194941	1.4757504	363.5	SKA1	spindle and kinetochore associated complex subunit 1
646	3.44e-38	1.5e-39	0.1641	13.159714	2.1598703	169.26	BNC1	basonuclin 1
3294	3.52e-38	1.54e-39	0.2641	-13.157739	-3.4745631	91.64	HSD17B2	hydroxysteroid 17-beta dehydrogenase 2
9420	9.35e-38	4.1e-39	0.2699	-13.083258	-3.5316165	448.36	CYP7B1	cytochrome P450 family 7 subfamily B member 1
1397	1.11e-37	4.87e-39	0.141	13.070269	1.8425513	228.28	CRIP2	cysteine rich protein 2
28951	1.1900000000000002e-37	5.22e-39	0.0923	13.064956	1.2057821	656.49	TRIB2	tribbles pseudokinase 2
81621	1.8700000000000002e-37	8.28e-39	0.11	13.029829	1.4335479	407.06	KAZALD1	Kazal type serine peptidase inhibitor domain 1
6649	2.37e-37	1.0499999999999999e-38	0.192	-13.011396	-2.4986279	2214.98	SOD3	superoxide dismutase 3
6405	4.24e-37	1.89e-38	0.0974	12.966692	1.2626651	425.3	SEMA3F	semaphorin 3F
57194	4.87e-37	2.17e-38	0.1388	12.955947	1.7985593	1912.55	ATP10A	ATPase phospholipid transporting 10A (putative)
9890	4.94e-37	2.21e-38	0.1701	-12.954766	-2.2036728	2512.54	PLPPR4	phospholipid phosphatase related 4
55283	5.26e-37	2.36e-38	0.1527	-12.94964	-1.9772005	171.78	MCOLN3	mucolipin TRP cation channel 3
5971	7.29e-37	3.28e-38	0.1066	-12.924415	-1.3778366	475.26	RELB	RELB proto-oncogene, NF-kB subunit
114795	1.43e-36	6.47e-38	0.1207	-12.871993	-1.5537701	270.27	TMEM132B	transmembrane protein 132B
84296	1.72e-36	7.81e-38	0.0778	12.857466	1.0006824	636.72	GINS4	GINS complex subunit 4
9156	2.93e-36	1.34e-37	0.095	12.815658	1.216852	423.75	EXO1	exonuclease 1
8318	8.73e-36	4.02e-37	0.0847	12.730147	1.0787701	532.19	CDC45	cell division cycle 45
23467	8.91e-36	4.11e-37	0.0819	-12.7285	-1.0429878	589.5	NPTXR	neuronal pentraxin receptor
81620	9.570000000000001e-36	4.4200000000000004e-37	0.0993	12.722789	1.2629682	387.46	CDT1	chromatin licensing and DNA replication factor 1
51296	1.09e-35	5.0400000000000005e-37	0.1218	-12.712535	-1.5486381	278.4	SLC15A3	solute carrier family 15 member 3
146909	1.1000000000000001e-35	5.07e-37	0.0904	12.711974	1.1496342	703.07	KIF18B	kinesin family member 18B
64220	1.24e-35	5.750000000000001e-37	0.2291	-12.70216	-2.9106478	410.53	STRA6	signaling receptor and transporter of retinol STRA6
55247	1.5100000000000002e-35	7.0100000000000005e-37	0.1215	12.686641	1.5416088	256.15	NEIL3	nei like DNA glycosylase 3
4978	2.66e-35	1.24e-36	0.2043	12.641732	2.583043	116.69	OPCML	opioid binding protein/cell adhesion molecule like
729582	3.57e-35	1.67e-36	0.1728	-12.618259	-2.1808939	139.86	DIRC3	disrupted in renal carcinoma 3
54855	3.9900000000000003e-35	1.87e-36	0.1278	-12.609403	-1.6117747	251.05	TENT5C	terminal nucleotidyltransferase 5C
105372338	4.57e-35	2.15e-36	0.2772	-12.598394	-3.492265	79.85	LOC105372338	uncharacterized LOC105372338
834	5.770000000000001e-35	2.7300000000000002e-36	0.0956	-12.579693	-1.2025261	409.73	CASP1	caspase 1
57405	6.01e-35	2.85e-36	0.106	12.576449	1.3336953	339.82	SPC25	SPC25 component of NDC80 kinetochore complex
23596	6.23e-35	2.95e-36	0.093	-12.573549	-1.1691594	451.4	OPN3	opsin 3
2591	6.25e-35	2.96e-36	0.1279	-12.5732	-1.6081236	231.73	GALNT3	polypeptide N-acetylgalactosaminyltransferase 3
8549	6.74e-35	3.2e-36	0.3471	12.567128	4.3615366	82.54	LGR5	leucine rich repeat containing G protein-coupled receptor 5
1767	8.1e-35	3.86e-36	0.121	-12.552348	-1.5194355	333.24	DNAH5	dynein axonemal heavy chain 5
401152	8.13e-35	3.88e-36	0.1578	12.552015	1.9812434	2598.97	C4orf3	chromosome 4 open reading frame 3
57556	8.790000000000001e-35	4.2e-36	0.1479	-12.545567	-1.8558072	197.26	SEMA6A	semaphorin 6A
321	9.22e-35	4.41e-36	0.0804	-12.541772	-1.008357	568.35	APBA2	amyloid beta precursor protein binding family A member 2
460	2.98e-34	1.44e-35	0.2368	-12.447796	-2.947217	100.59	ASTN1	astrotactin 1
2289	4.11e-34	2e-35	0.083	12.421563	1.0308813	559.32	FKBP5	FKBP prolyl isomerase 5
105373490	7.27e-34	3.5600000000000003e-35	0.121	-12.375116	-1.4970462	254.5	LOC105373490	uncharacterized LOC105373490
64105	7.329999999999999e-34	3.6e-35	0.0902	12.374281	1.1159962	519.79	CENPK	centromere protein K
55137	8.08e-34	3.98e-35	0.0986	-12.366319	-1.2194663	428.17	FIGN	fidgetin, microtubule severing factor
2202	8.34e-34	4.12e-35	0.1004	12.363534	1.2414532	12761.81	EFEMP1	EGF containing fibulin extracellular matrix protein 1
899	9.4e-34	4.6500000000000004e-35	0.085	12.353771	1.0498614	632.5	CCNF	cyclin F
80031	1.65e-33	8.22e-35	0.132	-12.30786	-1.6247926	228.75	SEMA6D	semaphorin 6D
2627	1.68e-33	8.38e-35	0.13	12.306322	1.5997693	225.26	GATA6	GATA binding protein 6
131583	1.71e-33	8.56e-35	0.0813	-12.304542	-1.000232	1179.21	FAM43A	family with sequence similarity 43 member A
84624	1.92e-33	9.59e-35	0.182	12.295351	2.2373752	128.48	FNDC1	fibronectin type III domain containing 1
3872	3.08e-33	1.55e-34	0.1373	-12.256723	-1.6827855	210.61	KRT17	keratin 17
105379189	4.2500000000000004e-33	2.15e-34	0.1643	12.229816	2.0097119	149.01	LOC105379189	uncharacterized LOC105379189
148252	8.07e-33	4.11e-34	0.093	12.177144	1.1320091	583.78	DIRAS1	DIRAS family GTPase 1
9745	1.69e-32	8.689999999999999e-34	0.2694	12.115953	3.2640073	84.0	ZNF536	zinc finger protein 536
100131604	2.6700000000000003e-32	1.38e-33	0.1707	-12.077734	-2.061341	133.39	DPP4-DT	DPP4 divergent transcript
220042	3.17e-32	1.65e-33	0.1025	12.063478	1.2360635	350.71	DDIAS	DNA damage induced apoptosis suppressor
9022	3.5400000000000003e-32	1.85e-33	0.1607	12.053944	1.9367067	164.38	CLIC3	chloride intracellular channel 3
9496	3.65e-32	1.9e-33	0.0908	12.051525	1.0939095	449.72	TBX4	T-box transcription factor 4
55	3.9900000000000004e-32	2.08e-33	0.271	-12.044084	-3.2642944	77.16	ACP3	acid phosphatase 3
6354	5.960000000000001e-32	3.13e-33	0.3037	-12.010363	-3.6477239	79.49	CCL7	C-C motif chemokine ligand 7
80760	7.2e-32	3.81e-33	0.1142	-11.994248	-1.3696054	3754.1	ITIH5	inter-alpha-trypsin inhibitor heavy chain 5
64388	7.31e-32	3.87e-33	0.2454	11.992851	2.943454	492.92	GREM2	gremlin 2, DAN family BMP antagonist
414236	1.12e-31	5.9500000000000004e-33	0.084	-11.957194	-1.0039185	525.17	C10orf55	chromosome 10 putative open reading frame 55
131578	1.18e-31	6.3e-33	0.2078	11.952468	2.4839033	536.76	LRRC15	leucine rich repeat containing 15
3164	2.51e-31	1.3500000000000002e-32	0.0865	11.888974	1.027945	620.88	NR4A1	nuclear receptor subfamily 4 group A member 1
164832	2.78e-31	1.5e-32	0.3686	-11.880262	-4.379182	67.02	LONRF2	LON peptidase N-terminal domain and ring finger 2
8208	2.81e-31	1.52e-32	0.0917	11.879262	1.0888608	483.97	CHAF1B	chromatin assembly factor 1 subunit B
81930	3.21e-31	1.74e-32	0.0878	11.867897	1.0422075	555.05	KIF18A	kinesin family member 18A
3936	3.59e-31	1.95e-32	0.3924	-11.858414	-4.6529792	69.55	LCP1	lymphocyte cytosolic protein 1
26872	3.7800000000000003e-31	2.0500000000000001e-32	0.0897	11.854136	1.0633801	453.97	STEAP1	STEAP family member 1
8651	3.8100000000000002e-31	2.07e-32	0.1728	-11.853278	-2.0487726	130.29	SOCS1	suppressor of cytokine signaling 1
6288	3.85e-31	2.09e-32	0.3121	-11.852328	-3.6988972	70.2	SAA1	serum amyloid A1
731220	5.76e-31	3.1500000000000004e-32	0.0947	11.818104	1.1187579	465.41	RFX8	regulatory factor X8
3017	9.49e-31	5.23e-32	0.135	-11.775345	-1.5892267	226.71	H2BC5	H2B clustered histone 5
253714	9.86e-31	5.45e-32	0.085	11.77194	1.0008142	499.83	MMS22L	MMS22 like, DNA repair protein
5982	1.0499999999999999e-30	5.83e-32	0.0859	11.766138	1.01061	570.39	RFC2	replication factor C subunit 2
1163	1.2099999999999999e-30	6.74e-32	0.0885	11.753946	1.0404768	499.33	CKS1B	CDC28 protein kinase regulatory subunit 1B
1058	1.2299999999999999e-30	6.84e-32	0.109	11.752642	1.2806779	316.37	CENPA	centromere protein A
64399	1.34e-30	7.480000000000001e-32	0.5372	11.745101	6.3092681	109.66	HHIP	hedgehog interacting protein
72	1.9099999999999997e-30	1.0800000000000001e-31	0.1662	11.714315	1.9470253	205.37	ACTG2	actin gamma 2, smooth muscle
100288637	2.85e-30	1.6100000000000002e-31	0.1162	11.680207	1.3567239	272.85	LOC100288637	OTU deubiquitinase 7A pseudogene
54821	3.4499999999999996e-30	1.9600000000000001e-31	0.1069	11.663436	1.247014	342.74	ERCC6L	ERCC excision repair 6 like, spindle assembly checkpoint helicase
2018	4.08e-30	2.32e-31	0.1256	11.648915	1.4634288	252.47	EMX2	empty spiracles homeobox 2
2702	4.25e-30	2.43e-31	0.1817	-11.645271	-2.1158463	128.42	GJA5	gap junction protein alpha 5
3635	4.88e-30	2.79e-31	0.354	-11.63337	-4.1179938	64.58	INPP5D	inositol polyphosphate-5-phosphatase D
56548	7.08e-30	4.06e-31	0.1038	-11.601174	-1.2036561	322.61	CHST7	carbohydrate sulfotransferase 7
594842	8.239999999999999e-30	4.74e-31	0.2265	11.587924	2.6242772	101.56	HAS2-AS1	HAS2 antisense RNA 1
4324	8.56e-30	4.9400000000000005e-31	0.111	-11.584491	-1.2857741	288.57	MMP15	matrix metallopeptidase 15
60495	8.87e-30	5.12e-31	0.2514	-11.581444	-2.9119121	81.2	HPSE2	heparanase 2 (inactive)
81792	8.97e-30	5.1900000000000005e-31	0.1275	-11.580244	-1.4759686	3545.05	ADAMTS12	ADAM metallopeptidase with thrombospondin type 1 motif 12
1674	9.81e-30	5.68e-31	0.2453	11.572551	2.8387863	90.69	DES	desmin
11037	1.0300000000000001e-29	5.96e-31	0.1241	11.568366	1.4359126	238.24	STON1	stonin 1
7056	1.1900000000000001e-29	6.9e-31	0.2303	11.555782	2.6617711	93.56	THBD	thrombomodulin
1901	1.2000000000000001e-29	6.98e-31	0.0922	11.554864	1.0655995	692.75	S1PR1	sphingosine-1-phosphate receptor 1
100132987	1.4e-29	8.13e-31	0.3718	11.541734	4.2907965	70.52	LINC00856	long intergenic non-protein coding RNA 856
55013	1.7700000000000001e-29	1.0299999999999999e-30	0.0985	11.521379	1.135263	437.07	MCUB	mitochondrial calcium uniporter dominant negative subunit beta
145508	1.9100000000000002e-29	1.12e-30	0.1208	11.51419	1.3907864	254.35	CEP128	centrosomal protein 128
64135	2.0800000000000002e-29	1.22e-30	0.1256	-11.507016	-1.445588	247.91	IFIH1	interferon induced with helicase C domain 1
145864	2.1200000000000002e-29	1.24e-30	0.1003	11.505035	1.1539865	357.8	HAPLN3	hyaluronan and proteoglycan link protein 3
3400	2.2900000000000002e-29	1.35e-30	0.2069	11.498248	2.3792612	107.17	ID4	inhibitor of DNA binding 4
63982	2.77e-29	1.63e-30	0.1082	-11.481718	-1.2419492	312.61	ANO3	anoctamin 3
59084	4.11e-29	2.44e-30	0.1669	-11.446935	-1.9110059	136.89	ENPP5	ectonucleotide pyrophosphatase/phosphodiesterase family member 5
147841	4.3200000000000004e-29	2.5599999999999998e-30	0.1141	11.442549	1.3060619	408.14	SPC24	SPC24 component of NDC80 kinetochore complex
3887	7.54e-29	4.5e-30	0.3189	11.393614	3.6332592	318.17	KRT81	keratin 81
55008	8.91e-29	5.33e-30	0.1297	-11.37883	-1.4752775	322.97	HERC6	HECT and RLD domain containing E3 ubiquitin protein ligase family member 6
149111	1.68e-28	1.0100000000000001e-29	0.1224	-11.322631	-1.3853304	242.98	CNIH3	cornichon family AMPA receptor auxiliary protein 3
3730	1.75e-28	1.0600000000000001e-29	0.1721	-11.319118	-1.9485856	131.67	ANOS1	anosmin 1
51313	2e-28	1.2100000000000001e-29	0.1186	-11.306885	-1.3405476	2450.85	GASK1B	golgi associated kinase 1B
107986809	2.72e-28	1.65e-29	0.1789	11.279957	2.017479	626.71	ELN-AS1	ELN antisense RNA 1
203447	3.45e-28	2.1000000000000002e-29	0.2041	-11.258727	-2.2980256	102.84	NRK	Nik related kinase
388403	8.25e-28	5.06e-29	0.0949	-11.180834	-1.0612395	406.6	YPEL2	yippee like 2
94274	1.25e-27	7.73e-29	0.1232	11.143236	1.3723138	294.09	PPP1R14A	protein phosphatase 1 regulatory inhibitor subunit 14A
6692	1.71e-27	1.06e-28	0.1989	-11.114659	-2.2104638	118.27	SPINT1	serine peptidase inhibitor, Kunitz type 1
91461	1.8400000000000002e-27	1.15e-28	0.1613	11.107761	1.7912513	158.14	PKDCC	protein kinase domain containing, cytoplasmic
4794	2.0500000000000003e-27	1.2799999999999999e-28	0.1187	-11.098029	-1.3172267	265.57	NFKBIE	NFKB inhibitor epsilon
100216546	2.8300000000000004e-27	1.78e-28	0.1172	-11.068626	-1.2974313	367.55	LINC01004	long intergenic non-protein coding RNA 1004
652	2.8400000000000003e-27	1.79e-28	0.092	-11.068243	-1.0185766	609.85	BMP4	bone morphogenetic protein 4
84935	4.270000000000001e-27	2.69e-28	0.102	11.031479	1.1251554	359.25	MEDAG	mesenteric estrogen dependent adipogenesis
11178	4.410000000000001e-27	2.79e-28	0.1013	11.028443	1.1176425	387.48	LZTS1	leucine zipper tumor suppressor 1
9760	5.42e-27	3.44e-28	0.1202	11.009475	1.3235316	264.32	TOX	thymocyte selection associated high mobility group box
57224	6.22e-27	3.97e-28	0.1301	10.996542	1.4307319	223.79	NHSL1	NHS like 1
100507118	6.470000000000001e-27	4.13e-28	0.1129	10.992935	1.2405786	298.34	PRC1-AS1	PRC1 antisense RNA 1
4599	7.140000000000001e-27	4.57e-28	0.2403	-10.9838	-2.6388896	445.23	MX1	MX dynamin like GTPase 1
140876	9.51e-27	6.12e-28	0.1551	-10.957427	-1.6989603	189.48	RIPOR3	RIPOR family member 3
2239	9.650000000000001e-27	6.21e-28	0.1375	10.95607	1.5060964	190.41	GPC4	glypican 4
64946	9.77e-27	6.3e-28	0.1031	10.954879	1.1292659	334.99	CENPH	centromere protein H
89839	1.16e-26	7.49e-28	0.1014	10.939108	1.1092038	389.95	ARHGAP11B	Rho GTPase activating protein 11B
130733	1.17e-26	7.58e-28	0.1599	-10.938106	-1.7494314	176.03	TMEM178A	transmembrane protein 178A
90246	1.68e-26	1.1000000000000001e-27	0.1191	-10.904454	-1.2989532	284.77	LOC90246	uncharacterized LOC90246
192683	2.82e-26	1.85e-27	0.1743	-10.856722	-1.8928648	124.25	SCAMP5	secretory carrier membrane protein 5
675	3.26e-26	2.15e-27	0.0953	10.843012	1.0334216	413.63	BRCA2	BRCA2 DNA repair associated
5732	3.88e-26	2.57e-27	0.3725	10.826697	4.0332641	60.34	PTGER2	prostaglandin E receptor 2
114757	3.9000000000000004e-26	2.5800000000000004e-27	0.1492	-10.82633	-1.6149849	172.21	CYGB	cytoglobin
631	5.400000000000001e-26	3.59e-27	0.2103	-10.796078	-2.2706146	92.32	BFSP1	beaded filament structural protein 1
22832	5.870000000000001e-26	3.91e-27	0.1028	10.788303	1.1085365	348.06	CEP162	centrosomal protein 162
643401	5.89e-26	3.9300000000000005e-27	0.3587	-10.787843	-3.869139	55.47	PURPL	p53 upregulated regulator of p53 levels
80243	7.38e-26	4.94e-27	0.1256	-10.766817	-1.3522668	221.22	PREX2	phosphatidylinositol-3,4,5-trisphosphate dependent Rac exchange factor 2
83959	8.52e-26	5.7100000000000006e-27	0.117	-10.753447	-1.2577025	251.07	SLC4A11	solute carrier family 4 member 11
56241	8.670000000000001e-26	5.81e-27	0.1257	10.751836	1.3518647	246.42	SUSD2	sushi domain containing 2
10561	1.43e-25	9.630000000000001e-27	0.1121	-10.705139	-1.2005719	405.61	IFI44	interferon induced protein 44
84552	1.44e-25	9.700000000000001e-27	0.1388	-10.704431	-1.4861963	205.78	PARD6G	par-6 family cell polarity regulator gamma
7851	1.58e-25	1.07e-26	0.227	10.695457	2.4283777	371.57	MALL	mal, T cell differentiation protein like
4938	1.88e-25	1.27e-26	0.4414	-10.679206	-4.7142147	62.07	OAS1	2'-5'-oligoadenylate synthetase 1
50940	2.49e-25	1.7e-26	0.361	-10.652514	-3.8456058	54.38	PDE11A	phosphodiesterase 11A
4093	3.39e-25	2.32e-26	0.1143	10.623205	1.2145332	496.53	SMAD9	SMAD family member 9
5888	4.28e-25	2.96e-26	0.0954	10.600653	1.0113426	434.51	RAD51	RAD51 recombinase
10148	4.74e-25	3.29e-26	0.3498	-10.590874	-3.7048143	56.86	EBI3	Epstein-Barr virus induced 3
162681	5.22e-25	3.63e-26	0.1036	10.581531	1.095822	340.47	C18orf54	chromosome 18 open reading frame 54
93145	5.41e-25	3.76e-26	0.1499	10.578172	1.5852252	188.54	OLFM2	olfactomedin 2
53358	5.54e-25	3.86e-26	0.0972	-10.57581	-1.0276903	372.94	SHC3	SHC adaptor protein 3
641	6.22e-25	4.3500000000000003e-26	0.1315	10.564492	1.3889292	244.1	BLM	BLM RecQ like helicase
11145	8.38e-25	5.88e-26	0.1166	-10.53627	-1.2284307	310.53	PLAAT3	phospholipase A and acyltransferase 3
3691	8.61e-25	6.05e-26	0.2173	-10.533611	-2.2887167	88.26	ITGB4	integrin subunit beta 4
50848	9.58e-25	6.74e-26	0.174	-10.523343	-1.8307307	128.2	F11R	F11 receptor
157570	1.1499999999999999e-24	8.13e-26	0.0986	10.505724	1.0353846	434.44	ESCO2	establishment of sister chromatid cohesion N-acetyltransferase 2
51554	1.18e-24	8.35e-26	0.136	-10.503164	-1.4283575	3770.75	ACKR4	atypical chemokine receptor 4
22995	1.25e-24	8.84e-26	0.0969	10.497814	1.0174828	419.46	CEP152	centrosomal protein 152
6444	1.29e-24	9.14e-26	0.1346	-10.494633	-1.4129145	5479.58	SGCD	sarcoglycan delta
10347	1.8999999999999998e-24	1.36e-25	0.1208	-10.45721	-1.2631298	234.35	ABCA7	ATP binding cassette subfamily A member 7
1285	1.98e-24	1.4199999999999999e-25	0.2482	-10.453303	-2.594505	81.93	COL4A3	collagen type IV alpha 3 chain
25903	2.49e-24	1.78e-25	0.0988	10.431268	1.0302554	381.11	OLFML2B	olfactomedin like 2B
151648	2.5e-24	1.79e-25	0.1314	10.430912	1.3703785	205.32	SGO1	shugoshin 1
8438	3.86e-24	2.8e-25	0.0993	10.388561	1.0313448	383.52	RAD54L	RAD54 like
51162	6.5499999999999995e-24	4.77e-25	0.115	-10.337442	-1.1891488	292.74	EGFL7	EGF like domain multiple 7
59277	7.44e-24	5.43e-25	0.1146	-10.324998	-1.1829589	13126.15	NTN4	netrin 4
3855	8.989999999999999e-24	6.61e-25	0.1841	10.306181	1.8974473	4320.97	KRT7	keratin 7
182	9.14e-24	6.72e-25	0.105	10.304527	1.0814674	383.55	JAG1	jagged canonical Notch ligand 1
126820	1.0099999999999999e-23	7.42e-25	0.1832	-10.294978	-1.8860515	111.97	DNAI3	dynein axonemal intermediate chain 3
3745	1.0499999999999999e-23	7.73e-25	0.2054	-10.291091	-2.1138461	101.18	KCNB1	potassium voltage-gated channel subfamily B member 1
29774	1.1499999999999999e-23	8.53e-25	0.2188	10.281623	2.2494925	89.71	POM121L9P	POM121 transmembrane nucleoporin like 9, pseudogene
100128191	1.26e-23	9.4e-25	0.1192	10.272248	1.2246717	248.04	TMPO-AS1	TMPO antisense RNA 1
6547	1.3299999999999998e-23	9.88e-25	0.2643	-10.267465	-2.7133407	68.13	SLC8A3	solute carrier family 8 member A3
3371	1.4399999999999997e-23	1.07e-24	0.1215	10.259682	1.2466633	26332.4	TNC	tenascin C
1909	1.5799999999999998e-23	1.18e-24	0.1386	10.250222	1.421112	196.4	EDNRA	endothelin receptor type A
6622	1.6299999999999997e-23	1.2099999999999999e-24	0.3842	-10.247469	-3.9369208	50.18	SNCA	synuclein alpha
55166	1.9599999999999997e-23	1.4699999999999999e-24	0.1009	10.229003	1.0321022	356.37	CENPQ	centromere protein Q
6372	2.2099999999999997e-23	1.66e-24	0.2876	-10.21721	-2.9388541	70.52	CXCL6	C-X-C motif chemokine ligand 6
83851	2.3699999999999998e-23	1.7799999999999997e-24	0.1231	-10.210233	-1.2567951	249.52	SYT16	synaptotagmin 16
100507254	3.2599999999999994e-23	2.47e-24	0.2563	-10.178777	-2.6083717	69.27	LINC01013	long intergenic non-protein coding RNA 1013
109729127	3.38e-23	2.5699999999999997e-24	0.1818	10.174839	1.8501705	516.29	KRT7-AS	KRT7 antisense RNA 1
440087	3.5699999999999997e-23	2.71e-24	0.3814	-10.169525	-3.8787333	51.7	SMCO3	single-pass membrane protein with coiled-coil domains 3
50512	4.78e-23	3.6499999999999996e-24	0.2102	-10.140618	-2.1312446	89.11	PODXL2	podocalyxin like 2
23225	5.2599999999999997e-23	4.02e-24	0.202	-10.131199	-2.0465027	101.85	NUP210	nucleoporin 210
57595	5.46e-23	4.18e-24	0.2128	-10.127357	-2.1546005	86.0	PDZD4	PDZ domain containing 4
7010	6.85e-23	5.26e-24	0.1618	10.104721	1.6353941	155.19	TEK	TEK receptor tyrosine kinase
93323	8.67e-23	6.7e-24	0.116	10.081012	1.1694919	270.84	HAUS8	HAUS augmin like complex subunit 8
55010	1.58e-22	1.2299999999999998e-23	0.1024	10.021299	1.0262319	340.0	PARPBP	PARP1 binding protein
8347	1.66e-22	1.2999999999999998e-23	0.2564	-10.015835	-2.5683262	68.63	H2BC4	H2B clustered histone 4
154141	1.98e-22	1.55e-23	0.1045	9.998202	1.0444293	442.53	MBOAT1	membrane bound O-acyltransferase domain containing 1
143098	2.8e-22	2.2099999999999997e-23	0.1434	-9.963318	-1.4284429	184.7	MPP7	MAGUK p55 scaffold protein 7
3229	3.49e-22	2.7599999999999995e-23	0.2725	-9.941012	-2.7087693	61.92	HOXC13	homeobox C13
27129	4.04e-22	3.21e-23	0.1667	9.926059	1.6549554	1427.31	HSPB7	heat shock protein family B (small) member 7
221091	4.99e-22	3.97e-23	0.1939	-9.904678	-1.9207833	614.64	LRRN4CL	LRRN4 C-terminal like
92979	7.1100000000000005e-22	5.689999999999999e-23	0.1461	-9.868724	-1.442194	164.78	MARCHF9	membrane associated ring-CH-type finger 9
54463	7.810000000000001e-22	6.259999999999999e-23	0.3016	-9.859092	-2.9735496	58.73	RETREG1	reticulophagy regulator 1
134	1.2000000000000002e-21	9.67e-23	0.1608	-9.815315	-1.5787129	145.63	ADORA1	adenosine A1 receptor
121256	1.85e-21	1.49e-22	0.3922	9.771451	3.8324933	49.6	TMEM132D	transmembrane protein 132D
28231	2.2700000000000004e-21	1.84e-22	0.1664	-9.750386	-1.6222438	142.9	SLCO4A1	solute carrier organic anion transporter family member 4A1
19	2.35e-21	1.91e-22	0.1331	-9.746587	-1.2972987	1832.7	ABCA1	ATP binding cassette subfamily A member 1
5730	2.4600000000000003e-21	2e-22	0.2492	9.7418	2.4271695	83.46	PTGDS	prostaglandin D2 synthase
3696	3.1800000000000004e-21	2.59e-22	0.1432	9.715302	1.3910881	222.34	ITGB8	integrin subunit beta 8
1000	3.3800000000000003e-21	2.7600000000000002e-22	0.1099	-9.709142	-1.0668115	11207.21	CDH2	cadherin 2
79924	3.82e-21	3.12e-22	0.1119	9.696397	1.0846808	364.18	ADM2	adrenomedullin 2
161145	4.13e-21	3.39e-22	0.2573	-9.688084	-2.4925497	67.86	TMEM229B	transmembrane protein 229B
102724334	4.13e-21	3.39e-22	0.164	-9.688028	-1.5885058	138.17	LOC102724334	histone H2B type F-S-like
3763	4.14e-21	3.39e-22	0.336	-9.687916	-3.2550465	51.38	KCNJ6	potassium inwardly rectifying channel subfamily J member 6
51765	4.4300000000000005e-21	3.64e-22	0.1361	9.680779	1.3176347	189.96	STK26	serine/threonine kinase 26
22881	5.8700000000000006e-21	4.84e-22	0.1356	9.651605	1.3089584	194.46	ANKRD6	ankyrin repeat domain 6
54756	6.2600000000000005e-21	5.18e-22	0.1761	9.644688	1.6982285	128.96	IL17RD	interleukin 17 receptor D
54145	6.670000000000001e-21	5.5200000000000005e-22	0.1649	-9.638066	-1.5895971	136.49	H2BC12L	H2B clustered histone 12 like
6092	9.68e-21	8.05e-22	0.2023	-9.599229	-1.941589	502.71	ROBO2	roundabout guidance receptor 2
51450	1.07e-20	8.960000000000001e-22	0.1363	9.588293	1.3068048	1147.67	PRRX2	paired related homeobox 2
23421	1.5e-20	1.2600000000000002e-21	0.1061	9.552853	1.0139086	333.23	ITGB3BP	integrin subunit beta 3 binding protein
8564	2.14e-20	1.8100000000000002e-21	0.1249	-9.515658	-1.1883881	223.46	KMO	kynurenine 3-monooxygenase
728730	2.28e-20	1.9300000000000003e-21	0.1147	-9.508984	-1.0905498	268.77	MAP4K3-DT	MAP4K3 divergent transcript
8972	2.37e-20	2.01e-21	0.4455	-9.504758	-4.2348296	43.51	MGAM	maltase-glucoamylase
140733	2.57e-20	2.17e-21	0.156	-9.49637	-1.4814124	166.44	MACROD2	mono-ADP ribosylhydrolase 2
65989	3.67e-20	3.1300000000000002e-21	0.1454	-9.458331	-1.3751128	180.37	DLK2	delta like non-canonical Notch ligand 2
23057	3.9e-20	3.33e-21	0.1215	-9.451915	-1.1486886	231.55	NMNAT2	nicotinamide nucleotide adenylyltransferase 2
57507	4.89e-20	4.19e-21	0.2056	9.427659	1.9380391	90.93	ZNF608	zinc finger protein 608
3738	4.98e-20	4.27e-21	0.1312	-9.425669	-1.236525	215.81	KCNA3	potassium voltage-gated channel subfamily A member 3
64131	1.13e-19	9.82e-21	0.1504	9.337962	1.404731	2359.93	XYLT1	xylosyltransferase 1
2242	1.16e-19	1.01e-20	0.1187	9.335265	1.1076369	275.35	FES	FES proto-oncogene, tyrosine kinase
3892	1.23e-19	1.07e-20	0.2961	9.328513	2.7623888	59.44	KRT86	keratin 86
100506658	1.48e-19	1.29e-20	0.2514	-9.309019	-2.3407458	69.89	OCLN	occludin
154661	1.52e-19	1.33e-20	0.3578	-9.305918	-3.3293109	44.62	RUNDC3B	RUN domain containing 3B
146330	1.55e-19	1.36e-20	0.2711	-9.303513	-2.5221406	59.59	FBXL16	F-box and leucine rich repeat protein 16
4137	1.68e-19	1.47e-20	0.1761	-9.29512	-1.6370433	137.63	MAPT	microtubule associated protein tau
26298	1.79e-19	1.57e-20	0.6792	-9.288009	-6.3088701	62.62	EHF	ETS homologous factor
3752	1.92e-19	1.69e-20	0.2174	9.280185	2.0179471	97.97	KCND3	potassium voltage-gated channel subfamily D member 3
605	1.95e-19	1.72e-20	0.1163	9.278617	1.0793204	267.91	BCL7A	BAF chromatin remodeling complex subunit BCL7A
9630	2.07e-19	1.83e-20	0.323	-9.271885	-2.995071	49.08	GNA14	G protein subunit alpha 14
5243	3.61e-19	3.23e-20	0.4201	-9.211185	-3.869761	40.75	ABCB1	ATP binding cassette subfamily B member 1
6236	3.72e-19	3.32e-20	0.2077	-9.207938	-1.9121427	88.77	RRAD	RRAD, Ras related glycolysis inhibitor and calcium channel regulator
124935	4.4e-19	3.94e-20	0.1353	-9.189567	-1.243621	191.19	SLC43A2	solute carrier family 43 member 2
54549	5.39e-19	4.84e-20	0.2457	-9.167434	-2.2526518	67.69	SDK2	sidekick cell adhesion molecule 2
89958	6.41e-19	5.76e-20	0.114	9.148657	1.0427241	299.74	SAPCD2	suppressor APC domain containing 2
1437	6.42e-19	5.78e-20	0.3592	-9.148428	-3.2865541	43.75	CSF2	colony stimulating factor 2
1030	8.04e-19	7.29e-20	0.113	-9.123227	-1.0308242	271.48	CDKN2B	cyclin dependent kinase inhibitor 2B
64785	8.93e-19	8.13e-20	0.1183	9.11139	1.078242	251.83	GINS3	GINS complex subunit 3
256227	9.79e-19	8.93e-20	0.1448	9.101281	1.318318	167.78	STEAP1B	STEAP family member 1B
255231	1.07e-18	9.72e-20	0.1867	-9.092002	-1.6970512	110.48	MCOLN2	mucolipin TRP cation channel 2
5420	1.07e-18	9.81e-20	0.3352	9.091069	3.0471327	578.42	PODXL	podocalyxin like
9331	1.44e-18	1.33e-19	0.1673	-9.058035	-1.5156101	124.99	B4GALT6	beta-1,4-galactosyltransferase 6
5557	1.65e-18	1.52e-19	0.1232	9.043249	1.11396	228.12	PRIM1	DNA primase subunit 1
100505702	2.14e-18	1.99e-19	0.204	-9.013801	-1.8384203	99.2	LINC01094	long intergenic non-protein coding RNA 1094
57118	3.2e-18	3e-19	0.1422	-8.96858	-1.2751435	200.82	CAMK1D	calcium/calmodulin dependent protein kinase ID
368	3.81e-18	3.6e-19	0.2115	-8.948648	-1.8928535	82.72	ABCC6	ATP binding cassette subfamily C member 6
978	4.11e-18	3.89e-19	0.1171	-8.940184	-1.0471274	255.3	CDA	cytidine deaminase
10231	6.84e-18	6.52e-19	0.2162	-8.882784	-1.9205449	941.97	RCAN2	regulator of calcineurin 2
100132735	7.25e-18	6.93e-19	0.235	-8.876013	-2.085876	79.06	FILNC1	FOXO induced long non-coding RNA 1
55314	7.27e-18	6.95e-19	0.1438	-8.875656	-1.2765133	190.34	TMEM144	transmembrane protein 144
107985917	8.1e-18	7.77e-19	0.1399	-8.863263	-1.2398604	180.16	LOC107985917	
4258	8.1e-18	7.77e-19	0.1191	-8.863326	-1.0559801	251.44	MGST2	microsomal glutathione S-transferase 2
54456	1e-17	9.66e-19	0.1379	-8.839015	-1.2192088	196.9	MOV10L1	Mov10 like RISC complex RNA helicase 1
7915	1.03e-17	9.95e-19	0.1667	-8.835718	-1.4727286	125.17	ALDH5A1	aldehyde dehydrogenase 5 family member A1
10350	1.04e-17	1e-18	0.1718	-8.835131	-1.5179567	133.95	ABCA9	ATP binding cassette subfamily A member 9
100316868	1.24e-17	1.2e-18	0.2457	-8.815032	-2.1656919	64.4	HOTTIP	HOXA distal transcript antisense RNA
55521	1.48e-17	1.44e-18	0.4074	-8.794432	-3.58303	40.8	TRIM36	tripartite motif containing 36
9056	1.66e-17	1.62e-18	0.1439	-8.780883	-1.2639164	169.92	SLC7A7	solute carrier family 7 member 7
1837	1.67e-17	1.63e-18	0.1571	-8.780141	-1.379672	171.62	DTNA	dystrobrevin alpha
101928140	1.85e-17	1.81e-18	0.1396	-8.768457	-1.2238952	170.51	PTPRK-AS1	PTPRK antisense RNA 1
286826	2.04e-17	2e-18	0.1255	8.757072	1.0991931	218.33	LIN9	lin-9 DREAM MuvB core complex component
51560	2.26e-17	2.23e-18	0.1613	-8.745166	-1.4110205	133.28	RAB6B	RAB6B, member RAS oncogene family
4071	2.3e-17	2.27e-18	0.2193	8.743124	1.917058	364.12	TM4SF1	transmembrane 4 L six family member 1
149175	2.37e-17	2.34e-18	0.1772	-8.739453	-1.5482525	114.53	MANEAL	mannosidase endo-alpha like
1032	3.42e-17	3.39e-18	0.117	8.697565	1.0174031	257.12	CDKN2D	cyclin dependent kinase inhibitor 2D
995	6.59e-17	6.62e-18	0.1471	8.621293	1.2682432	177.13	CDC25C	cell division cycle 25C
7068	7.11e-17	7.16e-18	0.1174	-8.612346	-1.0113322	349.58	THRB	thyroid hormone receptor beta
441631	7.74e-17	7.81e-18	0.1794	-8.60237	-1.5430641	115.23	TSPAN11	tetraspanin 11
728464	8.05e-17	8.13e-18	0.1866	-8.59775	-1.6047097	104.72	METTL24	methyltransferase like 24
10293	8.75e-17	8.84e-18	0.1457	8.588101	1.251349	170.79	TRAIP	TRAF interacting protein
56901	8.8e-17	8.9e-18	0.2385	8.587328	2.0484912	74.33	NDUFA4L2	NDUFA4 mitochondrial complex associated like 2
105369848	9.21e-17	9.34e-18	0.1745	-8.581789	-1.4971983	118.74	LNCOG	lncRNA osteogenesis associated
6323	9.64e-17	9.81e-18	0.2032	-8.57617	-1.742981	108.1	SCN1A	sodium voltage-gated channel alpha subunit 1
130399	1.15e-16	1.18e-17	0.3092	-8.555166	-2.6454479	49.87	ACVR1C	activin A receptor type 1C
222223	1.3e-16	1.33e-17	0.1832	8.540871	1.5648099	108.43	ELAPOR2	endosome-lysosome associated apoptosis and autophagy regulator family member 2
27085	1.48e-16	1.52e-17	0.1399	8.525928	1.1930409	191.02	MTBP	MDM2 binding protein
340485	1.83e-16	1.88e-17	0.1506	-8.500716	-1.2798064	155.3	ACER2	alkaline ceramidase 2
5789	2.29e-16	2.37e-17	0.1856	8.473987	1.5727645	112.49	PTPRD	protein tyrosine phosphatase receptor type D
2619	2.6e-16	2.7e-17	0.1273	-8.45886	-1.0771832	1511.41	GAS1	growth arrest specific 1
55800	2.71e-16	2.82e-17	0.401	-8.453744	-3.3903018	37.5	SCN3B	sodium voltage-gated channel beta subunit 3
57502	3.42e-16	3.57e-17	0.1421	8.426287	1.1977247	194.27	NLGN4X	neuroligin 4 X-linked
9545	3.61e-16	3.77e-17	0.1197	8.419728	1.0078652	234.58	RAB3D	RAB3D, member RAS oncogene family
4045	3.86e-16	4.04e-17	0.1948	8.411597	1.6385249	98.39	LSAMP	limbic system associated membrane protein
8365	4e-16	4.2e-17	0.2943	-8.407088	-2.4744182	49.49	H4C8	H4 clustered histone 8
646576	4.54e-16	4.79e-17	0.5181	8.391801	4.347682	36.5	HHIP-AS1	HHIP antisense RNA 1
85444	5.3e-16	5.6e-17	0.1209	8.373259	1.0123374	254.26	LRRCC1	leucine rich repeat and coiled-coil centrosomal protein 1
5774	6.52e-16	6.92e-17	0.1222	-8.348405	-1.0202408	271.93	PTPN3	protein tyrosine phosphatase non-receptor type 3
7090	7.36e-16	7.84e-17	0.1423	8.333629	1.1856864	169.14	TLE3	TLE family member 3, transcriptional corepressor
3909	8.19e-16	8.74e-17	0.1242	-8.32072	-1.0334991	2266.79	LAMA3	laminin subunit alpha 3
3714	8.91e-16	9.53e-17	0.1955	-8.310478	-1.6242851	97.03	JAG2	jagged canonical Notch ligand 2
55586	1.28e-15	1.38e-16	0.1432	8.266252	1.1840464	183.7	MIOX	myo-inositol oxygenase
7516	1.48e-15	1.61e-16	0.1228	8.248294	1.0129658	254.47	XRCC2	X-ray repair cross complementing 2
149773	1.63e-15	1.77e-16	0.3869	8.236851	3.1867862	39.03	APCDD1L-DT	APCDD1L divergent transcript
11240	1.71e-15	1.86e-16	0.2877	-8.230493	-2.3677721	55.09	PADI2	peptidyl arginine deiminase 2
105378751	1.75e-15	1.91e-16	0.344	-8.227863	-2.8306438	43.78	LOC105378751	uncharacterized LOC105378751
57161	2.12e-15	2.33e-16	0.1546	8.203761	1.2683382	149.38	PELI2	pellino E3 ubiquitin protein ligase family member 2
112268460	2.72e-15	3e-16	0.1507	8.173144	1.2320055	159.81	LOC112268460	uncharacterized LOC112268460
4155	3.17e-15	3.51e-16	0.2188	8.15433	1.7840632	85.42	MBP	myelin basic protein
101929202	3.23e-15	3.59e-16	0.1906	-8.151776	-1.5538777	103.97	MKX-AS1	MKX antisense RNA 1
80099	3.84e-15	4.28e-16	0.219	-8.130401	-1.7807736	75.81	PKD1L1-AS1	PKD1L1 antisense RNA 1
4128	4e-15	4.47e-16	0.1518	8.125211	1.2333294	165.56	MAOA	monoamine oxidase A
51191	4.37e-15	4.89e-16	0.313	-8.114141	-2.5399382	48.97	HERC5	HECT and RLD domain containing E3 ubiquitin protein ligase 5
112267916	4.49e-15	5.02e-16	0.6011	-8.11094	-4.8758484	33.02	LOC112267916	
283659	5.17e-15	5.81e-16	0.1642	-8.093272	-1.3286546	128.13	PRTG	protogenin
29943	5.2e-15	5.84e-16	0.2098	-8.092506	-1.6975371	90.44	PADI1	peptidyl arginine deiminase 1
25817	7.01e-15	7.94e-16	0.1366	8.055137	1.100205	207.78	TAFA5	TAFA chemokine like family member 5
101929130	9.57e-15	1.09e-15	0.1302	-8.015955	-1.0433855	202.04	LOC101929130	uncharacterized LOC101929130
4920	9.9e-15	1.13e-15	0.1577	8.011696	1.2632671	199.87	ROR2	receptor tyrosine kinase like orphan receptor 2
100505566	1.08e-14	1.24e-15	0.306	8.000573	2.4483928	47.35	LINC00578	long intergenic non-protein coding RNA 578
3755	1.18e-14	1.35e-15	0.2479	7.989501	1.9806309	64.18	KCNG1	potassium voltage-gated channel modifier subfamily G member 1
11144	1.33e-14	1.53e-15	0.202	7.974257	1.6105603	88.74	DMC1	DNA meiotic recombinase 1
90139	1.37e-14	1.58e-15	0.1731	7.970586	1.3796897	146.27	TSPAN18	tetraspanin 18
2115	1.42e-14	1.64e-15	0.1267	7.966173	1.0095674	256.05	ETV1	ETS variant transcription factor 1
221468	1.54e-14	1.78e-15	0.1999	-7.955694	-1.5903705	86.89	TMEM217	transmembrane protein 217
3078	1.56e-14	1.81e-15	0.17	-7.953848	-1.3518381	115.85	CFHR1	complement factor H related 1
55531	1.57e-14	1.82e-15	0.3502	-7.952956	-2.7849661	39.58	ELMOD1	ELMO domain containing 1
4857	1.58e-14	1.84e-15	0.4853	7.951927	3.8593068	32.83	NOVA1	NOVA alternative splicing regulator 1
10580	1.78e-14	2.08e-15	0.1837	7.936697	1.4576101	117.4	SORBS1	sorbin and SH3 domain containing 1
55789	1.87e-14	2.17e-15	0.1321	7.930947	1.047289	213.9	DEPDC1B	DEP domain containing 1B
100506124	2.14e-14	2.5e-15	0.1901	-7.913469	-1.504595	108.61	LOC100506124	uncharacterized LOC100506124
344887	2.24e-14	2.62e-15	0.3193	-7.908024	-2.5249494	42.06	NMRAL2P	NmrA like redox sensor 2, pseudogene
389834	2.45e-14	2.88e-15	0.1652	-7.895898	-1.3046353	121.06	LOC389834	ankyrin repeat domain 57 pseudogene
4600	3.2e-14	3.8e-15	0.1394	-7.861362	-1.0956841	233.99	MX2	MX dynamin like GTPase 2
2329	3.9e-14	4.65e-15	0.2106	-7.835973	-1.6506024	538.27	FMO4	flavin containing dimethylaniline monoxygenase 4
2171	4.2e-14	5.03e-15	0.1299	7.826157	1.0163185	212.17	FABP5	fatty acid binding protein 5
28576	4.23e-14	5.07e-15	0.164	-7.825225	-1.2836314	134.98	TRBV12-4	T cell receptor beta variable 12-4
2047	4.28e-14	5.13e-15	0.2281	7.823566	1.7844183	82.02	EPHB1	EPH receptor B1
105371618	4.34e-14	5.22e-15	0.2631	-7.821573	-2.0581662	59.71	LOC105371618	uncharacterized LOC105371618
57718	4.39e-14	5.28e-15	0.1702	7.820166	1.330886	125.25	PPP4R4	protein phosphatase 4 regulatory subunit 4
6943	4.42e-14	5.33e-15	0.4014	7.818964	3.1386041	35.7	TCF21	transcription factor 21
83699	5.64e-14	6.82e-15	0.1665	-7.787707	-1.2966059	149.95	SH3BGRL2	SH3 domain binding glutamate rich protein like 2
85352	6.03e-14	7.33e-15	0.1555	7.778688	1.2099421	144.57	SHISAL1	shisa like 1
400823	6.37e-14	7.74e-15	0.3453	-7.77173	-2.6831912	39.73	FAM177B	family with sequence similarity 177 member B
122402	7.31e-14	8.92e-15	0.2576	7.753713	1.9977168	62.88	TDRD9	tudor domain containing 9
56911	7.62e-14	9.31e-15	0.1343	-7.748303	-1.0409232	210.3	MAP3K7CL	MAP3K7 C-terminal like
113115	8.07e-14	9.87e-15	0.1409	7.740976	1.0905822	175.76	MTFR2	mitochondrial fission regulator 2
131873	9.37e-14	1.15e-14	0.5091	7.721447	3.9308711	30.77	COL6A6	collagen type VI alpha 6 chain
133418	9.54e-14	1.17e-14	0.1609	-7.718962	-1.2416334	134.81	EMB	embigin
3576	9.74e-14	1.2e-14	0.1635	-7.716203	-1.2618335	134.75	CXCL8	C-X-C motif chemokine ligand 8
11248	9.82e-14	1.21e-14	0.1535	7.715087	1.1845268	170.33	NXPH3	neurexophilin 3
100287387	9.95e-14	1.23e-14	0.1483	-7.713321	-1.1440068	880.47	LOC100287387	uncharacterized LOC100287387
79625	1.07e-13	1.32e-14	0.1517	7.703493	1.1685126	145.65	NDNF	neuron derived neurotrophic factor
6653	1.2e-13	1.49e-14	0.1373	-7.688735	-1.055761	181.87	SORL1	sortilin related receptor 1
5144	1.21e-13	1.49e-14	0.1873	7.687975	1.4399256	101.09	PDE4D	phosphodiesterase 4D
7092	1.4e-13	1.74e-14	0.2834	7.668282	2.1733662	57.69	TLL1	tolloid like 1
200844	1.56e-13	1.94e-14	0.1712	7.654483	1.3106156	120.91	CFAP20DC	CFAP20 domain containing
266743	1.83e-13	2.29e-14	0.2201	7.63348	1.6804877	85.08	NPAS4	neuronal PAS domain protein 4
79191	1.85e-13	2.32e-14	0.1361	7.631455	1.0385799	179.8	IRX3	iroquois homeobox 3
56122	1.91e-13	2.4e-14	0.1856	-7.627198	-1.4156839	104.58	PCDHB14	protocadherin beta 14
3592	1.92e-13	2.41e-14	0.2192	-7.626487	-1.672107	73.99	IL12A	interleukin 12A
105378936	1.92e-13	2.42e-14	0.216	7.626287	1.6470428	85.66	LOC105378936	replaced by ID 26227
286223	2.28e-13	2.88e-14	0.203	-7.603775	-1.5436077	108.67	C9orf47	replaced by ID 1903
83903	2.43e-13	3.07e-14	0.1475	7.59515	1.1202785	157.48	HASPIN	histone H3 associated protein kinase
489	2.46e-13	3.11e-14	0.1945	7.593554	1.477319	118.94	ATP2A3	ATPase sarcoplasmic/endoplasmic reticulum Ca2+ transporting 3
4321	2.92e-13	3.7e-14	0.2514	-7.571181	-1.9034833	65.28	MMP12	matrix metallopeptidase 12
5618	2.94e-13	3.73e-14	0.1891	-7.570237	-1.431598	102.05	PRLR	prolactin receptor
148898	3.03e-13	3.85e-14	0.1969	-7.566089	-1.4894231	91.24	ZNF436-AS1	ZNF436 antisense RNA 1
56977	3.14e-13	4e-14	0.3356	7.56113	2.5375094	39.95	STOX2	storkhead box 2
101926926	3.38e-13	4.31e-14	0.1515	-7.55128	-1.1436734	184.82	RDH10-AS1	RDH10 antisense RNA 1
5100	3.57e-13	4.56e-14	0.2046	-7.543849	-1.5437802	81.78	PCDH8	protocadherin 8
1600	3.6e-13	4.61e-14	0.1385	7.542425	1.0446091	189.48	DAB1	DAB adaptor protein 1
5669	3.63e-13	4.65e-14	0.1491	7.541449	1.1243275	1118.95	PSG1	pregnancy specific beta-1-glycoprotein 1
2861	3.77e-13	4.84e-14	0.1586	-7.536179	-1.195514	135.89	GPR37	G protein-coupled receptor 37
6289	3.87e-13	4.98e-14	0.6967	-7.532361	-5.2476559	30.29	SAA2	serum amyloid A2
3479	3.87e-13	4.98e-14	0.2739	-7.532317	-2.0632089	55.71	IGF1	insulin like growth factor 1
81704	4.23e-13	5.45e-14	0.2199	-7.520687	-1.6539223	75.6	DOCK8	dedicator of cytokinesis 8
100820829	4.27e-13	5.51e-14	0.2575	-7.519259	-1.9358422	60.02	MYZAP	myocardial zonula adherens protein
26027	4.5e-13	5.82e-14	0.1784	7.512095	1.3397954	114.79	ACOT11	acyl-CoA thioesterase 11
84101	4.64e-13	6.01e-14	0.1364	-7.507875	-1.024203	194.91	USP44	ubiquitin specific peptidase 44
133522	4.68e-13	6.07e-14	0.3662	-7.506523	-2.7490886	35.28	PPARGC1B	PPARG coactivator 1 beta
2	4.69e-13	6.08e-14	0.2051	-7.506279	-1.5397002	2050.87	A2M	alpha-2-macroglobulin
2254	4.79e-13	6.22e-14	0.1456	7.503332	1.092753	162.79	FGF9	fibroblast growth factor 9
55329	5.67e-13	7.38e-14	0.1709	7.480886	1.2782641	116.23	MNS1	meiosis specific nuclear structural 1
3670	6.13e-13	8.01e-14	0.1757	-7.470134	-1.3128713	109.3	ISL1	ISL LIM homeobox 1
26049	6.13e-13	8.01e-14	0.2078	-7.470131	-1.5523527	81.23	FAM169A	family with sequence similarity 169 member A
80323	7.83e-13	1.03e-13	0.2619	-7.437074	-1.9480554	66.72	CCDC68	coiled-coil domain containing 68
80034	7.84e-13	1.03e-13	0.1865	-7.436879	-1.3872905	97.39	CSRNP3	cysteine and serine rich nuclear protein 3
404217	8.91e-13	1.18e-13	0.1458	-7.419461	-1.0820653	158.6	CTXN1	cortexin 1
553103	1.14e-12	1.52e-13	0.2075	-7.38548	-1.5326682	87.67	MIR3936HG	MIR3936 host gene
9001	1.33e-12	1.78e-13	0.2644	-7.364172	-1.9474369	52.3	HAP1	huntingtin associated protein 1
684	1.62e-12	2.18e-13	0.3255	-7.337187	-2.388013	38.53	BST2	bone marrow stromal cell antigen 2
10242	1.99e-12	2.68e-13	0.4943	-7.309504	-3.6134415	26.61	KCNMB2	potassium calcium-activated channel subfamily M regulatory beta subunit 2
199731	2.67e-12	3.63e-13	0.1946	-7.26872	-1.4144012	91.44	CADM4	cell adhesion molecule 4
151176	2.7e-12	3.68e-13	0.2819	7.26689	2.0488004	48.91	ERFE	erythroferrone
5308	3.17e-12	4.33e-13	0.4998	7.244693	3.6211785	27.31	PITX2	paired like homeodomain 2
101927528	3.33e-12	4.56e-13	0.2293	7.237756	1.6598872	68.12	LINC01204	long intergenic non-protein coding RNA 1204
145438	5.32e-12	7.4e-13	0.1594	-7.171852	-1.1431923	134.51	FRMD6-AS1	FRMD6 antisense RNA 1
1950	5.95e-12	8.29e-13	0.1705	-7.156322	-1.2198392	114.74	EGF	epidermal growth factor
85349	6.14e-12	8.56e-13	0.4392	7.151828	3.1413039	30.13	KRT87P	keratin 87, pseudogene
6480	6.19e-12	8.63e-13	0.1583	-7.15068	-1.1320465	135.54	ST6GAL1	ST6 beta-galactoside alpha-2,6-sialyltransferase 1
7108	6.61e-12	9.24e-13	0.155	-7.141397	-1.1065923	156.52	TM7SF2	transmembrane 7 superfamily member 2
55799	8.79e-12	1.23e-12	0.1956	-7.101435	-1.388799	91.09	CACNA2D3	calcium voltage-gated channel auxiliary subunit alpha2delta 3
79870	1.02e-11	1.44e-12	0.236	7.080285	1.6708446	85.35	BAALC	BAALC binder of MAP3K1 and KLF4
105371849	1.08e-11	1.52e-12	0.1529	-7.072672	-1.0816163	147.46	HEATR6-DT	HEATR6 divergent transcript
9388	1.08e-11	1.53e-12	0.2914	-7.071934	-2.0607022	45.62	LIPG	lipase G, endothelial type
23308	1.1e-11	1.56e-12	0.2241	-7.069028	-1.5845173	69.15	ICOSLG	inducible T cell costimulator ligand
253152	1.38e-11	1.96e-12	0.4033	-7.037503	-2.8379214	30.69	EPHX4	epoxide hydrolase 4
63976	1.43e-11	2.03e-12	0.7045	7.032293	4.9540912	27.39	PRDM16	PR/SET domain 16
284358	1.52e-11	2.16e-12	0.159	7.023515	1.116971	141.71	MAMSTR	MEF2 activating motif and SAP domain containing transcriptional regulator
196051	1.78e-11	2.55e-12	0.3038	7.000342	2.1269039	211.47	PLPP4	phospholipid phosphatase 4
56123	2.15e-11	3.1e-12	0.1981	-6.973339	-1.3811844	88.15	PCDHB13	protocadherin beta 13
54329	2.27e-11	3.27e-12	0.1797	6.965621	1.2518381	105.62	GPR85	G protein-coupled receptor 85
5026	2.51e-11	3.63e-12	0.1576	-6.951075	-1.095814	139.78	P2RX5	purinergic receptor P2X 5
94031	2.62e-11	3.79e-12	0.2226	6.944926	1.5462778	73.74	HTRA3	HtrA serine peptidase 3
8862	2.63e-11	3.81e-12	0.4508	6.943918	3.1300263	31.0	APLN	apelin
1999	3.52e-11	5.15e-12	0.6754	-6.901301	-4.6608613	25.15	ELF3	E74 like ETS transcription factor 3
339768	3.6e-11	5.28e-12	0.1602	6.897966	1.1048857	128.93	ESPNL	espin like
117283	4.06e-11	5.96e-12	0.306	-6.880528	-2.1056332	41.21	IP6K3	inositol hexakisphosphate kinase 3
51316	4.2e-11	6.18e-12	0.1767	-6.875483	-1.2150912	131.89	PLAC8	placenta associated 8
7483	4.38e-11	6.46e-12	0.2	-6.869105	-1.3739326	95.96	WNT9A	Wnt family member 9A
140685	4.75e-11	7e-12	0.1907	-6.857565	-1.3079559	95.56	ZBTB46	zinc finger and BTB domain containing 46
30061	5.16e-11	7.64e-12	0.1713	6.845225	1.1729213	114.02	SLC40A1	solute carrier family 40 member 1
55553	5.39e-11	7.99e-12	0.1652	-6.838798	-1.1297903	129.93	SOX6	SRY-box transcription factor 6
79772	5.42e-11	8.03e-12	0.2342	-6.838067	-1.6011689	64.64	MCTP1	multiple C2 and transmembrane domain containing 1
408	5.78e-11	8.58e-12	0.2097	-6.828501	-1.4320843	483.23	ARRB1	arrestin beta 1
11339	5.87e-11	8.73e-12	0.1575	6.82606	1.0749975	137.29	OIP5	Opa interacting protein 5
56704	6.8e-11	1.01e-11	0.2735	-6.804454	-1.8610072	53.11	JPH1	junctophilin 1
23025	7.1e-11	1.06e-11	0.2133	-6.798096	-1.4498303	78.89	UNC13A	unc-13 homolog A
10389	7.21e-11	1.08e-11	0.1628	6.795774	1.1065165	125.46	SCML2	Scm polycomb group protein like 2
57687	9.24e-11	1.39e-11	0.348	6.759368	2.3523029	35.45	VAT1L	vesicle amine transport 1 like
3952	9.94e-11	1.49e-11	0.2376	6.748544	1.6036025	68.05	LEP	leptin
9732	1.05e-10	1.57e-11	0.1782	-6.740975	-1.2015297	105.75	DOCK4	dedicator of cytokinesis 4
143686	1.2e-10	1.82e-11	0.1541	6.720029	1.0354495	151.16	SESN3	sestrin 3
84733	1.29e-10	1.96e-11	0.2124	6.709228	1.4248281	77.84	CBX2	chromobox 2
9182	1.43e-10	2.17e-11	0.4957	6.693845	3.317891	24.67	RASSF9	Ras association domain family member 9
83988	1.75e-10	2.67e-11	0.2729	6.663686	1.8186847	55.77	NCALD	neurocalcin delta
135398	1.98e-10	3.04e-11	0.2008	-6.644852	-1.3345222	84.18	C6orf141	chromosome 6 open reading frame 141
93986	2e-10	3.06e-11	0.2652	6.643561	1.7615534	60.56	FOXP2	forkhead box P2
55124	2.07e-10	3.18e-11	0.3418	6.638027	2.2687856	35.2	PIWIL2	piwi like RNA-mediated gene silencing 2
374897	2.25e-10	3.46e-11	0.2133	6.625685	1.4133614	83.92	SBSN	suprabasin
84057	2.33e-10	3.59e-11	0.1733	6.619908	1.147358	117.21	MND1	meiotic nuclear divisions 1
7499	2.43e-10	3.75e-11	0.2697	6.613714	1.7835518	53.07	XG	Xg glycoprotein (Xg blood group)
83694	2.57e-10	3.98e-11	0.2074	-6.604948	-1.3698971	81.37	RPS6KL1	ribosomal protein S6 kinase like 1
26150	2.59e-10	4.02e-11	0.2061	6.603393	1.3610938	85.15	RIBC2	RIB43A domain with coiled-coils 2
89886	2.71e-10	4.21e-11	0.2643	6.596407	1.7435464	54.29	SLAMF9	SLAM family member 9
102724102	2.87e-10	4.47e-11	0.4717	6.587504	3.1072001	24.78	LOC102724102	uncharacterized LOC102724102
6781	2.88e-10	4.49e-11	0.1643	-6.587088	-1.0823167	3231.97	STC1	stanniocalcin 1
28984	3.01e-10	4.7e-11	0.3425	-6.580252	-2.2538799	469.22	RGCC	regulator of cell cycle
3357	3.15e-10	4.92e-11	0.1982	-6.573319	-1.302638	86.38	HTR2B	5-hydroxytryptamine receptor 2B
107985872	3.5e-10	5.49e-11	0.4381	6.557088	2.8725306	27.21	LOC107985872	
90768	3.51e-10	5.51e-11	0.3799	6.556526	2.4906666	32.9	TENM3-AS1	TENM3 antisense RNA 1
5915	4.44e-10	7.01e-11	0.1554	-6.520356	-1.0129841	155.26	RARB	retinoic acid receptor beta
112268238	4.49e-10	7.1e-11	0.1733	-6.518596	-1.1296378	108.18	LOC112268238	replaced by ID 554313
30811	4.55e-10	7.2e-11	0.1578	6.51647	1.0283898	132.24	HUNK	hormonally up-regulated Neu-associated kinase
105375913	5.58e-10	8.88e-11	0.4809	-6.484863	-3.1185149	24.03	LOC105375913	uncharacterized LOC105375913
338758	5.62e-10	8.97e-11	0.2193	-6.483432	-1.4219119	74.68	ATP2B1-AS1	ATP2B1 antisense RNA 1
29948	5.71e-10	9.12e-11	0.162	-6.480913	-1.0498292	122.17	OSGIN1	oxidative stress induced growth inhibitor 1
51703	5.73e-10	9.15e-11	0.1748	-6.480408	-1.132861	113.27	ACSL5	acyl-CoA synthetase long chain family member 5
144402	5.83e-10	9.32e-11	0.1866	-6.477562	-1.2090323	99.01	CPNE8	copine 8
117531	6.3e-10	1.01e-10	0.375	-6.465344	-2.4246348	32.24	TMC1	transmembrane channel like 1
285643	6.36e-10	1.02e-10	0.1965	6.46386	1.2701051	87.46	KIF4B	kinesin family member 4B
728577	6.67e-10	1.07e-10	1.2153	6.456297	7.8466553	22.51	CNTNAP3B	contactin associated protein family member 3B
9312	6.91e-10	1.11e-10	0.487	-6.450818	-3.141655	23.76	KCNB2	potassium voltage-gated channel subfamily B member 2
10866	7.36e-10	1.19e-10	0.2243	-6.440762	-1.4444739	90.21	HCP5	HLA complex P5
353139	7.37e-10	1.19e-10	0.404	-6.440617	-2.6017425	27.25	LCE2A	late cornified envelope 2A
4885	7.51e-10	1.21e-10	0.3533	6.43766	2.2745831	33.2	NPTX2	neuronal pentraxin 2
7006	7.63e-10	1.24e-10	0.2072	-6.434952	-1.3331421	77.78	TEC	tec protein tyrosine kinase
728537	7.82e-10	1.27e-10	0.1977	-6.431081	-1.2716464	89.5	C2orf92	chromosome 2 open reading frame 92
56963	7.88e-10	1.28e-10	0.436	6.429839	2.8036573	26.34	RGMA	repulsive guidance molecule BMP co-receptor a
51513	9.05e-10	1.47e-10	0.2223	-6.407966	-1.4242413	71.9	ETV7	ETS variant transcription factor 7
864	9.37e-10	1.53e-10	0.3164	-6.40244	-2.0257015	37.62	RUNX3	RUNX family transcription factor 3
107985728	1.01e-09	1.64e-10	0.4611	6.391374	2.9468406	123.45	LOC107985728	collagen alpha-1(III) chain-like
2678	1.08e-09	1.76e-10	0.2359	-6.380538	-1.5053462	62.73	GGT1	gamma-glutamyltransferase 1
388121	1.08e-09	1.77e-10	0.3881	6.380133	2.4762511	30.98	TNFAIP8L3	TNF alpha induced protein 8 like 3
11033	1.1e-09	1.8e-10	0.1627	-6.377423	-1.0375687	166.87	ADAP1	ArfGAP with dual PH domains 1
478	1.11e-09	1.82e-10	0.2496	-6.375741	-1.5911252	55.73	ATP1A3	ATPase Na+/K+ transporting subunit alpha 3
100507516	1.12e-09	1.83e-10	0.1973	6.374741	1.2577839	107.1	LINC02984	long intergenic non-protein coding RNA 2984
112609	1.13e-09	1.86e-10	0.3051	6.372595	1.9440633	41.22	MRAP2	melanocortin 2 receptor accessory protein 2
54102	1.13e-09	1.86e-10	0.189	6.372632	1.2042234	97.82	CLIC6	chloride intracellular channel 6
8339	1.15e-09	1.89e-10	0.4149	-6.370282	-2.6433204	25.64	H2BC8	H2B clustered histone 8
54873	1.21e-09	1.99e-10	0.302	6.361729	1.9213883	42.67	PALMD	palmdelphin
84419	1.22e-09	2.02e-10	0.2509	-6.359882	-1.5956436	56.66	C15orf48	chromosome 15 open reading frame 48
4915	1.26e-09	2.09e-10	0.1744	6.35492	1.1086102	112.23	NTRK2	neurotrophic receptor tyrosine kinase 2
8532	1.28e-09	2.11e-10	0.1729	-6.352857	-1.098302	1980.28	CPZ	carboxypeptidase Z
6712	1.34e-09	2.22e-10	0.2121	-6.34559	-1.345653	76.51	SPTBN2	spectrin beta, non-erythrocytic 2
2352	1.37e-09	2.27e-10	0.1858	-6.341744	-1.1783157	95.26	FOLR3	folate receptor gamma
105375440	1.46e-09	2.43e-10	0.22	6.331624	1.3927503	85.87	LOC105375440	uncharacterized LOC105375440
107075116	1.51e-09	2.53e-10	0.6135	-6.325221	-3.8803627	18.95	MIR3142HG	MIR3142 host gene
57469	1.54e-09	2.58e-10	0.2094	6.322186	1.3238539	79.1	PNMA8B	PNMA family member 8B
3429	1.61e-09	2.69e-10	0.3143	-6.315477	-1.9851277	37.9	IFI27	interferon alpha inducible protein 27
23090	1.61e-09	2.7e-10	0.3611	6.314963	2.280619	33.0	ZNF423	zinc finger protein 423
5920	1.61e-09	2.7e-10	0.2472	-6.314878	-1.5607781	69.09	PLAAT4	phospholipase A and acyltransferase 4
574029	1.7e-09	2.86e-10	0.3055	6.306355	1.9264826	41.8	DUSP5P1	dual specificity phosphatase 5 pseudogene 1
117177	1.75e-09	2.94e-10	0.1781	-6.301886	-1.1225352	101.93	RAB3IP	RAB3A interacting protein
3772	1.78e-09	3e-10	0.3254	-6.298888	-2.0497526	37.76	KCNJ15	potassium inwardly rectifying channel subfamily J member 15
64798	1.8e-09	3.04e-10	0.3325	6.296608	2.093462	36.85	DEPTOR	DEP domain containing MTOR interacting protein
9723	1.83e-09	3.09e-10	0.3633	6.294135	2.2867279	31.69	SEMA3E	semaphorin 3E
3177	2.01e-09	3.41e-10	0.1831	-6.278771	-1.1497221	107.42	SLC29A2	solute carrier family 29 member 2
85379	2.16e-09	3.67e-10	0.2372	-6.267627	-1.4865395	65.91	KIAA1671	KIAA1671
54596	2.19e-09	3.73e-10	0.4009	6.265081	2.5113718	31.91	L1TD1	LINE1 type transposase domain containing 1
101	2.98e-09	5.13e-10	0.2067	-6.214978	-1.2848951	75.91	ADAM8	ADAM metallopeptidase domain 8
1364	3.01e-09	5.19e-10	0.4237	6.213152	2.6322364	28.0	CLDN4	claudin 4
5918	3.11e-09	5.37e-10	0.1949	-6.207909	-1.2102309	127.1	RARRES1	retinoic acid receptor responder 1
25975	3.19e-09	5.51e-10	0.4841	6.203839	3.0033377	23.75	EGFL6	EGF like domain multiple 6
7433	3.44e-09	5.96e-10	1.2362	-6.191389	-7.653836	17.69	VIPR1	vasoactive intestinal peptide receptor 1
200132	3.55e-09	6.16e-10	0.3374	6.186286	2.087477	34.58	DYNLT5	dynein light chain Tctex-type family member 5
286151	3.74e-09	6.5e-10	0.2578	6.177761	1.5924409	54.27	FBXO43	F-box protein 43
7294	5.11e-09	8.98e-10	0.4131	-6.126634	-2.5311057	26.48	TXK	TXK tyrosine kinase
100505622	5.9e-09	1.04e-09	0.4594	-6.102737	-2.8033118	22.63	POU2F2-AS1	POU2F2 antisense RNA 1
81849	5.95e-09	1.05e-09	0.2492	6.101376	1.5205697	61.8	ST6GALNAC5	ST6 N-acetylgalactosaminide alpha-2,6-sialyltransferase 5
286749	6.07e-09	1.07e-09	0.2252	6.098193	1.3732207	66.76	STON1-GTF2A1L	STON1-GTF2A1L readthrough
144110	6.24e-09	1.1e-09	0.1901	-6.093707	-1.1583778	107.51	TMEM86A	transmembrane protein 86A
55026	6.76e-09	1.2e-09	0.3784	6.080435	2.3006478	30.0	TMEM255A	transmembrane protein 255A
2353	6.89e-09	1.22e-09	0.2311	-6.077082	-1.4042959	1543.85	FOS	Fos proto-oncogene, AP-1 transcription factor subunit
8338	7.79e-09	1.39e-09	0.2985	-6.056485	-1.808133	41.08	H2AC20	H2A clustered histone 20
70	8.29e-09	1.48e-09	0.7918	6.046015	4.7872604	184.78	ACTC1	actin alpha cardiac muscle 1
64856	8.51e-09	1.53e-09	0.2468	6.041347	1.4910044	59.7	VWA1	von Willebrand factor A domain containing 1
50507	8.72e-09	1.57e-09	0.2106	-6.03734	-1.2712057	86.38	NOX4	NADPH oxidase 4
100506023	9.33e-09	1.68e-09	0.2243	-6.025974	-1.3515972	68.38	LOC100506023	uncharacterized LOC100506023
101927789	1.03e-08	1.86e-09	0.1684	-6.009988	-1.0121978	135.14	FAUP4	FAU pseudogene 4
643827	1.06e-08	1.91e-09	1.2301	6.00491	7.3865743	16.26	CNTNAP3P2	CNTNAP3 pseudogene 2
10349	1.11e-08	2.02e-09	0.1848	-5.996461	-1.1083091	108.02	ABCA10	ATP binding cassette subfamily A member 10
107985050	1.16e-08	2.11e-09	0.2182	5.988905	1.3067282	78.02	LOC107985050	
100287314	1.17e-08	2.12e-09	0.1801	5.98837	1.078292	106.07	LINC00941	long intergenic non-protein coding RNA 941
146433	1.19e-08	2.16e-09	0.4876	-5.985664	-2.9183188	21.69	IL34	interleukin 34
107986170	1.42e-08	2.6e-09	0.9014	-5.955001	-5.367734	19.74	LOC107986170	replaced by ID 10686
100507477	1.47e-08	2.69e-09	0.2947	-5.949435	-1.7534298	45.8	LINC02941	long intergenic non-protein coding RNA 2941
3889	1.49e-08	2.73e-09	0.6401	5.947077	3.8064742	18.73	KRT83	keratin 83
8970	1.53e-08	2.81e-09	0.313	-5.942168	-1.8598769	38.32	H2BC11	H2B clustered histone 11
11185	1.59e-08	2.93e-09	0.2111	-5.935687	-1.25311	83.19	INMT	indolethylamine N-methyltransferase
284276	1.64e-08	3.03e-09	0.2918	-5.930041	-1.7302096	41.9	LINC00908	long intergenic non-protein coding RNA 908
249	1.67e-08	3.09e-09	0.3336	-5.926998	-1.9769822	32.76	ALPL	alkaline phosphatase, biomineralization associated
284600	2.05e-08	3.81e-09	0.6981	5.892278	4.1133519	39.65	LOC284600	uncharacterized LOC284600
55964	2.09e-08	3.88e-09	0.3297	-5.889042	-1.9414456	35.33	SEPTIN3	septin 3
105377806	2.18e-08	4.06e-09	0.1718	5.881853	1.0107549	143.54	LOC105377806	
650	2.19e-08	4.08e-09	0.2141	-5.88082	-1.2591802	72.3	BMP2	bone morphogenetic protein 2
57643	2.21e-08	4.12e-09	0.2353	-5.87943	-1.383551	63.54	ZSWIM5	zinc finger SWIM-type containing 5
5803	2.22e-08	4.14e-09	0.8998	-5.878497	-5.2895779	18.48	PTPRZ1	protein tyrosine phosphatase receptor type Z1
339855	2.23e-08	4.16e-09	0.612	5.877835	3.5972379	17.99	KY	kyphoscoliosis peptidase
103752587	2.52e-08	4.73e-09	0.3703	5.856299	2.1684173	29.25	FOXC2-AS1	FOXC2 antisense RNA 1
101927400	2.73e-08	5.14e-09	0.2996	-5.842439	-1.7504714	41.2	LINC02966	long intergenic non-protein coding RNA 2966
105378558	3.36e-08	6.38e-09	0.5303	5.806581	3.0790283	19.5	EBF3-AS1	EBF3 antisense RNA 1
8739	3.36e-08	6.38e-09	0.5218	-5.806608	-3.0296995	18.64	HRK	harakiri, BCL2 interacting protein
23566	3.38e-08	6.4e-09	0.4829	-5.805847	-2.8039227	19.77	LPAR3	lysophosphatidic acid receptor 3
399947	3.42e-08	6.5e-09	0.2895	5.803403	1.680147	49.73	C11orf87	chromosome 11 open reading frame 87
28577	3.63e-08	6.92e-09	0.2219	-5.792933	-1.285553	70.39	TRBV12-3	T cell receptor beta variable 12-3
8601	3.83e-08	7.31e-09	0.224	5.783616	1.295343	69.36	RGS20	regulator of G protein signaling 20
51286	3.84e-08	7.34e-09	0.1889	5.783046	1.0922448	96.73	CEND1	cell cycle exit and neuronal differentiation 1
2150	4.08e-08	7.8e-09	0.2546	-5.772622	-1.4696198	55.18	F2RL1	F2R like trypsin receptor 1
10840	4.11e-08	7.86e-09	1.072	-5.771407	-6.1868763	22.99	ALDH1L1	aldehyde dehydrogenase 1 family member L1
105379057	4.45e-08	8.55e-09	0.4985	5.757278	2.8701401	20.55	EDIL3-DT	EDIL3 divergent transcript
6853	4.56e-08	8.79e-09	0.375	5.752612	2.1573183	29.12	SYN1	synapsin I
26232	5.12e-08	9.9e-09	0.2055	-5.73241	-1.1780096	79.61	FBXO2	F-box protein 2
79937	5.34e-08	1.03e-08	1.24	5.724919	7.0987485	13.36	CNTNAP3	contactin associated protein family member 3
55636	5.66e-08	1.1e-08	0.2431	-5.71458	-1.389004	57.11	CHD7	chromodomain helicase DNA binding protein 7
100505851	5.72e-08	1.11e-08	0.6289	-5.712817	-3.5928992	16.1	LOC100505851	uncharacterized LOC100505851
144481	6.17e-08	1.2e-08	0.2512	5.699315	1.4319272	56.9	SOCS2-AS1	SOCS2 antisense RNA 1
1844	6.19e-08	1.21e-08	0.3204	5.698866	1.825806	38.07	DUSP2	dual specificity phosphatase 2
9053	6.54e-08	1.28e-08	0.1882	-5.689338	-1.0706717	95.74	MAP7	microtubule associated protein 7
23401	6.61e-08	1.29e-08	0.1949	-5.68735	-1.1086974	89.08	FRAT2	FRAT regulator of WNT signaling pathway 2
729830	7.25e-08	1.42e-08	0.2505	-5.671016	-1.420386	55.28	FHIP1A	FHF complex subunit HOOK interacting protein 1A
6356	7.35e-08	1.44e-08	1.2271	-5.668526	-6.9557666	21.35	CCL11	C-C motif chemokine ligand 11
347252	7.65e-08	1.5e-08	0.1787	5.661363	1.0119344	105.99	IGFBPL1	insulin like growth factor binding protein like 1
1183	7.84e-08	1.54e-08	0.3989	5.656737	2.2566681	26.5	CLCN4	chloride voltage-gated channel 4
414152	8.04e-08	1.58e-08	0.4458	-5.652302	-2.5195903	127.86	C10orf105	chromosome 10 open reading frame 105
56128	8.16e-08	1.61e-08	0.3191	-5.649623	-1.8030288	35.86	PCDHB8	protocadherin beta 8
105377276	8.58e-08	1.69e-08	0.3385	-5.640691	-1.9093411	32.26	LOC105377276	uncharacterized LOC105377276
203430	8.6e-08	1.7e-08	0.2844	5.64008	1.6040014	44.05	RTL3	retrotransposon Gag like 3
100130417	8.64e-08	1.71e-08	0.5646	5.639236	3.1839979	69.19	LINC02593	long intergenic non-protein coding RNA 2593
1524	8.9e-08	1.76e-08	0.7003	-5.633911	-3.9453625	15.59	CX3CR1	C-X3-C motif chemokine receptor 1
107985017	9.95e-08	1.98e-08	0.2583	5.613771	1.4503099	51.04	LOC107985017	uncharacterized LOC107985017
57795	1e-07	1.99e-08	0.5565	-5.612916	-3.123501	18.28	BRINP2	BMP/retinoic acid inducible neural specific 2
101060171	1.06e-07	2.12e-08	0.288	-5.601958	-1.6133515	41.16	ODAD2P1	outer dynein arm docking complex subunit 2 pseudogene 1
55024	1.07e-07	2.14e-08	0.281	-5.600675	-1.5740453	48.2	BANK1	B cell scaffold protein with ankyrin repeats 1
129293	1.07e-07	2.14e-08	0.2085	5.600047	1.1674787	83.38	TRABD2A	TraB domain containing 2A
2169	1.1e-07	2.2e-08	0.488	-5.595787	-2.7308423	19.0	FABP2	fatty acid binding protein 2
55107	1.14e-07	2.29e-08	0.6157	5.588459	3.4410528	17.04	ANO1	anoctamin 1
220388	1.2e-07	2.42e-08	0.3554	5.579047	1.9827598	33.07	CCDC89	coiled-coil domain containing 89
79192	1.21e-07	2.44e-08	0.3169	5.577789	1.7673605	36.46	IRX1	iroquois homeobox 1
254896	1.33e-07	2.68e-08	0.3257	-5.561412	-1.8114523	33.97	LOC254896	uncharacterized LOC254896
101928711	1.34e-07	2.7e-08	0.5476	5.559532	3.0442493	19.5	LOC101928711	
728215	1.38e-07	2.79e-08	0.1811	-5.553876	-1.0059563	105.34	NALF1	NALCN channel auxiliary factor 1
7051	1.41e-07	2.85e-08	0.2907	-5.550461	-1.6132897	45.29	TGM1	transglutaminase 1
7074	1.44e-07	2.92e-08	0.481	5.546196	2.6676107	20.2	TIAM1	TIAM Rac1 associated GEF 1
55244	1.47e-07	2.97e-08	0.2272	-5.543424	-1.259287	63.37	SLC47A1	solute carrier family 47 member 1
100528017	1.48e-07	3e-08	0.812	-5.541175	-4.4993	14.89	SAA2-SAA4	SAA2-SAA4 readthrough
57216	1.54e-07	3.12e-08	1.2493	5.534336	6.9140794	11.86	VANGL2	VANGL planar cell polarity protein 2
5139	1.58e-07	3.22e-08	0.1956	5.529061	1.0813663	100.77	PDE3A	phosphodiesterase 3A
1016	1.63e-07	3.32e-08	0.2405	5.523802	1.3283724	59.66	CDH18	cadherin 18
103091866	1.65e-07	3.37e-08	0.1902	-5.520921	-1.0502541	93.58	LINC01145	long intergenic non-protein coding RNA 1145
112268439	1.69e-07	3.44e-08	0.3805	-5.517246	-2.09954	27.03	LOC112268439	uncharacterized LOC112268439
574407	1.72e-07	3.51e-08	0.3175	-5.513973	-1.7505922	38.03	OBSCN-AS1	OBSCN antisense RNA 1
102724068	1.74e-07	3.55e-08	1.0765	-5.511739	-5.9331143	19.24	LOC102724068	uncharacterized LOC102724068
84460	1.74e-07	3.57e-08	0.4	-5.51104	-2.2041482	25.93	ZMAT1	zinc finger matrin-type 1
56344	1.78e-07	3.64e-08	0.4166	-5.507498	-2.2942271	22.95	CABP5	calcium binding protein 5
3786	1.89e-07	3.88e-08	0.2071	-5.49628	-1.1382251	78.87	KCNQ3	potassium voltage-gated channel subfamily Q member 3
1440	1.94e-07	3.99e-08	0.4661	-5.491352	-2.5594207	20.73	CSF3	colony stimulating factor 3
64091	1.97e-07	4.05e-08	0.2193	-5.488762	-1.2035622	71.76	POPDC2	popeye domain containing 2
84707	2.02e-07	4.16e-08	0.3503	-5.484024	-1.9208272	30.06	BEX2	brain expressed X-linked 2
3664	2.09e-07	4.3e-08	0.4339	5.478049	2.3769292	22.78	IRF6	interferon regulatory factor 6
23017	2.32e-07	4.81e-08	0.3584	5.45813	1.9564646	29.9	FAIM2	Fas apoptotic inhibitory molecule 2
401190	2.48e-07	5.15e-08	0.4429	-5.445956	-2.4118698	21.77	RGS7BP	regulator of G protein signaling 7 binding protein
2571	2.48e-07	5.16e-08	0.3657	-5.445627	-1.991466	27.5	GAD1	glutamate decarboxylase 1
388722	2.78e-07	5.81e-08	0.2251	-5.424606	-1.220989	68.0	C1orf53	chromosome 1 open reading frame 53
342035	2.8e-07	5.85e-08	0.6596	5.423223	3.5768935	15.41	GLDN	gliomedin
4345	3.07e-07	6.43e-08	0.4521	5.40635	2.4442826	21.17	CD200	CD200 molecule
337876	3.25e-07	6.81e-08	0.1894	5.396033	1.0220147	97.04	CHSY3	chondroitin sulfate synthase 3
357	3.25e-07	6.83e-08	0.1924	-5.395647	-1.0378961	86.52	SHROOM2	shroom family member 2
130576	3.29e-07	6.92e-08	0.1989	-5.393298	-1.0724758	82.37	LYPD6B	LY6/PLAUR domain containing 6B
101927078	3.31e-07	6.96e-08	0.4753	-5.39217	-2.5628476	19.03	LOC101927078	uncharacterized LOC101927078
128553	3.56e-07	7.51e-08	0.392	5.378501	2.1083674	27.22	TSHZ2	teashirt zinc finger homeobox 2
79698	3.98e-07	8.43e-08	1.2243	5.357756	6.5596844	18.02	ZMAT4	zinc finger matrin-type 4
441869	4.37e-07	9.3e-08	0.4445	5.339981	2.3736167	21.81	ANKRD65	ankyrin repeat domain 65
54101	4.44e-07	9.46e-08	0.4514	5.336723	2.4089484	21.83	RIPK4	receptor interacting serine/threonine kinase 4
157638	5.05e-07	1.08e-07	0.1924	-5.312615	-1.0223867	95.16	LRATD2	LRAT domain containing 2
284266	5.2e-07	1.11e-07	0.3919	5.307267	2.0801254	25.54	SIGLEC15	sialic acid binding Ig like lectin 15
100506411	5.61e-07	1.21e-07	0.3845	-5.292533	-2.0350736	25.34	MAP3K9-DT	MAP3K9 divergent transcript
92421	5.87e-07	1.27e-07	0.2354	-5.283842	-1.2435797	64.28	CHMP4C	charged multivesicular body protein 4C
27147	6.15e-07	1.33e-07	0.2271	-5.274891	-1.1977071	548.72	DENND2A	DENN domain containing 2A
283248	6.29e-07	1.36e-07	0.257	5.270672	1.3547924	53.0	RCOR2	REST corepressor 2
9619	6.3e-07	1.36e-07	0.5997	-5.270117	-3.1602445	15.25	ABCG1	ATP binding cassette subfamily G member 1
105376235	6.39e-07	1.38e-07	0.4277	-5.267582	-2.2531784	21.46	LOC105376235	uncharacterized LOC105376235
105371453	6.89e-07	1.49e-07	0.3659	-5.253423	-1.922456	28.89	BCAN-AS1	BCAN antisense RNA 1
105373730	7e-07	1.52e-07	0.3572	-5.250352	-1.875381	28.4	LOC105373730	
100532742	7.04e-07	1.53e-07	0.1929	-5.249205	-1.0124879	85.26	PIR-FIGF	PIR-FIGF readthrough
283463	7.27e-07	1.58e-07	0.7656	-5.243183	-4.0143946	12.91	MUC19	mucin 19, oligomeric
7097	7.99e-07	1.74e-07	0.4431	-5.22475	-2.3151108	20.6	TLR2	toll like receptor 2
101928278	8.59e-07	1.88e-07	0.3831	-5.210654	-1.9959904	25.8	IGFBP-AS1	IGFBP5 antisense RNA 1
105370960	8.92e-07	1.96e-07	1.2311	5.203483	6.4060553	16.36	LOC105370960	uncharacterized LOC105370960
116071	9.55e-07	2.1e-07	0.2336	-5.190507	-1.2122946	62.57	BATF2	basic leucine zipper ATF-like transcription factor 2
81706	9.63e-07	2.12e-07	0.3343	5.188791	1.7347667	33.02	PPP1R14C	protein phosphatase 1 regulatory inhibitor subunit 14C
105369816	9.76e-07	2.15e-07	0.2505	-5.186182	-1.2992822	58.79	LOC105369816	uncharacterized LOC105369816
57633	9.78e-07	2.15e-07	0.3687	-5.185748	-1.9121582	29.05	LRRN1	leucine rich repeat neuronal 1
1960	9.88e-07	2.17e-07	0.3119	5.183751	1.6168469	40.04	EGR3	early growth response 3
100132111	9.91e-07	2.18e-07	0.2063	-5.183045	-1.0692881	78.24	C2CD4D-AS1	C2CD4D and THEM5 antisense RNA 1
924	9.95e-07	2.2e-07	0.3635	-5.182007	-1.8837373	27.56	CD7	CD7 molecule
6578	1.01e-06	2.24e-07	0.3434	5.178509	1.7785487	32.84	SLCO2A1	solute carrier organic anion transporter family member 2A1
5031	1.07e-06	2.37e-07	0.3898	5.167906	2.0142317	25.22	P2RY6	pyrimidinergic receptor P2Y6
102723996	1.07e-06	2.37e-07	0.267	-5.167916	-1.3799364	49.11	LOC102723996	ICOS ligand
401074	1.1e-06	2.45e-07	0.2613	5.161556	1.3487249	52.09	LINC00960	long intergenic non-protein coding RNA 960
10402	1.11e-06	2.46e-07	0.263	-5.160713	-1.3573357	52.33	ST3GAL6	ST3 beta-galactoside alpha-2,3-sialyltransferase 6
5266	1.2e-06	2.68e-07	1.2804	-5.14459	-6.5869577	8.4	PI3	peptidase inhibitor 3
100128006	1.24e-06	2.77e-07	0.3186	5.138518	1.6370974	34.98	ARHGAP44-AS1	ARHGAP44 and MYOCD antisense RNA 1
100287082	1.41e-06	3.18e-07	0.4184	-5.112573	-2.1391004	21.87	GACAT2	gastric cancer associated transcript 2
105376095	1.49e-06	3.38e-07	0.236	5.101195	1.2040311	59.19	LOC105376095	uncharacterized LOC105376095
101927476	1.63e-06	3.7e-07	0.2567	-5.083814	-1.3051692	53.93	LOC101927476	uncharacterized LOC101927476
9024	1.68e-06	3.82e-07	0.336	-5.077531	-1.7062956	31.3	BRSK2	BR serine/threonine kinase 2
8344	1.8e-06	4.09e-07	0.2898	-5.064526	-1.4674926	40.72	H2BC6	H2B clustered histone 6
3993	1.82e-06	4.15e-07	0.3152	-5.062087	-1.5956247	36.13	LLGL2	LLGL scribble cell polarity complex component 2
100507127	1.85e-06	4.24e-07	0.4541	5.058011	2.2967629	20.9	LINC00707	long intergenic non-protein coding RNA 707
2263	1.89e-06	4.33e-07	0.7562	5.053787	3.8215307	13.07	FGFR2	fibroblast growth factor receptor 2
118421	1.92e-06	4.38e-07	0.3239	5.051507	1.6361446	35.19	LINC00161	long intergenic non-protein coding RNA 161
109729169	1.93e-06	4.42e-07	0.6435	-5.049722	-3.2494793	13.33	LINC02154	long intergenic non-protein coding RNA 2154
285313	1.93e-06	4.44e-07	0.4389	5.04926	2.2161891	22.61	IGSF10	immunoglobulin superfamily member 10
5336	2e-06	4.59e-07	0.2717	-5.04267	-1.3700741	46.55	PLCG2	phospholipase C gamma 2
26575	2.07e-06	4.77e-07	0.2094	-5.035465	-1.0541843	75.09	RGS17	regulator of G protein signaling 17
81786	2.11e-06	4.84e-07	0.2208	5.032371	1.1113885	73.53	TRIM7	tripartite motif containing 7
151254	2.14e-06	4.93e-07	0.2347	5.029056	1.180361	61.81	C2CD6	C2 calcium dependent domain containing 6
203328	2.25e-06	5.18e-07	0.3694	5.019514	1.854372	28.87	SUSD3	sushi domain containing 3
79853	2.5e-06	5.79e-07	0.2264	-4.998011	-1.1315186	66.87	TM4SF20	transmembrane 4 L six family member 20
101928176	2.52e-06	5.85e-07	0.5794	-4.996134	-2.8949173	14.29	LINC01411	long intergenic non-protein coding RNA 1411
101928487	2.55e-06	5.92e-07	0.2919	-4.993859	-1.4578764	40.91	LOC101928487	uncharacterized LOC101928487
128344	2.64e-06	6.13e-07	0.3478	-4.987141	-1.7347471	29.07	PIFO	primary cilia formation
107985976	2.9e-06	6.76e-07	0.2058	-4.968061	-1.0223576	88.93	LOC107985976	
284958	2.92e-06	6.82e-07	0.2599	4.966314	1.2906571	50.59	NT5DC4	5'-nucleotidase domain containing 4
3	3e-06	7.01e-07	1.2918	-4.961103	-6.4089669	7.4	A2MP1	alpha-2-macroglobulin pseudogene 1
100507642	3.04e-06	7.1e-07	0.2291	4.958496	1.1360597	62.59	LINC03014	long intergenic non-protein coding RNA 3014
101927813	3.43e-06	8.05e-07	0.2238	4.934166	1.1044779	67.84	HMMR-AS1	HMMR antisense RNA 1
57116	3.62e-06	8.53e-07	0.3419	4.922725	1.6830114	31.99	ZNF695	zinc finger protein 695
134466	3.66e-06	8.63e-07	0.2472	4.92049	1.2161254	54.79	ZNF300P1	zinc finger protein 300 pseudogene 1
105369919	3.69e-06	8.7e-07	0.3437	-4.918932	-1.6907053	29.54	LOC105369919	uncharacterized LOC105369919
203111	3.73e-06	8.8e-07	0.2193	-4.916842	-1.0780973	74.02	ERICH5	glutamate rich 5
101410543	3.87e-06	9.14e-07	0.5232	-4.909296	-2.5684744	16.44	XXYLT1-AS2	XXYLT1 antisense RNA 2
643650	4e-06	9.46e-07	0.3129	4.902576	1.5340531	37.55	LINC00842	long intergenic non-protein coding RNA 842
105373623	4e-06	9.47e-07	0.4903	-4.902383	-2.4038133	17.94	LOC105373623	
101929415	4.33e-06	1.03e-06	0.2177	4.886051	1.0638258	75.23	PENK-AS1	PENK antisense RNA 1
9478	4.92e-06	1.17e-06	0.3873	4.859935	1.8824373	25.35	CABP1	calcium binding protein 1
100507308	5.07e-06	1.21e-06	0.5444	4.853623	2.6421003	17.36	TARID	TCF21 antisense RNA inducing promoter demethylation
55304	5.37e-06	1.29e-06	0.3297	4.841884	1.5965066	32.51	SPTLC3	serine palmitoyltransferase long chain base subunit 3
256714	5.64e-06	1.36e-06	0.2589	-4.831229	-1.2510044	52.77	MAP7D2	MAP7 domain containing 2
5224	5.73e-06	1.38e-06	0.3346	-4.827849	-1.6152863	31.46	PGAM2	phosphoglycerate mutase 2
105376126	5.88e-06	1.42e-06	0.3387	-4.822144	-1.6332439	31.61	LOC105376126	uncharacterized LOC105376126
107985164	6.09e-06	1.47e-06	0.5105	-4.814756	-2.4581525	16.06	LOC107985164	uncharacterized LOC107985164
150771	6.37e-06	1.55e-06	0.2146	4.805238	1.0312469	72.51	ITPRIPL1	ITPRIP like 1
728264	6.74e-06	1.64e-06	0.2087	4.793434	1.000449	81.16	CARMN	cardiac mesoderm enhancer-associated non-coding RNA
5414	6.76e-06	1.64e-06	0.4649	4.792909	2.2282445	21.02	SEPTIN4	septin 4
11151	7e-06	1.71e-06	0.2494	4.785529	1.1935298	55.43	CORO1A	coronin 1A
161342	7.55e-06	1.85e-06	0.7386	-4.76938	-3.5225444	11.55	LINC00519	long intergenic non-protein coding RNA 519
9127	7.65e-06	1.87e-06	0.2249	-4.766543	-1.0720808	66.32	P2RX6	purinergic receptor P2X 6
165186	7.75e-06	1.9e-06	0.4885	-4.763745	-2.3270199	16.94	TOGARAM2	TOG array regulator of axonemal microtubules 2
2846	7.78e-06	1.91e-06	0.3801	4.762961	1.8101753	26.11	LPAR4	lysophosphatidic acid receptor 4
2831	7.93e-06	1.95e-06	0.9399	-4.758684	-4.4728286	10.75	NPBWR1	neuropeptides B and W receptor 1
112268280	7.96e-06	1.96e-06	0.2416	-4.757831	-1.1493115	57.85	LOC112268280	
144100	8e-06	1.97e-06	0.3225	-4.756647	-1.5339128	36.95	PLEKHA7	pleckstrin homology domain containing A7
6352	8.2e-06	2.02e-06	1.2575	-4.751681	-5.9750298	10.83	CCL5	C-C motif chemokine ligand 5
105370456	8.38e-06	2.07e-06	0.3575	-4.746943	-1.6968656	27.53	LOC105370456	uncharacterized LOC105370456
102723692	8.4e-06	2.07e-06	0.2884	4.746403	1.3686922	43.21	LOC102723692	uncharacterized LOC102723692
84451	8.97e-06	2.22e-06	0.3559	-4.732525	-1.6841394	27.23	MAP3K21	mitogen-activated protein kinase kinase kinase 21
83956	9.03e-06	2.24e-06	0.2191	4.730897	1.0366138	68.52	RACGAP1P1	Rac GTPase activating protein 1 pseudogene 1
27344	9.5e-06	2.36e-06	0.5808	-4.720054	-2.741459	14.25	PCSK1N	proprotein convertase subtilisin/kexin type 1 inhibitor
642366	1.13e-05	2.82e-06	0.3081	-4.683164	-1.4430567	36.48	ISL1-DT	ISL1 divergent transcript
129607	1.14e-05	2.85e-06	0.3904	-4.681478	-1.8278112	24.92	CMPK2	cytidine/uridine monophosphate kinase 2
106635544	1.15e-05	2.89e-06	0.2844	-4.678383	-1.3303591	41.29	SNORA109	small nucleolar RNA, H/ACA box 109
56144	1.16e-05	2.92e-06	0.4332	-4.676626	-2.0259011	20.55	PCDHA4	protocadherin alpha 4
84189	1.27e-05	3.21e-06	0.6141	-4.657131	-2.8598424	12.67	SLITRK6	SLIT and NTRK like family member 6
79689	1.28e-05	3.22e-06	0.3581	4.655947	1.6672718	40.22	STEAP4	STEAP4 metalloreductase
6518	1.34e-05	3.38e-06	0.2541	-4.646027	-1.1805935	53.46	SLC2A5	solute carrier family 2 member 5
105378026	1.36e-05	3.45e-06	0.4251	-4.642282	-1.9734799	21.1	LOC105378026	uncharacterized LOC105378026
440584	1.4e-05	3.55e-06	0.2523	-4.635887	-1.1694937	58.29	SLC2A1-DT	SLC2A1 divergent transcript
101927969	1.42e-05	3.6e-06	0.2979	4.633063	1.3801915	39.8	SLIT3-AS2	SLIT3 antisense RNA 2
105379404	1.42e-05	3.61e-06	0.3067	-4.63267	-1.4206737	37.35	LOC105379404	uncharacterized LOC105379404
102724852	1.43e-05	3.63e-06	0.8365	4.631324	3.8741041	10.98	LOC102724852	replaced by ID 100033819
123103	1.48e-05	3.75e-06	0.4129	4.624675	1.9093566	22.21	KLHL33	kelch like family member 33
101929151	1.48e-05	3.76e-06	0.3856	-4.624227	-1.7830365	26.61	LINC02204	long intergenic non-protein coding RNA 2204
100289279	1.48e-05	3.77e-06	1.3048	4.623807	6.0331153	6.42	CNTNAP3C	contactin associated protein family member 3C
3713	1.54e-05	3.94e-06	0.547	-4.614597	-2.5243278	14.35	IVL	involucrin
105374296	1.66e-05	4.25e-06	0.5629	-4.598571	-2.5885149	13.96	LOC105374296	uncharacterized LOC105374296
25791	1.67e-05	4.28e-06	0.5963	4.597191	2.7412947	13.42	NGEF	neuronal guanine nucleotide exchange factor
57477	1.68e-05	4.31e-06	0.2476	4.596061	1.1379287	57.22	SHROOM4	shroom family member 4
5493	1.69e-05	4.32e-06	0.2308	4.595293	1.0607843	101.7	PPL	periplakin
338817	1.69e-05	4.34e-06	0.2261	-4.594608	-1.0388894	61.96	LINC01252	long intergenic non-protein coding RNA 1252
7222	1.89e-05	4.88e-06	0.2333	4.569896	1.0663329	61.47	TRPC3	transient receptor potential cation channel subfamily C member 3
2920	1.92e-05	4.96e-06	0.2804	-4.566618	-1.2805977	41.13	CXCL2	C-X-C motif chemokine ligand 2
441108	1.96e-05	5.06e-06	0.2444	-4.562225	-1.1150611	53.49	IRF1-AS1	IRF1 antisense RNA 1
29944	1.97e-05	5.08e-06	0.336	-4.561656	-1.5326568	31.9	PNMA3	PNMA family member 3
5858	2.03e-05	5.26e-06	0.3069	-4.554187	-1.3977946	37.74	PZP	PZP alpha-2-macroglobulin like
10878	2.03e-05	5.27e-06	0.3247	-4.553904	-1.4784262	32.2	CFHR3	complement factor H related 3
2203	2.05e-05	5.3e-06	0.4236	-4.552365	-1.9284777	21.85	FBP1	fructose-bisphosphatase 1
102723825	2.15e-05	5.59e-06	0.5744	-4.541228	-2.6084903	13.26	LOC102723825	uncharacterized LOC102723825
163782	2.17e-05	5.64e-06	1.2644	4.539296	5.7396988	27.98	KANK4	KN motif and ankyrin repeat domains 4
1589	2.23e-05	5.81e-06	0.5596	4.533098	2.536734	14.25	CYP21A2	cytochrome P450 family 21 subfamily A member 2
339512	2.25e-05	5.87e-06	0.441	4.531181	1.9984083	20.36	CCDC190	coiled-coil domain containing 190
554313	2.28e-05	5.93e-06	0.2602	-4.528848	-1.1783143	46.88	H4C15	H4 clustered histone 15
1044	2.32e-05	6.06e-06	0.9545	-4.52432	-4.318642	9.96	CDX1	caudal type homeobox 1
64078	2.55e-05	6.69e-06	0.2309	-4.503239	-1.0398868	64.12	SLC28A3	solute carrier family 28 member 3
107984616	2.6e-05	6.83e-06	0.4832	4.49901	2.1740671	18.11	LOC107984616	
8370	2.66e-05	7e-06	0.2618	-4.493548	-1.1765685	46.33	H4C14	H4 clustered histone 14
126567	2.83e-05	7.45e-06	0.3523	-4.480366	-1.5786022	27.7	C2CD4C	C2 calcium dependent domain containing 4C
162494	2.85e-05	7.53e-06	0.5922	-4.478238	-2.6520544	12.57	RHBDL3	rhomboid like 3
148398	3.02e-05	8e-06	0.4375	4.465252	1.9537512	265.71	SAMD11	sterile alpha motif domain containing 11
2558	3.09e-05	8.16e-06	0.4603	4.46082	2.0533607	18.73	GABRA5	gamma-aminobutyric acid type A receptor subunit alpha5
58528	3.29e-05	8.74e-06	0.2636	-4.446219	-1.1718907	48.95	RRAGD	Ras related GTP binding D
8351	3.31e-05	8.78e-06	0.4064	-4.445209	-1.8063203	21.66	H3C4	H3 clustered histone 4
5630	3.35e-05	8.9e-06	0.5098	4.442216	2.264842	15.99	PRPH	peripherin
26255	3.51e-05	9.34e-06	0.263	4.431903	1.165467	49.64	PTTG3P	pituitary tumor-transforming 3, pseudogene
647859	3.69e-05	9.83e-06	0.744	-4.420842	-3.2889277	10.06	OCLNP1	OCLN pseudogene 1
23650	3.81e-05	1.02e-05	0.3323	-4.41325	-1.4665775	32.89	TRIM29	tripartite motif containing 29
105378858	3.82e-05	1.02e-05	0.4643	-4.412517	-2.0486241	18.67	LOC105378858	uncharacterized LOC105378858
282973	3.94e-05	1.06e-05	0.2809	-4.405487	-1.2372816	43.01	JAKMIP3	Janus kinase and microtubule interacting protein 3
100233156	4.05e-05	1.09e-05	0.2656	-4.399434	-1.1685426	45.31	LOC100233156	tektin 4 pseudogene
84824	4.09e-05	1.1e-05	0.2644	4.396811	1.1624962	50.74	FCRLA	Fc receptor like A
107986119	4.12e-05	1.11e-05	0.2366	-4.395281	-1.0397367	56.76	GSK3B-DT	GSK3B divergent transcript
101926996	4.15e-05	1.12e-05	0.367	-4.393526	-1.6125578	30.78	RUNDC3A-AS1	RUNDC3A antisense RNA 1
196410	4.24e-05	1.14e-05	0.3537	4.388562	1.5522709	28.96	METTL7B	methyltransferase like 7B
100507114	4.33e-05	1.17e-05	0.7322	4.383313	3.2095369	11.34	LINC00445	long intergenic non-protein coding RNA 445
105376577	4.58e-05	1.24e-05	0.2612	-4.37046	-1.1415395	50.85	LOC105376577	uncharacterized LOC105376577
390660	4.64e-05	1.26e-05	0.3051	4.367216	1.3325518	35.88	ADAMTS7P1	ADAMTS7 pseudogene 1
79056	4.66e-05	1.26e-05	0.3476	-4.366166	-1.5176573	30.13	PRRG4	proline rich and Gla domain 4
132332	4.7e-05	1.28e-05	0.4429	4.364245	1.9330763	21.2	SMIM43	small integral membrane protein 43
27115	4.72e-05	1.28e-05	0.2431	4.363117	1.0605328	55.88	PDE7B	phosphodiesterase 7B
3861	4.83e-05	1.31e-05	0.6306	4.357632	2.747809	11.96	KRT14	keratin 14
1006	4.9e-05	1.33e-05	0.6714	-4.354326	-2.9236537	10.7	CDH8	cadherin 8
5367	4.91e-05	1.34e-05	0.233	4.354129	1.0147153	59.5	PMCH	pro-melanin concentrating hormone
51778	4.91e-05	1.34e-05	0.2945	-4.353716	-1.2823379	41.14	MYOZ2	myozenin 2
26084	5.01e-05	1.36e-05	0.3341	4.349427	1.4532401	34.01	ARHGEF26	Rho guanine nucleotide exchange factor 26
107984387	5.22e-05	1.43e-05	0.2339	-4.339882	-1.0151978	59.56	LOC107984387	
102723663	5.23e-05	1.43e-05	0.6472	-4.339594	-2.8086306	11.42	LOC102723663	uncharacterized LOC102723663
5801	5.35e-05	1.46e-05	0.2721	-4.334123	-1.1793756	44.69	PTPRR	protein tyrosine phosphatase receptor type R
102723817	5.69e-05	1.56e-05	0.2931	-4.32	-1.2660537	38.66	CNIH3-AS2	CNIH3 antisense RNA 2
10964	5.99e-05	1.65e-05	0.4129	-4.308225	-1.7789398	99.8	IFI44L	interferon induced protein 44 like
121506	6.19e-05	1.7e-05	0.6854	-4.300856	-2.9477698	11.18	ERP27	endoplasmic reticulum protein 27
23551	6.2e-05	1.71e-05	0.3456	4.300336	1.4862673	31.57	RASD2	RASD family member 2
167681	6.22e-05	1.71e-05	0.2329	-4.299782	-1.0014301	59.45	PRSS35	serine protease 35
283120	6.26e-05	1.72e-05	0.8522	4.298269	3.6631934	9.6	H19	H19 imprinted maternally expressed transcript
56137	6.45e-05	1.78e-05	0.6486	-4.291159	-2.7831138	11.04	PCDHA12	protocadherin alpha 12
222950	7.05e-05	1.96e-05	0.2821	4.269948	1.2044976	41.97	NYAP1	neuronal tyrosine phosphorylated phosphoinositide-3-kinase adaptor 1
101927267	7.27e-05	2.02e-05	0.3323	4.262667	1.416693	31.31	TROAP-AS1	TROAP and PRPH antisense RNA 1
105376224	7.66e-05	2.13e-05	0.2767	-4.250345	-1.176086	44.89	LOC105376224	uncharacterized LOC105376224
3321	7.74e-05	2.16e-05	0.3034	-4.247851	-1.2890097	35.27	IGSF3	immunoglobulin superfamily member 3
441172	7.77e-05	2.17e-05	0.2563	4.246975	1.088685	53.4	NHSL1-AS1	NHSL1 antisense RNA 1
105377211	8.06e-05	2.25e-05	0.4253	-4.23816	-1.8025284	19.98	LOC105377211	uncharacterized LOC105377211
9363	8.13e-05	2.27e-05	0.2698	4.236168	1.143037	46.27	RAB33A	RAB33A, member RAS oncogene family
53905	8.17e-05	2.28e-05	0.2546	4.235116	1.0782398	56.41	DUOX1	dual oxidase 1
6445	8.37e-05	2.34e-05	0.2903	4.229292	1.2276107	40.25	SGCG	sarcoglycan gamma
107984413	8.48e-05	2.37e-05	0.4254	4.226363	1.7979751	20.47	LOC107984413	uncharacterized LOC107984413
81491	9.31e-05	2.62e-05	0.2483	4.204367	1.0440685	55.22	GPR63	G protein-coupled receptor 63
101928161	9.85e-05	2.78e-05	0.3947	-4.190527	-1.6539864	25.18	NCKAP5-AS2	NCKAP5 antisense RNA 2
685	0.000106	3.01e-05	0.8114	-4.172906	-3.3858825	9.11	BTC	betacellulin
93166	0.000107	3.03e-05	0.3143	4.171364	1.311162	34.63	PRDM6	PR/SET domain 6
107985155	0.000108	3.09e-05	0.6353	-4.167076	-2.6472008	11.14	LOC107985155	uncharacterized LOC107985155
105375734	0.00011	3.13e-05	1.2843	4.164148	5.3481115	8.05	SMILR	smooth muscle induced lncRNA, enhancer of proliferation
388021	0.000115	3.27e-05	0.5105	-4.153542	-2.1201853	15.61	TMEM179	transmembrane protein 179
55790	0.000117	3.33e-05	0.2451	4.149709	1.0171186	56.48	CSGALNACT1	chondroitin sulfate N-acetylgalactosaminyltransferase 1
105373877	0.00012	3.44e-05	0.4431	-4.142269	-1.8356317	18.17	DIRC3-AS1	DIRC3 antisense RNA 1
55512	0.000124	3.54e-05	0.2812	-4.135437	-1.1627598	42.24	SMPD3	sphingomyelin phosphodiesterase 3
2700	0.000126	3.6e-05	0.3153	-4.131452	-1.3028478	33.29	GJA3	gap junction protein alpha 3
693199	0.00013	3.73e-05	0.3189	-4.123572	-1.3150905	32.05	MIR614	microRNA 614
387628	0.000131	3.78e-05	0.2798	4.12051	1.152761	41.55	FGF7P6	fibroblast growth factor 7 pseudogene 6
112268263	0.000133	3.84e-05	0.6858	-4.116693	-2.8232203	10.21	LOC112268263	uncharacterized LOC112268263
4058	0.000137	3.97e-05	0.2917	-4.109301	-1.1984992	44.49	LTK	leukocyte receptor tyrosine kinase
3082	0.000137	3.97e-05	0.2495	-4.10916	-1.0251901	51.92	HGF	hepatocyte growth factor
219623	0.000138	4e-05	0.3037	4.107239	1.2475029	37.36	TMEM26	transmembrane protein 26
90167	0.00014	4.04e-05	0.3109	4.105313	1.2761503	34.93	FRMD7	FERM domain containing 7
83992	0.000144	4.17e-05	0.8029	4.097728	3.2899031	9.33	CTTNBP2	cortactin binding protein 2
118491	0.000145	4.21e-05	0.2515	-4.095419	-1.0298549	53.85	CFAP70	cilia and flagella associated protein 70
105369435	0.000145	4.22e-05	0.2727	-4.094947	-1.1166675	42.48	LOC105369435	uncharacterized LOC105369435
105374986	0.000146	4.25e-05	0.7689	-4.093299	-3.1474389	8.98	LOC105374986	uncharacterized LOC105374986
112840934	0.000147	4.26e-05	0.9748	4.092835	3.9898175	8.77	NGF-AS1	NGF antisense RNA 1
112268047	0.000149	4.34e-05	0.2696	-4.088734	-1.1022357	45.15	LOC112268047	
222183	0.00015	4.36e-05	0.3569	4.087533	1.4586644	27.51	SRRM3	serine/arginine repetitive matrix 3
102723761	0.000153	4.47e-05	0.6144	-4.081587	-2.5076297	11.2	LINC02773	long intergenic non-protein coding RNA 2773
29785	0.000154	4.5e-05	0.2692	4.079941	1.0981428	47.29	CYP2S1	cytochrome P450 family 2 subfamily S member 1
352887	0.000155	4.52e-05	0.4441	-4.079044	-1.811423	17.84	GYG2P1	glycogenin 2 pseudogene 1
375295	0.000157	4.57e-05	0.5499	4.07652	2.2416127	13.91	LINC01116	long intergenic non-protein coding RNA 1116
2028	0.000158	4.63e-05	0.2938	4.073314	1.1967288	41.1	ENPEP	glutamyl aminopeptidase
387914	0.000162	4.75e-05	0.7062	4.067796	2.8728754	10.67	SHISA2	shisa family member 2
2327	0.000172	5.07e-05	0.5392	-4.052589	-2.1849668	14.86	FMO2	flavin containing dimethylaniline monoxygenase 2
768206	0.000175	5.15e-05	0.2585	-4.048762	-1.0468016	46.98	PRCD	photoreceptor disc component
105371159	0.000176	5.18e-05	0.3033	-4.047323	-1.2276752	37.03	LOC105371159	uncharacterized LOC105371159
103752584	0.000177	5.22e-05	0.5489	-4.045536	-2.2206314	13.36	CCND2-AS1	CCND2 antisense RNA 1
150372	0.000179	5.29e-05	0.6882	-4.04256	-2.7822451	10.22	NFAM1	NFAT activating protein with ITAM motif 1
140462	0.000181	5.35e-05	0.2794	-4.039901	-1.1287632	41.97	ASB9	ankyrin repeat and SOCS box containing 9
107984089	0.000182	5.4e-05	0.331	4.037542	1.3363369	32.6	LOC107984089	uncharacterized LOC107984089
105375914	0.000183	5.42e-05	0.4447	-4.03654	-1.7951708	17.75	LOC105375914	uncharacterized LOC105375914
91543	0.000183	5.43e-05	0.5732	-4.036363	-2.3138322	12.75	RSAD2	radical S-adenosyl methionine domain containing 2
80868	0.000191	5.68e-05	0.2946	-4.025874	-1.1858264	42.39	HCG4B	HLA complex group 4B
84837	0.000193	5.74e-05	0.2535	-4.023164	-1.0197725	49.63	ARHGAP5-AS1	ARHGAP5 antisense RNA 1 (head to head)
11170	0.000203	6.04e-05	0.5338	4.011168	2.1412211	14.15	FAM107A	family with sequence similarity 107 member A
163255	0.000211	6.3e-05	0.2558	-4.001098	-1.0235823	49.98	ZNF540	zinc finger protein 540
3384	0.000217	6.5e-05	0.2796	-3.993914	-1.116869	41.2	ICAM2	intercellular adhesion molecule 2
389336	0.000226	6.8e-05	0.5789	-3.983188	-2.3057952	11.81	C5orf46	chromosome 5 open reading frame 46
448834	0.000228	6.87e-05	0.5114	-3.980727	-2.0358125	14.33	KPRP	keratinocyte proline rich protein
1590	0.000228	6.88e-05	0.5389	3.980513	2.1449672	13.79	CYP21A1P	cytochrome P450 family 21 subfamily A member 1, pseudogene
6330	0.000247	7.46e-05	0.2574	-3.961071	-1.0194816	47.49	SCN4B	sodium voltage-gated channel beta subunit 4
25830	0.000267	8.1e-05	0.3143	-3.941454	-1.2389433	33.33	SULT4A1	sulfotransferase family 4A member 1
255167	0.000273	8.29e-05	0.628	3.935874	2.4716906	11.19	LINC01018	long intergenic non-protein coding RNA 1018
101928216	0.000279	8.46e-05	0.3373	-3.930938	-1.3258377	29.3	LOC101928216	
107986859	0.000286	8.71e-05	0.4703	-3.924082	-1.8454526	16.7	LOC107986859	
105374557	0.000287	8.76e-05	0.4796	3.922708	1.8813921	16.6	LOC105374557	uncharacterized LOC105374557
408186	0.000292	8.91e-05	0.3081	3.918441	1.2071599	35.53	LOC408186	alpha-2-macroglobulin like 1 pseudogene
100131208	0.000298	9.09e-05	0.4979	-3.91367	-1.9486765	15.04	SNAP25-AS1	SNAP25 antisense RNA 1
134526	0.000304	9.3e-05	0.3546	-3.908247	-1.3857301	27.34	ACOT12	acyl-CoA thioesterase 12
102723458	0.000304	9.31e-05	0.3718	-3.907793	-1.4530895	24.05	LOC102723458	uncharacterized LOC102723458
55117	0.000307	9.4e-05	0.4037	3.905698	1.5765498	22.9	SLC6A15	solute carrier family 6 member 15
105373962	0.000308	9.45e-05	0.5559	-3.90434	-2.1705227	13.41	LINC01937	long intergenic non-protein coding RNA 1937
105376922	0.000313	9.61e-05	1.3041	3.900239	5.0861542	6.74	LOC105376922	uncharacterized LOC105376922
100874028	0.000318	9.78e-05	0.3753	3.896106	1.462064	24.78	SGO1-AS1	SGO1 antisense RNA 1
783	0.000319	9.79e-05	0.2893	3.895642	1.1270081	40.9	CACNB2	calcium voltage-gated channel auxiliary subunit beta 2
3891	0.000319	9.8e-05	1.3002	3.895533	5.0650493	6.56	KRT85	keratin 85
152	0.00032	9.84e-05	0.5416	3.894576	2.1093298	14.6	ADRA2C	adrenoceptor alpha 2C
440689	0.000366	0.000113	0.2595	-3.860025	-1.0015193	48.21	H2BC18	H2B clustered histone 18
2888	0.000372	0.000115	0.3807	3.855963	1.4680143	25.28	GRB14	growth factor receptor bound protein 14
5443	0.000376	0.000117	0.8814	3.852759	3.3956447	7.96	POMC	proopiomelanocortin
84649	0.000378	0.000117	0.3115	-3.851658	-1.1997329	32.79	DGAT2	diacylglycerol O-acyltransferase 2
105378929	0.000379	0.000118	0.3146	-3.850835	-1.211488	33.31	LOC105378929	uncharacterized LOC105378929
768	0.000382	0.000119	0.4373	3.848792	1.6829503	19.54	CA9	carbonic anhydrase 9
100506834	0.000385	0.00012	0.3225	-3.846446	-1.2404619	31.77	GAS1RR	GAS1 adjacent regulatory RNA
146760	0.000385	0.00012	0.3647	-3.846271	-1.4026141	26.19	RTN4RL1	reticulon 4 receptor like 1
105374003	0.000399	0.000124	0.5674	-3.837544	-2.1773335	12.52	LOC105374003	uncharacterized LOC105374003
5097	0.000404	0.000126	0.3076	-3.834094	-1.1794658	33.83	PCDH1	protocadherin 1
6442	0.000415	0.00013	0.916	3.826988	3.5054762	8.2	SGCA	sarcoglycan alpha
90865	0.000422	0.000132	0.6877	3.822532	2.6287674	10.26	IL33	interleukin 33
400360	0.000425	0.000133	0.4216	-3.821034	-1.610983	20.17	LINC02915	long intergenic non-protein coding RNA 2915
284348	0.000425	0.000133	0.4118	-3.820531	-1.5734619	20.4	LYPD5	LY6/PLAUR domain containing 5
2646	0.000452	0.000142	0.4062	3.803963	1.5451021	21.03	GCKR	glucokinase regulator
8357	0.000454	0.000143	0.4694	-3.802615	-1.7848891	16.35	H3C10	H3 clustered histone 10
107984589	0.000455	0.000143	0.7776	-3.802158	-2.9566678	8.56	LOC107984589	uncharacterized LOC107984589
3397	0.000457	0.000144	0.3105	3.801244	1.1801145	1628.69	ID1	inhibitor of DNA binding 1
10451	0.000463	0.000146	0.5386	-3.797411	-2.045432	14.24	VAV3	vav guanine nucleotide exchange factor 3
105373592	0.000487	0.000154	0.5089	-3.784026	-1.9255165	14.21	LOC105373592	uncharacterized LOC105373592
1417	0.000504	0.00016	0.4417	-3.775377	-1.6675518	18.06	CRYBB3	crystallin beta B3
6545	0.000509	0.000162	0.4991	-3.772546	-1.8828365	15.7	SLC7A4	solute carrier family 7 member 4
107986951	0.000511	0.000162	0.6695	-3.771534	-2.5248729	9.62	LOC107986951	uncharacterized LOC107986951
107984745	0.000548	0.000175	0.5586	-3.753048	-2.0964946	12.38	LOC107984745	
101060391	0.000552	0.000176	0.3905	3.750724	1.4646232	22.85	SNTG2-AS1	SNTG2 antisense RNA 1
1066	0.000556	0.000177	0.3185	3.749099	1.1940221	33.59	CES1	carboxylesterase 1
100130992	0.000566	0.000181	0.3943	3.744155	1.4761373	22.74	LOC100130992	uncharacterized LOC100130992
477	0.000575	0.000184	0.3229	3.739749	1.2074075	34.38	ATP1A2	ATPase Na+/K+ transporting subunit alpha 2
2651	0.000578	0.000185	0.5799	-3.738494	-2.1677945	11.69	GCNT2	glucosaminyl (N-acetyl) transferase 2 (I blood group)
728715	0.00058	0.000186	0.6117	3.737809	2.2864923	11.04	LOC728715	ovostatin homolog 2
26167	0.000581	0.000186	0.3528	-3.737291	-1.318565	26.37	PCDHB5	protocadherin beta 5
101929705	0.000593	0.00019	0.7766	3.731598	2.8981378	8.53	SCIRT	stem cell inhibitory RNA transcript
107984270	0.000611	0.000196	0.3571	3.723722	1.3298753	27.16	LOC107984270	uncharacterized LOC107984270
105370003	0.000614	0.000198	0.3873	-3.721983	-1.4414933	23.73	LOC105370003	uncharacterized LOC105370003
100507466	0.000627	0.000202	0.5565	-3.716656	-2.0684733	12.4	DPH6-DT	DPH6 divergent transcript
102723834	0.000638	0.000206	0.561	3.71206	2.0824706	12.96	LOC102723834	uncharacterized LOC102723834
2675	0.000639	0.000206	0.5866	3.711331	2.1769334	11.74	GFRA2	GDNF family receptor alpha 2
6374	0.000649	0.00021	0.3235	-3.707135	-1.1994336	36.04	CXCL5	C-X-C motif chemokine ligand 5
106821730	0.00066	0.000213	0.2951	3.702698	1.0926877	37.84	BUB1B-PAK6	BUB1B-PAK6 readthrough
135	0.000669	0.000217	0.3308	-3.698881	-1.2237462	30.81	ADORA2A	adenosine A2a receptor
8747	0.000678	0.00022	0.3485	-3.695365	-1.2877318	27.23	ADAM21	ADAM metallopeptidase domain 21
100996465	0.000679	0.00022	0.5141	-3.694907	-1.8996052	13.7	L1CAM-AS1	L1CAM antisense RNA 1
219539	0.000702	0.000228	0.3391	-3.68608	-1.2498842	30.84	YPEL4	yippee like 4
126755	0.000707	0.00023	0.6399	3.683999	2.3572603	10.48	LRRC38	leucine rich repeat containing 38
102724246	0.000707	0.00023	0.3926	-3.683943	-1.4461689	22.13	TTC39C-AS1	TTC39C antisense RNA 1
9379	0.000734	0.000239	0.4962	3.673829	1.8230631	15.36	NRXN2	neurexin 2
5950	0.000756	0.000247	0.4413	3.665787	1.6175552	18.47	RBP4	retinol binding protein 4
9781	0.000759	0.000248	0.3422	3.664678	1.2542255	28.58	RNF144A	ring finger protein 144A
107986909	0.00077	0.000252	0.4473	3.660679	1.6373381	18.37	LOC107986909	uncharacterized LOC107986909
2167	0.0008	0.000262	0.4899	3.650346	1.7882041	15.2	FABP4	fatty acid binding protein 4
6423	0.000843	0.000277	0.3893	3.636206	1.4154984	23.88	SFRP2	secreted frizzled related protein 2
1131	0.000849	0.000279	0.6596	3.634513	2.3971907	10.01	CHRM3	cholinergic receptor muscarinic 3
105378992	0.000866	0.000285	0.8285	3.628832	3.0063965	7.84	LINC02057	long intergenic non-protein coding RNA 2057
374786	0.000872	0.000287	0.3122	-3.626829	-1.132423	32.94	EFCAB5	EF-hand calcium binding domain 5
79993	0.000876	0.000289	0.6571	-3.625404	-2.3824023	9.69	ELOVL7	ELOVL fatty acid elongase 7
7477	0.000903	0.000298	1.1777	-3.617043	-4.259831	6.19	WNT7B	Wnt family member 7B
105379082	0.00092	0.000304	0.4565	3.611835	1.648814	17.46	LOC105379082	uncharacterized LOC105379082
7552	0.000937	0.00031	0.3438	3.606968	1.2400578	28.23	ZNF711	zinc finger protein 711
1154	0.000946	0.000313	0.3057	3.604261	1.1018236	35.5	CISH	cytokine inducible SH2 containing protein
107984960	0.000967	0.000321	0.2825	-3.59796	-1.0164246	38.96	LOC107984960	uncharacterized LOC107984960
105376222	0.00101	0.000335	0.3925	-3.586884	-1.4080081	23.71	LOC105376222	uncharacterized LOC105376222
23498	0.00102	0.000338	0.3356	3.583984	1.2026807	30.59	HAAO	3-hydroxyanthranilate 3,4-dioxygenase
8912	0.00103	0.000342	0.3924	-3.581427	-1.4054514	21.75	CACNA1H	calcium voltage-gated channel subunit alpha1 H
101928583	0.00103	0.000343	0.5954	-3.580747	-2.1320327	10.93	SLC7A14-AS1	SLC7A14 antisense RNA 1
107985869	0.00109	0.000366	0.7374	3.563811	2.6281309	8.57	LOC107985869	uncharacterized LOC107985869
107987250	0.00109	0.000366	0.3144	-3.563558	-1.1202429	32.63	LOC107987250	
107986467	0.00111	0.000373	0.7386	3.558562	2.6285196	9.02	LOC107986467	uncharacterized LOC107986467
23732	0.00114	0.000381	0.335	-3.552988	-1.1902557	29.14	FRRS1L	ferric chelate reductase 1 like
197135	0.00115	0.000388	0.4967	-3.548216	-1.7624912	14.1	PATL2	PAT1 homolog 2
105379282	0.00116	0.000389	0.5459	-3.547182	-1.9362554	13.03	LOC105379282	
8839	0.00118	0.000396	0.388	3.542842	1.3746372	23.31	CCN5	cellular communication network factor 5
2921	0.00126	0.000426	0.4252	-3.523344	-1.4980847	20.09	CXCL3	C-X-C motif chemokine ligand 3
81851	0.00127	0.00043	0.3897	3.520862	1.3722249	23.34	KRTAP1-1	keratin associated protein 1-1
57172	0.00128	0.000434	0.324	-3.518416	-1.139832	33.12	CAMK1G	calcium/calmodulin dependent protein kinase IG
25924	0.00132	0.000449	0.3192	3.509724	1.1204311	32.8	MYRIP	myosin VIIA and Rab interacting protein
9423	0.00135	0.000459	0.3617	-3.503568	-1.267322	25.76	NTN1	netrin 1
2070	0.00135	0.00046	0.4827	3.502809	1.69097	16.43	EYA4	EYA transcriptional coactivator and phosphatase 4
107984862	0.00136	0.000465	0.3427	-3.499913	-1.1993128	28.69	LOC107984862	uncharacterized LOC107984862
105377342	0.0014	0.000476	0.3269	-3.493635	-1.1419327	33.09	TSPAN5-DT	TSPAN5 divergent transcript
7036	0.00145	0.000498	0.3017	3.482042	1.0503629	37.66	TFR2	transferrin receptor 2
103344932	0.00153	0.000527	0.397	-3.466494	-1.3762415	20.71	PGM5P4-AS1	PGM5P4 antisense RNA 1
105416157	0.00153	0.000528	0.4409	3.466335	1.5281718	19.52	NKILA	NF-kappaB interacting lncRNA
100506188	0.00155	0.000533	0.5502	3.463407	1.9056101	12.98	LINC03001	long intergenic non-protein coding RNA 3001
10891	0.00157	0.000542	0.3262	-3.4589	-1.128136	31.91	PPARGC1A	PPARG coactivator 1 alpha
692247	0.00159	0.000551	0.3848	-3.454726	-1.3292987	22.57	LMNTD2-AS1	LMNTD2 antisense RNA 1
94015	0.00167	0.000581	0.3943	3.440405	1.3564082	22.07	TTYH2	tweety family member 2
647121	0.00169	0.000587	0.3424	-3.43748	-1.176846	27.45	EMBP1	embigin pseudogene 1
106144526	0.0017	0.000589	0.4219	-3.436504	-1.4497825	18.67	PLA2G4C-AS1	PLA2G4C antisense RNA 1
284756	0.00171	0.000597	0.638	-3.433076	-2.1903246	9.58	LINC02910	long intergenic non-protein coding RNA 2910
105373716	0.00172	0.0006	0.2939	-3.431716	-1.0085769	39.68	LOC105373716	uncharacterized LOC105373716
55890	0.00179	0.000625	0.4324	-3.420622	-1.4791807	17.88	GPRC5C	G protein-coupled receptor class C group 5 member C
100289178	0.00181	0.000634	0.34	-3.416712	-1.1618064	30.31	GNG12-AS1	GNG12, DIRAS3 and WLS antisense RNA 1
26034	0.00186	0.00065	0.5372	3.409904	1.831961	12.75	IPCEF1	interaction protein for cytohesin exchange factors 1
10742	0.00189	0.000662	0.5304	3.405021	1.8061362	13.29	RAI2	retinoic acid induced 2
105372321	0.00189	0.000662	0.4485	-3.404669	-1.526992	17.14	LOC105372321	uncharacterized LOC105372321
80705	0.0019	0.000665	0.2969	-3.403533	-1.0104612	41.17	TSGA10	testis specific 10
105375560	0.00197	0.000692	0.6945	-3.392837	-2.3563979	8.36	LOC105375560	
200315	0.00204	0.00072	0.3744	3.381872	1.2662937	23.6	APOBEC3A	apolipoprotein B mRNA editing enzyme catalytic subunit 3A
1745	0.00205	0.000723	0.4118	-3.380573	-1.3920721	19.84	DLX1	distal-less homeobox 1
400221	0.00225	0.0008	0.5877	3.352817	1.9704894	11.08	LINC03033	long intergenic non-protein coding RNA 3033
105373954	0.00225	0.0008	0.4033	-3.352725	-1.3522796	20.35	LOC105373954	uncharacterized LOC105373954
100130522	0.0024	0.000856	0.4524	-3.334089	-1.5083376	16.59	PARD6G-AS1	PARD6G antisense RNA 1
136259	0.00241	0.000862	0.4281	-3.332139	-1.4266076	20.37	KLF14	KLF transcription factor 14
5909	0.00243	0.00087	0.4317	-3.329643	-1.437433	18.42	RAP1GAP	RAP1 GTPase activating protein
105377402	0.00252	0.000902	0.6063	3.319345	2.0124907	11.06	LOC105377402	uncharacterized LOC105377402
26287	0.00255	0.000916	0.4225	3.315224	1.4006129	19.32	ANKRD2	ankyrin repeat domain 2
57447	0.00256	0.00092	0.3897	-3.31396	-1.2913659	23.88	NDRG2	NDRG family member 2
100874366	0.00261	0.000939	0.4071	-3.308142	-1.3466321	20.19	HOXC13-AS	HOXC13 antisense RNA
728224	0.00262	0.000942	0.6668	-3.307445	-2.2052554	9.21	KRTAP4-8	keratin associated protein 4-8
105379152	0.00269	0.000971	0.5502	3.298871	1.8150824	12.53	PRDM6-AS1	PRDM6 antisense RNA 1
112268416	0.0027	0.000972	0.6072	3.29859	2.0030404	10.61	LOC112268416	uncharacterized LOC112268416
401562	0.00283	0.00103	1.0119	3.283555	3.3225658	6.09	LCNL1	lipocalin like 1
7038	0.00283	0.00103	0.457	-3.283407	-1.5006088	16.31	TG	thyroglobulin
57554	0.00285	0.00103	0.3645	-3.281499	-1.1959907	26.46	LRRC7	leucine rich repeat containing 7
105377540	0.00289	0.00105	0.3056	3.277024	1.0014994	34.04	SAP30-DT	SAP30 divergent transcript
643382	0.00294	0.00107	0.3453	-3.272201	-1.1298338	26.69	TMEM253	transmembrane protein 253
107984128	0.0031	0.00113	0.4131	-3.256044	-1.3449165	19.42	LOC107984128	uncharacterized LOC107984128
105369618	0.00317	0.00116	0.6543	3.248623	2.1254425	9.74	LOC105369618	uncharacterized LOC105369618
8353	0.00323	0.00118	0.4131	-3.242535	-1.3395598	19.56	H3C6	H3 clustered histone 6
100192378	0.00324	0.00119	0.4259	3.24212	1.3807924	19.06	ZFHX4-AS1	ZFHX4 antisense RNA 1
8744	0.00327	0.0012	0.3814	-3.238591	-1.2350512	22.72	TNFSF9	TNF superfamily member 9
374403	0.00337	0.00124	0.4264	-3.230131	-1.3774404	18.36	TBC1D10C	TBC1 domain family member 10C
23555	0.00343	0.00126	0.4484	-3.224235	-1.4456377	16.87	TSPAN15	tetraspanin 15
105378969	0.00358	0.00133	0.9255	3.210311	2.9712693	6.17	LOC105378969	uncharacterized LOC105378969
284486	0.00387	0.00144	0.4723	-3.18581	-1.5046827	14.91	THEM5	thioesterase superfamily member 5
9299	0.00392	0.00146	0.4007	3.18195	1.2750556	21.28	SNORD30	small nucleolar RNA, C/D box 30
112268060	0.00397	0.00148	0.4432	-3.177795	-1.4083711	17.34	LOC112268060	uncharacterized LOC112268060
105373989	0.00399	0.00149	0.5328	3.176478	1.6925861	13.53	LOC105373989	putative cuticle collagen 91
105374771	0.00406	0.00152	0.4731	-3.170679	-1.5000589	14.92	LGALSL-DT	LGALSL divergent transcript
8367	0.00413	0.00155	0.6491	-3.165615	-2.0546892	8.98	H4C5	H4 clustered histone 5
284561	0.00428	0.00161	0.4323	3.154155	1.3634634	19.04	LINC02806	long intergenic non-protein coding RNA 2806
100507639	0.00436	0.00164	0.4135	3.148766	1.301992	19.21	LINC02432	long intergenic non-protein coding RNA 2432
94032	0.00443	0.00167	0.3406	-3.143528	-1.0707694	26.76	CAMK2N2	calcium/calmodulin dependent protein kinase II inhibitor 2
121268	0.0045	0.0017	0.3261	3.138798	1.0234106	30.87	RHEBL1	RHEB like 1
2045	0.00458	0.00173	0.9225	3.132852	2.8901145	6.19	EPHA7	EPH receptor A7
105378828	0.00473	0.00179	0.4654	-3.122816	-1.4533548	16.81	CLCA4-AS1	CLCA4 antisense RNA 1
101927258	0.00487	0.00184	0.4161	3.114155	1.29582	19.52	LINC01474	long intergenic non-protein coding RNA 1474
105375563	0.00487	0.00185	0.5899	-3.114104	-1.8368732	10.77	REPIN1-AS1	REPIN1 antisense RNA 1
414235	0.00489	0.00186	0.3607	3.112366	1.1225134	30.48	DIP2C-AS1	DIP2C antisense RNA 1
2719	0.00492	0.00187	0.5673	3.11041	1.7645388	11.54	GPC3	glypican 3
90342	0.00497	0.00189	0.4127	-3.10764	-1.2824492	19.12	FER1L5	fer-1 like family member 5
3859	0.00499	0.0019	0.7011	-3.106066	-2.1775625	8.18	KRT12	keratin 12
112268022	0.00519	0.00198	0.3987	-3.093505	-1.2335206	21.11	LOC112268022	uncharacterized LOC112268022
148113	0.00527	0.00202	0.355	-3.088002	-1.0962374	29.94	CILP2	cartilage intermediate layer protein 2
6750	0.00531	0.00203	0.4862	3.085708	1.5001429	14.84	SST	somatostatin
151449	0.00534	0.00204	0.3505	3.083995	1.080993	26.36	GDF7	growth differentiation factor 7
8341	0.00538	0.00206	0.4002	-3.081639	-1.23325	20.24	H2BC15	H2B clustered histone 15
23542	0.00542	0.00207	0.4196	-3.079576	-1.2922655	21.15	MAPK8IP2	mitogen-activated protein kinase 8 interacting protein 2
107987401	0.00553	0.00212	0.6541	-3.072581	-2.0098825	8.54	LOC107987401	uncharacterized LOC107987401
105221694	0.0056	0.00215	0.6211	-3.068555	-1.905946	9.8	BISPR	BST2 interferon stimulated positive regulator
9302	0.00564	0.00217	0.359	3.06633	1.100868	25.57	SNORD26	small nucleolar RNA, C/D box 26
1438	0.00578	0.00223	0.4323	-3.058303	-1.3219571	20.11	CSF2RA	colony stimulating factor 2 receptor subunit alpha
105370068	0.00579	0.00223	0.3469	-3.057709	-1.0606649	26.5	LOC105370068	uncharacterized LOC105370068
414194	0.0058	0.00223	0.5046	-3.057206	-1.5426813	13.27	CCNYL2	cyclin Y like 2 (pseudogene)
100289230	0.00581	0.00224	0.3356	-3.056178	-1.0255495	27.82	LOC100289230	uncharacterized LOC100289230
102724474	0.00613	0.00238	0.5295	-3.038597	-1.6088738	12.57	LOC102724474	WAS/WASL-interacting protein family member 2-like
23037	0.00617	0.00239	0.378	-3.036867	-1.1480699	23.35	PDZD2	PDZ domain containing 2
84612	0.00618	0.0024	0.4888	-3.035998	-1.4839167	14.3	PARD6B	par-6 family cell polarity regulator beta
100533111	0.00633	0.00246	0.4324	3.027996	1.3091581	18.2	ZNF670-ZNF695	ZNF670-ZNF695 readthrough (NMD candidate)
100128327	0.00635	0.00247	0.5979	-3.027152	-1.8097967	10.14	TRAPPC3L	trafficking protein particle complex subunit 3L
105378085	0.0064	0.00249	0.6272	-3.024858	-1.8973348	10.09	LOC105378085	uncharacterized LOC105378085
105373411	0.00641	0.00249	0.4582	-3.024115	-1.385526	15.68	LOC105373411	uncharacterized LOC105373411
283284	0.00647	0.00252	0.4367	-3.021248	-1.3193355	17.06	IGSF22	immunoglobulin superfamily member 22
105369748	0.00647	0.00252	0.3555	-3.021073	-1.0739938	28.26	RPAP3-DT	RPAP3 divergent transcript
3234	0.00652	0.00254	0.5273	3.018419	1.5915697	14.83	HOXD8	homeobox D8
7134	0.00652	0.00254	0.4341	3.018427	1.3102256	18.08	TNNC1	troponin C1, slow skeletal and cardiac type
144347	0.00655	0.00256	0.6391	-3.016662	-1.9278765	8.79	RFLNA	refilin A
644554	0.00665	0.0026	0.3985	-3.011837	-1.2002211	20.57	LOC644554	uncharacterized LOC644554
101929756	0.00683	0.00267	0.3391	3.002904	1.0181937	31.01	LOC101929756	uncharacterized LOC101929756
115795	0.00688	0.00269	0.477	3.000588	1.431284	15.94	FANCD2OS	FANCD2 opposite strand
100874530	0.00713	0.00281	0.4079	2.988326	1.2188897	20.48	APOBEC3B-AS1	APOBEC3B antisense RNA 1
284716	0.00725	0.00285	0.7984	-2.983018	-2.3817309	6.53	RIMKLA	ribosomal modification protein rimK like family member A
25849	0.00728	0.00287	0.4772	-2.981473	-1.4226845	14.8	PARM1	prostate androgen-regulated mucin-like protein 1
112268279	0.00731	0.00288	0.4468	-2.980029	-1.3315016	16.21	LOC112268279	
101927402	0.00733	0.00289	0.6076	-2.979129	-1.8101764	9.62	AFTPH-DT	AFTPH divergent transcript
101929703	0.00743	0.00293	0.5058	-2.974571	-1.5045553	14.66	LOC101929703	uncharacterized LOC101929703
50632	0.0075	0.00296	0.4141	-2.971393	-1.2304694	20.65	CALY	calcyon neuron specific vesicular protein
653190	0.00752	0.00297	0.5516	-2.970697	-1.6387607	11.49	ABCC6P1	ATP binding cassette subfamily C member 6 pseudogene 1
2868	0.0081	0.00323	0.3441	-2.945273	-1.0134706	27.45	GRK4	G protein-coupled receptor kinase 4
107986569	0.0082	0.00327	0.4184	-2.940892	-1.2304057	18.81	LOC107986569	
8348	0.00832	0.00333	0.4551	-2.93581	-1.3359987	15.54	H2BC17	H2B clustered histone 17
101927901	0.00849	0.0034	0.4844	-2.92894	-1.4188409	15.51	LINC02421	long intergenic non-protein coding RNA 2421
25837	0.00855	0.00343	0.3774	-2.926385	-1.1044813	22.12	RAB26	RAB26, member RAS oncogene family
8638	0.00861	0.00345	0.4782	-2.924278	-1.3982936	14.38	OASL	2'-5'-oligoadenylate synthetase like
105371050	0.0088	0.00354	0.3879	2.916629	1.1312383	22.34	LOC105371050	uncharacterized LOC105371050
85366	0.00903	0.00364	0.6951	2.908135	2.0213613	7.98	MYLK2	myosin light chain kinase 2
101927604	0.0092	0.00372	0.4169	-2.901123	-1.2095644	19.73	LOC101927604	uncharacterized LOC101927604
374977	0.0093	0.00376	0.5523	2.897791	1.6004349	11.91	MROH7	maestro heat like repeat family member 7
338094	0.0093	0.00376	0.3561	2.897502	1.0316972	24.98	FAM151A	family with sequence similarity 151 member A
3854	0.0094	0.0038	0.7369	2.894067	2.132733	7.3	KRT6B	keratin 6B
286887	0.0094	0.0038	0.7369	2.894067	2.132733	7.3	KRT6C	keratin 6C
102723775	0.00988	0.00402	0.4272	-2.876767	-1.2288342	18.67	LINC01315	long intergenic non-protein coding RNA 1315
554235	0.0101	0.00412	0.5946	-2.869086	-1.7060443	11.08	ASPDH	aspartate dehydrogenase domain containing
7681	0.0101	0.00413	0.6121	2.868042	1.7556026	10.22	MKRN3	makorin ring finger protein 3
102723752	0.0102	0.00415	0.6446	2.866379	1.8476023	8.83	LOC102723752	uncharacterized LOC102723752
105377212	0.0104	0.00427	0.4388	-2.857375	-1.2538107	17.18	LOC105377212	uncharacterized LOC105377212
5800	0.0106	0.00433	0.4274	-2.852863	-1.2191998	20.85	PTPRO	protein tyrosine phosphatase receptor type O
102724081	0.011	0.00454	0.4665	-2.83791	-1.3238779	16.01	LOC102724081	uncharacterized LOC102724081
105379080	0.0112	0.0046	0.7747	2.833598	2.195272	7.09	LOC105379080	uncharacterized LOC105379080
619499	0.0112	0.00462	0.4858	2.832698	1.3760463	16.01	SNORA27	small nucleolar RNA, H/ACA box 27
100129583	0.0113	0.00465	0.502	-2.830097	-1.4206298	14.13	FAM47E	family with sequence similarity 47 member E
107987343	0.0118	0.00488	0.6528	-2.814878	-1.8375747	8.37	LOC107987343	uncharacterized LOC107987343
22996	0.0119	0.00497	0.4383	-2.809189	-1.2313905	17.02	TTC39A	tetratricopeptide repeat domain 39A
105373289	0.0125	0.00522	0.6138	-2.793064	-1.7144837	9.2	LOC105373289	LOC105373289
55086	0.0126	0.00525	0.6715	2.790974	1.8740846	8.65	RADX	RPA1 related single stranded DNA binding protein, X-linked
162282	0.0126	0.00527	0.3846	-2.790229	-1.0730751	21.81	ANKFN1	ankyrin repeat and fibronectin type III domain containing 1
105373583	0.013	0.00546	0.525	-2.778838	-1.4589601	12.02	LOC105373583	uncharacterized LOC105373583
285335	0.0133	0.00558	0.4194	-2.77141	-1.1622134	18.59	SLC9C1	solute carrier family 9 member C1
3902	0.0136	0.00572	0.4866	2.763691	1.3447121	14.39	LAG3	lymphocyte activating 3
8330	0.0141	0.00598	0.5803	-2.749058	-1.5951986	10.34	H2AC15	H2A clustered histone 15
5354	0.0145	0.00618	0.4829	2.737874	1.3220559	14.82	PLP1	proteolipid protein 1
105376369	0.0146	0.0062	0.5496	2.737079	1.5041976	11.35	LOC105376369	uncharacterized LOC105376369
644168	0.0146	0.00621	0.5136	-2.73627	-1.4054839	12.39	DRGX	dorsal root ganglia homeobox
341	0.0146	0.00622	0.4639	2.73605	1.2691612	15.25	APOC1	apolipoprotein C1
112268122	0.0147	0.00628	0.5614	-2.732707	-1.5341162	10.95	LOC112268122	
23491	0.0149	0.00634	0.5796	-2.729574	-1.5820317	10.38	CES3	carboxylesterase 3
9301	0.0149	0.00636	0.3717	2.728387	1.0140731	25.82	SNORD27	small nucleolar RNA, C/D box 27
9935	0.015	0.00639	0.4375	-2.727264	-1.1932187	18.96	MAFB	MAF bZIP transcription factor B
100008588	0.015	0.00641	0.3936	-2.726193	-1.0730692	2378.91	RNA18SN5	RNA, 18S ribosomal N5
100113384	0.0152	0.00652	0.3807	-2.72055	-1.0356975	23.27	SNORD123	small nucleolar RNA, C/D box 123
1439	0.0154	0.00661	0.39	-2.715735	-1.059109	20.84	CSF2RB	colony stimulating factor 2 receptor subunit beta
106631781	0.0157	0.00673	0.4001	-2.709735	-1.0840393	2389.52	RNA18SN1	RNA, 18S ribosomal N1
5273	0.0157	0.00675	0.4222	-2.709054	-1.1436338	17.64	SERPINB10	serpin family B member 10
340547	0.0161	0.00695	0.5179	-2.699181	-1.3979471	12.48	VSIG1	V-set and immunoglobulin domain containing 1
107984791	0.0161	0.00696	0.5234	-2.698777	-1.4125458	12.45	LOC107984791	uncharacterized LOC107984791
105370532	0.0162	0.00699	0.5189	-2.697313	-1.3997484	13.35	LOC105370532	uncharacterized LOC105370532
105373449	0.0165	0.00712	0.5177	2.691372	1.3932489	12.87	LOC105373449	uncharacterized LOC105373449
56130	0.0168	0.00728	0.3809	-2.683915	-1.022425	22.48	PCDHB6	protocadherin beta 6
2925	0.0171	0.00742	0.6901	2.677486	1.8477765	7.93	GRPR	gastrin releasing peptide receptor
2334	0.0172	0.00748	0.3869	2.674641	1.0347352	22.47	AFF2	ALF transcription elongation factor 2
116534	0.0177	0.00772	0.6596	-2.664026	-1.7571159	8.4	MRGPRE	MAS related GPR family member E
91370	0.0179	0.00782	0.4224	-2.659767	-1.1233691	18.1	LIF-AS2	LIF antisense RNA 2
100101266	0.0181	0.0079	0.5244	-2.656259	-1.3929841	12.07	HAVCR1P1	hepatitis A virus cellular receptor 1 pseudogene 1
2306	0.0184	0.00802	0.47	2.651394	1.2460614	15.43	FOXD2	forkhead box D2
109729164	0.0185	0.00807	0.495	-2.649321	-1.3114745	13.66	LINC02234	long intergenic non-protein coding RNA 2234
105372639	0.0185	0.00808	0.4497	2.64862	1.1910643	16.5	LOC105372639	uncharacterized LOC105372639
107985285	0.0187	0.00819	0.4066	-2.643964	-1.0750668	19.34	LOC107985285	uncharacterized LOC107985285
101928504	0.0189	0.00826	0.4243	-2.641317	-1.1207952	18.63	GTF2A1-AS1	GTF2A1 antisense RNA 1
105377742	0.0192	0.0084	0.5078	-2.635457	-1.3383056	13.67	LOC105377742	uncharacterized LOC105377742
1001	0.0194	0.00853	0.4469	2.630312	1.1755121	17.05	CDH3	cadherin 3
105377887	0.0195	0.00856	0.5411	2.628987	1.4226754	11.61	LOC105377887	
646324	0.0197	0.00868	0.463	2.62443	1.2152033	15.1	LINC00607	long intergenic non-protein coding RNA 607
109864273	0.0198	0.00873	0.3984	-2.622555	-1.0447843	2608.89	RNA18SN4	RNA, 18S pre-ribosomal N4
109864280	0.0199	0.00875	0.4031	-2.621606	-1.0566777	2604.63	RNA18SN2	RNA, 18S ribosomal N2
101927897	0.0202	0.00891	0.532	2.615428	1.3914854	12.11	LOC101927897	uncharacterized LOC101927897
109910380	0.0204	0.00902	0.3986	-2.611272	-1.0408945	2609.71	RNA18SN3	RNA, 18S ribosomal N3
10317	0.0212	0.00941	0.493	2.596627	1.2802225	13.83	B3GALT5	beta-1,3-galactosyltransferase 5
107986206	0.0213	0.00947	0.3954	-2.594571	-1.0258852	22.2	LRP2BP-AS1	LRP2BP antisense RNA 1
112268236	0.0216	0.00961	0.5293	-2.589444	-1.3707178	11.94	LOC112268236	
3663	0.0227	0.0102	0.4628	-2.569718	-1.1891806	14.99	IRF5	interferon regulatory factor 5
121504	0.0229	0.0103	0.5829	-2.566134	-1.4958327	9.98	H4C16	H4 histone 16
100126311	0.023	0.0103	0.6242	-2.564786	-1.6008613	9.04	MIR147B	microRNA 147b
1821	0.0231	0.0104	0.4184	2.562972	1.0723682	18.42	DRP2	dystrophin related protein 2
107985014	0.0234	0.0105	0.5136	-2.558993	-1.314347	12.52	LOC107985014	uncharacterized LOC107985014
129881	0.0238	0.0107	0.4191	-2.552405	-1.0696375	22.42	CFAP210	cilia and flagella associated protein 210
112267910	0.0258	0.0117	0.5209	-2.52045	-1.3129668	11.95	LOC112267910	NACHT, LRR and PYD domains-containing protein 10-like
6004	0.0259	0.0117	0.5408	-2.519943	-1.3628961	11.41	RGS16	regulator of G protein signaling 16
8808	0.0261	0.0118	0.706	2.516656	1.776815	7.51	IL1RL2	interleukin 1 receptor like 2
128229	0.0263	0.012	0.4415	-2.513513	-1.1095957	16.68	TSACC	TSSK6 activating cochaperone
389641	0.0265	0.0121	0.6021	-2.510044	-1.511196	10.15	TNFRSF10A-DT	TNFRSF10A divergent transcript
767	0.0272	0.0124	0.605	-2.50038	-1.5127155	9.63	CA8	carbonic anhydrase 8
64137	0.0273	0.0125	0.5492	2.497694	1.3716358	11.58	ABCG4	ATP binding cassette subfamily G member 4
102724881	0.0274	0.0125	0.405	2.496554	1.0111345	19.97	LOC102724881	
85474	0.0276	0.0127	0.4215	2.493189	1.0509984	18.03	LBX2	ladybird homeobox 2
145873	0.0281	0.0129	0.6932	2.486798	1.7238598	7.8	MESP2	mesoderm posterior bHLH transcription factor 2
574042	0.0281	0.0129	0.441	2.486865	1.0966928	17.73	SNORA10	small nucleolar RNA, H/ACA box 10
101929402	0.0292	0.0135	0.6697	-2.471509	-1.655244	7.83	EXTL3-AS1	EXTL3 antisense RNA 1
101929127	0.0293	0.0135	0.4371	-2.469659	-1.0794751	16.32	PGM5P3-AS1	PGM5P3 antisense RNA 1
30812	0.0296	0.0137	0.612	-2.465331	-1.5087806	9.03	SOX8	SRY-box transcription factor 8
27123	0.0307	0.0143	0.5226	-2.450208	-1.2803566	11.7	DKK2	dickkopf WNT signaling pathway inhibitor 2
105370000	0.0308	0.0143	0.4888	-2.449386	-1.1972641	13.59	TBX3-AS1	TBX3 antisense RNA 1
50506	0.031	0.0144	0.59	2.446601	1.4435672	10.15	DUOX2	dual oxidase 2
105374118	0.0312	0.0145	0.5205	-2.443937	-1.2719543	12.51	LOC105374118	uncharacterized LOC105374118
100631378	0.0313	0.0146	0.5756	-2.443341	-1.4064282	10.48	WDR87BP	WD repeat domain 87B, pseudogene
3201	0.0317	0.0148	0.4179	2.437734	1.0186427	21.47	HOXA4	homeobox A4
1193	0.0327	0.0153	0.6339	-2.425367	-1.5374948	8.9	CLIC2	chloride intracellular channel 2
10517	0.0329	0.0154	0.497	-2.42228	-1.2037791	13.2	FBXW10	F-box and WD repeat domain containing 10
221262	0.0329	0.0154	0.4505	-2.422212	-1.0912634	15.34	CCDC162P	coiled-coil domain containing 162, pseudogene
102723798	0.0333	0.0156	0.5509	-2.417855	-1.3319219	11.26	LOC102723798	uncharacterized LOC102723798
8792	0.0335	0.0157	0.5954	2.414707	1.437678	10.05	TNFRSF11A	TNF receptor superfamily member 11a
105370114	0.0338	0.0159	0.5173	-2.41129	-1.2473204	13.08	LOC105370114	
733	0.034	0.016	0.564	-2.408914	-1.3586458	10.65	C8G	complement C8 gamma chain
54894	0.0346	0.0163	0.6142	2.402602	1.4756671	9.04	RNF43	ring finger protein 43
100996758	0.0351	0.0166	0.5414	2.395951	1.2972542	11.26	NPY4R2	neuropeptide Y receptor Y4-2
400604	0.0353	0.0167	0.5206	-2.393255	-1.245843	12.14	TOB1-AS1	TOB1 antisense RNA 1
4985	0.0356	0.0169	0.6073	-2.389717	-1.4513811	9.05	OPRD1	opioid receptor delta 1
100128071	0.0364	0.0173	0.4251	-2.381117	-1.0122716	17.67	FAM229A	family with sequence similarity 229 member A
145241	0.0366	0.0174	0.6227	-2.378703	-1.4812297	9.59	ADAM21P1	ADAM metallopeptidase domain 21 pseudogene 1
107984088	0.0374	0.0178	0.4779	-2.36969	-1.1325674	14.16	LOC107984088	uncharacterized LOC107984088
107987344	0.0386	0.0184	0.6523	-2.357041	-1.5375584	8.35	LOC107987344	
60680	0.0393	0.0188	0.5176	-2.348822	-1.2156777	12.03	CELF5	CUGBP Elav-like family member 5
9535	0.0397	0.019	0.5309	2.345418	1.2451573	11.79	GMFG	glia maturation factor gamma
107987338	0.0398	0.0191	0.5703	2.343806	1.3366709	11.1	LOC107987338	uncharacterized LOC107987338
100127888	0.04	0.0192	0.5433	-2.341383	-1.2720035	10.95	SLCO4A1-AS1	SLCO4A1 antisense RNA 1
79836	0.0403	0.0193	0.4896	-2.339101	-1.1452683	15.44	LONRF3	LON peptidase N-terminal domain and ring finger 3
375791	0.0406	0.0195	0.5125	-2.336048	-1.1972969	12.46	CYSRT1	cysteine rich tail 1
105378481	0.0406	0.0195	0.6051	-2.335398	-1.4132168	9.32	DUSP5-DT	DUSP5 divergent transcript
100628307	0.0413	0.0199	0.5382	-2.328686	-1.2533549	11.27	DIO2-AS1	DIO2 antisense RNA 1
107986291	0.0417	0.0201	0.4955	-2.324797	-1.1520373	13.11	LOC107986291	
174	0.0423	0.0204	0.5824	-2.318302	-1.350121	9.79	AFP	alpha fetoprotein
6688	0.0426	0.0206	0.4709	-2.315594	-1.0903972	14.57	SPI1	Spi-1 proto-oncogene
9348	0.0432	0.0209	0.4987	-2.309832	-1.1518854	13.4	NDST3	N-deacetylase and N-sulfotransferase 3
407009	0.0435	0.0211	0.5411	-2.306992	-1.2482034	10.89	MIR224	microRNA 224
399668	0.044	0.0213	0.5047	-2.302068	-1.1617455	12.89	SMIM10L2A	small integral membrane protein 10 like 2A
5540	0.0444	0.0216	0.4826	2.297698	1.1087799	13.66	NPY4R	neuropeptide Y receptor Y4
107984984	0.0449	0.0219	0.5324	2.292836	1.2206422	12.66	LOC107984984	
644634	0.0462	0.0225	0.4642	-2.281358	-1.0590957	14.64	LOC644634	uncharacterized LOC644634
161725	0.0463	0.0226	0.4695	2.280118	1.0704353	16.21	OTUD7A	OTU deubiquitinase 7A
105376244	0.0479	0.0234	0.4752	-2.266156	-1.0769851	14.3	LOC105376244	uncharacterized LOC105376244
100133612	0.048	0.0235	0.562	-2.264748	-1.2728627	10.38	LINC01134	long intergenic non-protein coding RNA 1134
3012	0.0486	0.0239	0.5728	-2.25952	-1.2942243	10.37	H2AC8	H2A clustered histone 8
101928483	0.0491	0.0241	0.5309	-2.255342	-1.1973709	11.6	NALT1	NOTCH1 associated lncRNA in T cell acute lymphoblastic leukemia 1
257000	0.0493	0.0243	0.496	-2.252801	-1.1173079	14.22	TINCR	TINCR ubiquitin domain containing
653140	0.0494	0.0243	0.537	2.252016	1.209395	12.54	FAM228A	family with sequence similarity 228 member A
55065	0.0494	0.0243	0.4495	-2.252028	-1.0123831	16.45	SLC52A1	solute carrier family 52 member 1
100129726	0.0499	0.0246	0.4958	-2.247924	-1.1144117	13.5	LINC01126	long intergenic non-protein coding RNA 1126
